{
  "features": [
    {
      "geometry": {
        "coordinates": [
          -76.4901692,
          3.4205777
        ],
        "type": "Point"
      },
      "properties": {
        "barrio": "Poblado 2",
        "contacto": "Mayerli — +57 312 6130464",
        "departamento": "Valle del Cauca",
        "direccion": "Poblado 2",
        "estado": "activo",
        "fecha_corte": "2026-08-21T20:18:08Z",
        "fuente": "aqui-hace-falta",
        "fuente_url": "https://aqui-hace-falta.web.app/",
        "id": "aqui-hace-falta-01a98ae392",
        "municipio": "Cali",
        "necesita": [
          "Otras necesidades",
          "Remoción de escombros"
        ],
        "nombre": "Se necesitan colchonetas y cobijas!!",
        "tipo": "necesidad",
        "verificado": true
      },
      "type": "Feature"
    },
    {
      "geometry": {
        "coordinates": [
          -76.536979,
          3.4218678
        ],
        "type": "Point"
      },
      "properties": {
        "barrio": "Capri",
        "contacto": "Luz Dary — 3105068002",
        "departamento": "Valle del Cauca",
        "direccion": "Cra. 77N #10a - 27",
        "estado": "activo",
        "fecha_corte": "2026-08-21T20:18:08Z",
        "fuente": "aqui-hace-falta",
        "fuente_url": "https://aqui-hace-falta.web.app/",
        "id": "aqui-hace-falta-02ed8b55e8",
        "municipio": "Cali",
        "necesita": [
          "Almohadas, sábanas (faltan 100 unidades)",
          "Alojamiento",
          "Colchonetas, cobijas (faltan 100 unidades)",
          "Kit de aseo (champú, toalla) (faltan 100 unidades)",
          "Kit de aseo (crema dental, cepillo, jabón, papel higiénico, jabón) (faltan 100 unidades)",
          "Medicamentos",
          "Otras necesidades",
          "Ropa"
        ],
        "nombre": "Albergue en Capri",
        "tipo": "albergue",
        "verificado": true
      },
      "type": "Feature"
    },
    {
      "geometry": {
        "coordinates": [
          -76.5361552,
          3.4424578
        ],
        "type": "Point"
      },
      "properties": {
        "barrio": "San bosco",
        "contacto": "Bryan Morcillo Perdomo — WhatsApp 3154432006",
        "departamento": "Valle del Cauca",
        "direccion": "Calle 6 # 13-81",
        "estado": "activo",
        "fecha_corte": "2026-08-21T20:18:08Z",
        "fuente": "aqui-hace-falta",
        "fuente_url": "https://aqui-hace-falta.web.app/",
        "id": "aqui-hace-falta-0ca7b716e7",
        "municipio": "Cali",
        "necesita": [
          "Donaciones en efectivo",
          "Mano de obra",
          "Remoción de escombros",
          "Voluntarios de apoyo (faltan 3 personas)"
        ],
        "nombre": "Casa en mal estado",
        "tipo": "rescate",
        "verificado": true
      },
      "type": "Feature"
    },
    {
      "geometry": {
        "coordinates": [
          -76.53803050518037,
          3.4409105512783293
        ],
        "type": "Point"
      },
      "properties": {
        "barrio": "Comuna 3",
        "contacto": "https://www.instagram.com/casasotaventocali/ — WhatsApp https://www.instagram.com/casasotaventocali/",
        "departamento": "Valle del Cauca",
        "direccion": "Carrera 22 #4-39 - Casa Cultural Sotavento",
        "estado": "activo",
        "fecha_corte": "2026-08-21T20:18:08Z",
        "fuente": "aqui-hace-falta",
        "fuente_url": "https://aqui-hace-falta.web.app/",
        "id": "aqui-hace-falta-15cd50211e",
        "municipio": "Cali",
        "necesita": [
          "Agua (faltan 1000 unidades)",
          "Agua potable",
          "Alimentos",
          "Elementos para el refugio y descanso (faltan 1000 unidades)",
          "Enlatados (faltan 1000 unidades)",
          "Medicamentos, alcohol, gasa, etc. (faltan 1000 unidades)",
          "Ropa"
        ],
        "nombre": "Centro de Acopio para Buenaventura y Chocó - Casa Cultural Sotavento",
        "tipo": "acopio",
        "verificado": true
      },
      "type": "Feature"
    },
    {
      "geometry": {
        "coordinates": [
          -76.57059690562677,
          3.5201400492285018
        ],
        "type": "Point"
      },
      "properties": {
        "barrio": "La Olga",
        "contacto": "Claudia Jhoana Gómez Gómez — +573145826685",
        "departamento": "Valle del Cauca",
        "direccion": "La Olga",
        "estado": "activo",
        "fecha_corte": "2026-08-21T20:18:08Z",
        "fuente": "aqui-hace-falta",
        "fuente_url": "https://aqui-hace-falta.web.app/",
        "id": "aqui-hace-falta-160c68a298",
        "municipio": "Cali",
        "necesita": [
          "Alimentos",
          "Donaciones en efectivo",
          "Herramientas",
          "Mano de obra",
          "Ropa"
        ],
        "nombre": "Corregimiento la Olga se necesita material para reconstruir casa",
        "tipo": "rescate",
        "verificado": true
      },
      "type": "Feature"
    },
    {
      "geometry": {
        "coordinates": [
          -76.57098889300612,
          3.520168070688273
        ],
        "type": "Point"
      },
      "properties": {
        "barrio": "Corregimiento la paz",
        "contacto": "Orfelina Gómez chito — +573114177364",
        "departamento": "Valle del Cauca",
        "direccion": "Corregímiento la paz",
        "estado": "cerrado",
        "fecha_corte": "2026-08-21T20:18:08Z",
        "fuente": "aqui-hace-falta",
        "fuente_url": "https://aqui-hace-falta.web.app/",
        "id": "aqui-hace-falta-167085d63b",
        "municipio": "Cali",
        "necesita": [
          "Alimentos",
          "Herramientas",
          "Ropa"
        ],
        "nombre": "Corregimiento la paz",
        "tipo": "rescate",
        "verificado": true
      },
      "type": "Feature"
    },
    {
      "geometry": {
        "coordinates": [
          -76.5481536,
          3.4073128
        ],
        "type": "Point"
      },
      "properties": {
        "barrio": "Cuarto de Legua",
        "contacto": "Anon",
        "departamento": "Valle del Cauca",
        "direccion": "Calle 4 #60A",
        "estado": "activo",
        "fecha_corte": "2026-08-21T20:18:08Z",
        "fuente": "aqui-hace-falta",
        "fuente_url": "https://aqui-hace-falta.web.app/",
        "id": "aqui-hace-falta-1b5fff18f5",
        "municipio": "Cali",
        "necesita": [
          "Almohadas (faltan 50 unidades)",
          "Alojamiento",
          "Cobijas (faltan 50 personas)",
          "Colchonetas (faltan 50 unidades)",
          "Elementos de aseo (faltan 50 unidades)",
          "Medicamentos",
          "Ropa"
        ],
        "nombre": "Recibimos ayudas en las carpas azules",
        "tipo": "rescate",
        "verificado": true
      },
      "type": "Feature"
    },
    {
      "geometry": {
        "coordinates": [
          -76.53505325317384,
          3.3979316710890015
        ],
        "type": "Point"
      },
      "properties": {
        "barrio": "Sur de Cali",
        "contacto": "Nataly Fernandez — WhatsApp 302 453 9953",
        "departamento": "Valle del Cauca",
        "direccion": "zona sur cali",
        "estado": "activo",
        "fecha_corte": "2026-08-21T20:18:08Z",
        "fuente": "aqui-hace-falta",
        "fuente_url": "https://aqui-hace-falta.web.app/",
        "id": "aqui-hace-falta-29f71cd05e",
        "municipio": "Cali",
        "necesita": [
          "Apoyo logístico",
          "Donaciones en efectivo",
          "Se recogen en donde informen para cualquier zona SUR",
          "Transporte"
        ],
        "nombre": "Distribución de ayudas en zona SUR",
        "tipo": "acopio",
        "verificado": true
      },
      "type": "Feature"
    },
    {
      "geometry": {
        "coordinates": [
          -76.5450985102305,
          3.3407438547487103
        ],
        "type": "Point"
      },
      "properties": {
        "barrio": "Pance",
        "contacto": "PARTICIPACIÓN CIUDADANA",
        "departamento": "Valle del Cauca",
        "direccion": "Calle 5 # 122-21",
        "estado": "activo",
        "fecha_corte": "2026-08-21T20:18:08Z",
        "fuente": "aqui-hace-falta",
        "fuente_url": "https://aqui-hace-falta.web.app/",
        "id": "aqui-hace-falta-2ac72ab8cd",
        "municipio": "Cali",
        "necesita": [
          "Agua embotellada (faltan 50000 unidades)",
          "Agua potable",
          "Alimentos",
          "Apoyo logístico",
          "Baños Móviles (faltan 10 unidades)",
          "Cascos, Linternas de cabeza, guantes de construcción, linternas normales (faltan 5000 unidades)",
          "Clasificación de donaciones",
          "Colchonetas, Bolsas (faltan 5000 unidades)",
          "Comida preparada tipo sandwich (faltan 100 unidades)",
          "Dulces, Víveres, Electrolit (faltan 1000 unidades)",
          "Gasas, Tapabocas, Vendas, Alcohol (faltan 50000 unidades)",
          "Medicamentos",
          "Sábanas, Cobijas, Ropa adultos y niños (faltan 5000 unidades)",
          "Voluntariado"
        ],
        "nombre": "COLEGIO BOLÍVAR",
        "tipo": "acopio",
        "verificado": true
      },
      "type": "Feature"
    },
    {
      "geometry": {
        "coordinates": [
          -76.532,
          3.4516
        ],
        "type": "Point"
      },
      "properties": {
        "barrio": "Monte redondo",
        "contacto": "Diego Felipe sanchez lopez — 3147265815",
        "departamento": "",
        "direccion": "Vía sn1290caserio monteredondo rural Dagua valle",
        "estado": "activo",
        "fecha_corte": "2026-08-21T20:18:08Z",
        "fuente": "aqui-hace-falta",
        "fuente_url": "https://aqui-hace-falta.web.app/",
        "id": "aqui-hace-falta-2b58d44737",
        "municipio": "",
        "necesita": [
          "Alimentos",
          "Alojamiento",
          "Donaciones en efectivo",
          "Remoción de escombros",
          "Ropa"
        ],
        "nombre": "Perdimos todo",
        "tipo": "rescate",
        "verificado": true
      },
      "type": "Feature"
    },
    {
      "geometry": {
        "coordinates": [
          -76.4902710914612,
          3.4209364213197353
        ],
        "type": "Point"
      },
      "properties": {
        "barrio": "San Fernando",
        "contacto": "Anon",
        "departamento": "Valle del Cauca",
        "direccion": "Cra 28D #72W-14",
        "estado": "activo",
        "fecha_corte": "2026-08-21T20:18:08Z",
        "fuente": "aqui-hace-falta",
        "fuente_url": "https://aqui-hace-falta.web.app/",
        "id": "aqui-hace-falta-2e3b7ee593",
        "municipio": "Cali",
        "necesita": [
          "Cascos y herramientas (faltan 10 unidades)",
          "Colapso de infraestructura",
          "Remoción de escombros",
          "Rescate de personas atrapadas",
          "Voluntarios de apoyo (faltan 10 personas)"
        ],
        "nombre": "Notaria 20 - Remover escombros",
        "tipo": "rescate",
        "verificado": true
      },
      "type": "Feature"
    },
    {
      "geometry": {
        "coordinates": [
          -76.4901692,
          3.4205777
        ],
        "type": "Point"
      },
      "properties": {
        "barrio": "El Poblado",
        "contacto": "Anon",
        "departamento": "Valle del Cauca",
        "direccion": "El Poblado",
        "estado": "activo",
        "fecha_corte": "2026-08-21T20:18:08Z",
        "fuente": "aqui-hace-falta",
        "fuente_url": "https://aqui-hace-falta.web.app/",
        "id": "aqui-hace-falta-2e4d6928f1",
        "municipio": "Cali",
        "necesita": [
          "Remoción de escombros",
          "Voluntarios para remover escombros (faltan 10 personas)"
        ],
        "nombre": "Levantar escombros - El Poblado",
        "tipo": "necesidad",
        "verificado": true
      },
      "type": "Feature"
    },
    {
      "geometry": {
        "coordinates": [
          -76.5412,
          3.4325
        ],
        "type": "Point"
      },
      "properties": {
        "barrio": "Palmira y Pradera",
        "contacto": "Fundacion 7 estrellas — WhatsApp https://www.instagram.com/fundacion7estrellas?igsh=ZzFvM3phdWgxZTU2\u0026igsi=ZzFvM3phdWgxZTU2",
        "departamento": "Valle del Cauca",
        "direccion": "Palmira y Pradera",
        "estado": "activo",
        "fecha_corte": "2026-08-21T20:18:08Z",
        "fuente": "aqui-hace-falta",
        "fuente_url": "https://aqui-hace-falta.web.app/",
        "id": "aqui-hace-falta-2e87cef95b",
        "municipio": "Cali",
        "necesita": [
          "Agua potable",
          "Alimentos",
          "Apoyo logístico",
          "Clasificación de donaciones",
          "Donaciones en efectivo",
          "Herramientas",
          "Otras necesidades",
          "Voluntariado",
          "Voluntarios de apoyo (faltan 10 personas)"
        ],
        "nombre": "DONACIONES SI ESTAS FUERA O DENTRO DE COLOMBIA",
        "tipo": "acopio",
        "verificado": true
      },
      "type": "Feature"
    },
    {
      "geometry": {
        "coordinates": [
          -76.549834,
          3.4075024
        ],
        "type": "Point"
      },
      "properties": {
        "barrio": "Cuarto de Legua",
        "contacto": "Anon",
        "departamento": "Valle del Cauca",
        "direccion": "Carrera 58 #3-138",
        "estado": "activo",
        "fecha_corte": "2026-08-21T20:18:08Z",
        "fuente": "aqui-hace-falta",
        "fuente_url": "https://aqui-hace-falta.web.app/",
        "id": "aqui-hace-falta-2ff3e80d6e",
        "municipio": "Cali",
        "necesita": [
          "Voluntariado",
          "Voluntarios de apoyo (faltan 10 personas)"
        ],
        "nombre": "Voluntarios - Cuarto de Legua",
        "tipo": "rescate",
        "verificado": true
      },
      "type": "Feature"
    },
    {
      "geometry": {
        "coordinates": [
          -76.549824,
          3.4176422
        ],
        "type": "Point"
      },
      "properties": {
        "barrio": "El lido",
        "contacto": "Víctor Martínez — WhatsApp 3016262677",
        "departamento": "Valle del Cauca",
        "direccion": "Carrera 48 # 4 -163",
        "estado": "activo",
        "fecha_corte": "2026-08-21T20:18:08Z",
        "fuente": "aqui-hace-falta",
        "fuente_url": "https://aqui-hace-falta.web.app/",
        "id": "aqui-hace-falta-33360e7658",
        "municipio": "Cali",
        "necesita": [
          "Agua potable",
          "Alojamiento",
          "Apoyo busqueda y cuidado de mascostas",
          "Apoyo psicológico (faltan 5 unidades)",
          "Atención a animales",
          "Donaciones en efectivo",
          "Herramientas",
          "Mano de obra",
          "Maquinaria",
          "Operarios de maquinaria",
          "Otras necesidades",
          "Remoción de escombros",
          "Voluntariado (faltan 20 unidades)",
          "Voluntarios de apoyo (faltan 10 personas)"
        ],
        "nombre": "Unidad residencial Antonio Nariño etapa iv",
        "tipo": "rescate",
        "verificado": true
      },
      "type": "Feature"
    },
    {
      "geometry": {
        "coordinates": [
          -76.536979,
          3.4218678
        ],
        "type": "Point"
      },
      "properties": {
        "barrio": "Diamante de Béisbol",
        "contacto": "Anon",
        "departamento": "Valle del Cauca",
        "direccion": "Diamante de Béisbol",
        "estado": "activo",
        "fecha_corte": "2026-08-21T20:18:08Z",
        "fuente": "aqui-hace-falta",
        "fuente_url": "https://aqui-hace-falta.web.app/",
        "id": "aqui-hace-falta-3515c5d535",
        "municipio": "Cali",
        "necesita": [
          "Alimentos",
          "Bolsas, costales, cajas para organizar (faltan 100 unidades)",
          "Ferretería es lo que menos llega (faltan 100 unidades)",
          "Herramientas",
          "Medicamentos",
          "Pañales, pañitos y todo para bebés (faltan 100 unidades)",
          "Pepel higiénico, cuchillas de afeitar, kits de aseo (faltan 100 unidades)",
          "Ropa"
        ],
        "nombre": "Donaciones - Diamante de Béisbol",
        "tipo": "acopio",
        "verificado": true
      },
      "type": "Feature"
    },
    {
      "geometry": {
        "coordinates": [
          -76.53022527694704,
          3.3412956736085966
        ],
        "type": "Point"
      },
      "properties": {
        "barrio": "Pance",
        "contacto": "Ana Lucía Paz — WhatsApp 3207163511",
        "departamento": "Valle del Cauca",
        "direccion": "Calle 18 # 122-135",
        "estado": "activo",
        "fecha_corte": "2026-08-21T20:18:08Z",
        "fuente": "aqui-hace-falta",
        "fuente_url": "https://aqui-hace-falta.web.app/",
        "id": "aqui-hace-falta-3543582d70",
        "municipio": "Cali",
        "necesita": [
          "Alimentos",
          "Donaciones en efectivo",
          "Herramientas",
          "Medicamentos"
        ],
        "nombre": "Centro de Acopio Universidad Icesi",
        "tipo": "acopio",
        "verificado": true
      },
      "type": "Feature"
    },
    {
      "geometry": {
        "coordinates": [
          -76.57390793834607,
          3.5179897835940173
        ],
        "type": "Point"
      },
      "properties": {
        "barrio": "Corregimiento la paz",
        "contacto": "Rosario morq — +57 316 7187684",
        "departamento": "Valle del Cauca",
        "direccion": "Corregimiento la paz",
        "estado": "cerrado",
        "fecha_corte": "2026-08-21T20:18:08Z",
        "fuente": "aqui-hace-falta",
        "fuente_url": "https://aqui-hace-falta.web.app/",
        "id": "aqui-hace-falta-3a03bbc908",
        "municipio": "Cali",
        "necesita": [
          "Alimentos",
          "Donaciones en efectivo",
          "Herramientas",
          "Mano de obra"
        ],
        "nombre": "Corregimiento la paz - material de construcción",
        "tipo": "rescate",
        "verificado": true
      },
      "type": "Feature"
    },
    {
      "geometry": {
        "coordinates": [
          -76.5443337,
          3.4364868
        ],
        "type": "Point"
      },
      "properties": {
        "barrio": "San Fernando",
        "contacto": "GESTIÓN DEL RIESGO - ALCALDÍA DE CALI",
        "departamento": "Valle del Cauca",
        "direccion": "Cra 38 bis # 5- 91",
        "estado": "activo",
        "fecha_corte": "2026-08-21T20:18:08Z",
        "fuente": "aqui-hace-falta",
        "fuente_url": "https://aqui-hace-falta.web.app/",
        "id": "aqui-hace-falta-3a3e387ae2",
        "municipio": "Cali",
        "necesita": [
          "Apoyo logístico",
          "Arquitectos (faltan 30 unPROFESIONALESidades)",
          "Ing. Estructurales (faltan 30 PROFESIONALES)",
          "Ing. civiles (faltan 30 PROFESIONALES)",
          "Voluntariado"
        ],
        "nombre": "CRUZ ROJA SECCIONAL VALLE / Ing. civiles, Ing. Estructurales y Arquitectos",
        "tipo": "acopio",
        "verificado": true
      },
      "type": "Feature"
    },
    {
      "geometry": {
        "coordinates": [
          -76.532,
          3.4516
        ],
        "type": "Point"
      },
      "properties": {
        "barrio": "Borrero ayerbe",
        "contacto": "Diego Felipe sanchez lopez — 3147265815",
        "departamento": "",
        "direccion": "Vía sn1290 caserio monte redondo rural valle delcauca",
        "estado": "activo",
        "fecha_corte": "2026-08-21T20:18:08Z",
        "fuente": "aqui-hace-falta",
        "fuente_url": "https://aqui-hace-falta.web.app/",
        "id": "aqui-hace-falta-436f349f32",
        "municipio": "",
        "necesita": [
          "Alimentos",
          "Donaciones en efectivo",
          "Medicamentos",
          "Remoción de escombros",
          "Remover escombros (faltan 5 unidades)",
          "Ropa"
        ],
        "nombre": "Perdimos todo ,Necesitamos ropa comida cosas personales",
        "tipo": "rescate",
        "verificado": true
      },
      "type": "Feature"
    },
    {
      "geometry": {
        "coordinates": [
          -76.56875455546368,
          3.519949566039461
        ],
        "type": "Point"
      },
      "properties": {
        "barrio": "Corregimiento la paz",
        "contacto": "Edgar rengifo — +573118400158",
        "departamento": "Valle del Cauca",
        "direccion": "Corregímiento la paz",
        "estado": "cerrado",
        "fecha_corte": "2026-08-21T20:18:08Z",
        "fuente": "aqui-hace-falta",
        "fuente_url": "https://aqui-hace-falta.web.app/",
        "id": "aqui-hace-falta-43c99c4595",
        "municipio": "Cali",
        "necesita": [
          "Alimentos",
          "Herramientas",
          "Ropa"
        ],
        "nombre": "reconstrucción de casa en el Corregimiento la paz",
        "tipo": "rescate",
        "verificado": true
      },
      "type": "Feature"
    },
    {
      "geometry": {
        "coordinates": [
          -76.55788421630861,
          3.6046144473691935
        ],
        "type": "Point"
      },
      "properties": {
        "barrio": "Vereda Salazar - Yumbo",
        "contacto": "Anon",
        "departamento": "Valle del Cauca",
        "direccion": "Escuela Vereda Salazar",
        "estado": "urgente",
        "fecha_corte": "2026-08-21T20:18:08Z",
        "fuente": "aqui-hace-falta",
        "fuente_url": "https://aqui-hace-falta.web.app/",
        "id": "aqui-hace-falta-43e9959c0b",
        "municipio": "Yumbo",
        "necesita": [
          "Agua (faltan 100 unidades)",
          "Agua potable",
          "Alimentos (faltan 100 unidades)",
          "Alojamiento / Carpas (faltan 50 unidades)",
          "Aporte económico (faltan 1000 unidades)",
          "Donaciones en efectivo",
          "Herramientas (faltan 50 unidades)",
          "Mano de obra",
          "Medicamentos (faltan 100 unidades)",
          "Remoción de escombros",
          "Ropa y cobijas (faltan 100 unidades)",
          "Ropa y cobijas (faltan 20 unidades)",
          "Voluntariado",
          "Voluntarios de apoyo (faltan 20 unidades)"
        ],
        "nombre": "Se necesita todo tipo de ayuda - Vereda Salazar",
        "tipo": "necesidad",
        "verificado": true
      },
      "type": "Feature"
    },
    {
      "geometry": {
        "coordinates": [
          -76.54039084911348,
          3.4169424020677828
        ],
        "type": "Point"
      },
      "properties": {
        "barrio": "Los Cámbulos",
        "contacto": "Anon",
        "departamento": "Valle del Cauca",
        "direccion": "Calle 9 con Carrera 44, esquina donde está \"De La Pava\"",
        "estado": "activo",
        "fecha_corte": "2026-08-21T20:18:08Z",
        "fuente": "aqui-hace-falta",
        "fuente_url": "https://aqui-hace-falta.web.app/",
        "id": "aqui-hace-falta-5812d8cfe1",
        "municipio": "Cali",
        "necesita": [
          "Agua (faltan 100 unidades)",
          "Agua potable",
          "Alimentos (faltan 100 unidades)",
          "Alojamiento / Carpas (faltan 5 unidades)",
          "Medicamentos (faltan 100 unidades)",
          "Ropa y cobijas (faltan 100 unidades)"
        ],
        "nombre": "Donaciones a Buenaventura - 9na con 44 (Mj Variedades)",
        "tipo": "acopio",
        "verificado": true
      },
      "type": "Feature"
    },
    {
      "geometry": {
        "coordinates": [
          -76.57059690562677,
          3.5201400492285018
        ],
        "type": "Point"
      },
      "properties": {
        "barrio": "La Olga",
        "contacto": "Hugo piamba Jiménez — +573115822714",
        "departamento": "Valle del Cauca",
        "direccion": "La Olga",
        "estado": "cerrado",
        "fecha_corte": "2026-08-21T20:18:08Z",
        "fuente": "aqui-hace-falta",
        "fuente_url": "https://aqui-hace-falta.web.app/",
        "id": "aqui-hace-falta-59ee9cb814",
        "municipio": "Cali",
        "necesita": [
          "Alimentos",
          "Donaciones en efectivo",
          "Herramientas",
          "Mano de obra",
          "Ropa"
        ],
        "nombre": "Corregimiento La olga necesita material para reconstruccion de casas",
        "tipo": "rescate",
        "verificado": true
      },
      "type": "Feature"
    },
    {
      "geometry": {
        "coordinates": [
          -76.56794746288547,
          3.519685751169269
        ],
        "type": "Point"
      },
      "properties": {
        "barrio": "Corregimiento la paz",
        "contacto": "María Fernanda Ramirez — +573106225630",
        "departamento": "Valle del Cauca",
        "direccion": "Corregimiento la paz",
        "estado": "cerrado",
        "fecha_corte": "2026-08-21T20:18:08Z",
        "fuente": "aqui-hace-falta",
        "fuente_url": "https://aqui-hace-falta.web.app/",
        "id": "aqui-hace-falta-5aa88f262d",
        "municipio": "Cali",
        "necesita": [
          "Herramientas",
          "Remoción de escombros"
        ],
        "nombre": "Corregimiento la paz se necesita material de construcción",
        "tipo": "rescate",
        "verificado": true
      },
      "type": "Feature"
    },
    {
      "geometry": {
        "coordinates": [
          -76.5412,
          3.4325
        ],
        "type": "Point"
      },
      "properties": {
        "barrio": "Diagonal al Edificio de Colores",
        "contacto": "Anon",
        "departamento": "Valle del Cauca",
        "direccion": "Calle 5C con Cr 40",
        "estado": "activo",
        "fecha_corte": "2026-08-21T20:18:08Z",
        "fuente": "aqui-hace-falta",
        "fuente_url": "https://aqui-hace-falta.web.app/",
        "id": "aqui-hace-falta-651a2fde14",
        "municipio": "Cali",
        "necesita": [
          "Agua potable",
          "Donar alimentos (faltan 10 unidades)",
          "Ropa"
        ],
        "nombre": "Hogar Geriátrico",
        "tipo": "rescate",
        "verificado": true
      },
      "type": "Feature"
    },
    {
      "geometry": {
        "coordinates": [
          -76.532,
          3.4516
        ],
        "type": "Point"
      },
      "properties": {
        "barrio": "Corregimiento la paz",
        "contacto": "Teresa María ruano de rengifo — 3004235730",
        "departamento": "Valle del Cauca",
        "direccion": "Corregimiento la paz",
        "estado": "cerrado",
        "fecha_corte": "2026-08-21T20:18:08Z",
        "fuente": "aqui-hace-falta",
        "fuente_url": "https://aqui-hace-falta.web.app/",
        "id": "aqui-hace-falta-6affc188a6",
        "municipio": "Cali",
        "necesita": [
          "Alimentos",
          "Herramientas",
          "Mano de obra",
          "Ropa"
        ],
        "nombre": "Corregimiento la paz reconstruir casa",
        "tipo": "rescate",
        "verificado": true
      },
      "type": "Feature"
    },
    {
      "geometry": {
        "coordinates": [
          -76.4901692,
          3.4205777
        ],
        "type": "Point"
      },
      "properties": {
        "barrio": "El Poblado",
        "contacto": "Anon",
        "departamento": "Valle del Cauca",
        "direccion": "El Poblado",
        "estado": "activo",
        "fecha_corte": "2026-08-21T20:18:08Z",
        "fuente": "aqui-hace-falta",
        "fuente_url": "https://aqui-hace-falta.web.app/",
        "id": "aqui-hace-falta-6cf19332d6",
        "municipio": "Cali",
        "necesita": [
          "Llevar comida e insumos hacia otros puntos (faltan 10 personas)",
          "Transporte"
        ],
        "nombre": "Se necesitan motorizados que lleven insumos - Desde El Poblado",
        "tipo": "necesidad",
        "verificado": true
      },
      "type": "Feature"
    },
    {
      "geometry": {
        "coordinates": [
          -76.54778838157654,
          3.398579624324128
        ],
        "type": "Point"
      },
      "properties": {
        "barrio": "El Refugio",
        "contacto": "Anon",
        "departamento": "Valle del Cauca",
        "direccion": "Carrera 66 Calle 3D",
        "estado": "activo",
        "fecha_corte": "2026-08-21T20:18:08Z",
        "fuente": "aqui-hace-falta",
        "fuente_url": "https://aqui-hace-falta.web.app/",
        "id": "aqui-hace-falta-6de243f7e9",
        "municipio": "Cali",
        "necesita": [
          "Voluntariado",
          "Voluntarios de apoyo (faltan 10 personas)"
        ],
        "nombre": "Voluntarios - Comuna 17",
        "tipo": "rescate",
        "verificado": true
      },
      "type": "Feature"
    },
    {
      "geometry": {
        "coordinates": [
          -76.5412,
          3.4325
        ],
        "type": "Point"
      },
      "properties": {
        "barrio": "Altos de santa helena",
        "contacto": "Anon",
        "departamento": "Valle del Cauca",
        "direccion": "Altos de santa helena",
        "estado": "activo",
        "fecha_corte": "2026-08-21T20:18:08Z",
        "fuente": "aqui-hace-falta",
        "fuente_url": "https://aqui-hace-falta.web.app/",
        "id": "aqui-hace-falta-706f03815e",
        "municipio": "Cali",
        "necesita": [
          "Agua potable",
          "Alimentos",
          "Atención médica",
          "Mano de obra",
          "Medicamentos",
          "Remoción de escombros",
          "Voluntarios de apoyo (faltan 10 personas)"
        ],
        "nombre": "Altos de santa helena",
        "tipo": "rescate",
        "verificado": true
      },
      "type": "Feature"
    },
    {
      "geometry": {
        "coordinates": [
          -76.5426151,
          3.4175189
        ],
        "type": "Point"
      },
      "properties": {
        "barrio": "Cambulos",
        "contacto": "Marylyn Ochoa — 3145008746",
        "departamento": "Valle del Cauca",
        "direccion": "Carrera 44 # 9-05",
        "estado": "activo",
        "fecha_corte": "2026-08-21T20:18:08Z",
        "fuente": "aqui-hace-falta",
        "fuente_url": "https://aqui-hace-falta.web.app/",
        "id": "aqui-hace-falta-72c9c2dd40",
        "municipio": "Cali",
        "necesita": [
          "Mano de obra",
          "Remoción de escombros",
          "Remover escombros (faltan 5 unidades)"
        ],
        "nombre": "Cascos",
        "tipo": "acopio",
        "verificado": true
      },
      "type": "Feature"
    },
    {
      "geometry": {
        "coordinates": [
          -76.5482177,
          3.4199548
        ],
        "type": "Point"
      },
      "properties": {
        "barrio": "Tequendama / Lido",
        "contacto": "Anon",
        "departamento": "Valle del Cauca",
        "direccion": "Carrera 44 Calle 5",
        "estado": "activo",
        "fecha_corte": "2026-08-21T20:18:08Z",
        "fuente": "aqui-hace-falta",
        "fuente_url": "https://aqui-hace-falta.web.app/",
        "id": "aqui-hace-falta-7a66ae0113",
        "municipio": "Cali",
        "necesita": [
          "Alimentos"
        ],
        "nombre": "Comida hecha - 44 con 5ta",
        "tipo": "necesidad",
        "verificado": true
      },
      "type": "Feature"
    },
    {
      "geometry": {
        "coordinates": [
          -76.5355333,
          3.4399082
        ],
        "type": "Point"
      },
      "properties": {
        "barrio": "Alameda",
        "contacto": "Anon",
        "departamento": "Valle del Cauca",
        "direccion": "Carrera 19 #5a-49",
        "estado": "activo",
        "fecha_corte": "2026-08-21T20:18:08Z",
        "fuente": "aqui-hace-falta",
        "fuente_url": "https://aqui-hace-falta.web.app/",
        "id": "aqui-hace-falta-87e25aa0b7",
        "municipio": "Cali",
        "necesita": [
          "Apoyo logístico",
          "Mano de obra",
          "Maquinaria",
          "Otras necesidades"
        ],
        "nombre": "Edificio con riesgo de colapso, diagonal a la dirección anotada",
        "tipo": "rescate",
        "verificado": true
      },
      "type": "Feature"
    },
    {
      "geometry": {
        "coordinates": [
          -76.53313279151917,
          3.4265540090511744
        ],
        "type": "Point"
      },
      "properties": {
        "barrio": "Autopista Sur - Comuna 10",
        "contacto": "Anon",
        "departamento": "Valle del Cauca",
        "direccion": "Calle 10 #32-29 Hero Electra",
        "estado": "activo",
        "fecha_corte": "2026-08-21T20:18:08Z",
        "fuente": "aqui-hace-falta",
        "fuente_url": "https://aqui-hace-falta.web.app/",
        "id": "aqui-hace-falta-893a738174",
        "municipio": "Cali",
        "necesita": [
          "Agua (faltan 100 unidades)",
          "Agua potable",
          "Alimentos (faltan 100 unidades)",
          "Herramientas para escombros (faltan 200 unidades)",
          "Medicamentos",
          "Ropa"
        ],
        "nombre": "Centro de Acopio - Hero Electra",
        "tipo": "acopio",
        "verificado": true
      },
      "type": "Feature"
    },
    {
      "geometry": {
        "coordinates": [
          -76.56498853072496,
          3.4213779620913574
        ],
        "type": "Point"
      },
      "properties": {
        "barrio": "La sultana",
        "contacto": "Paula Andrea Guampe — 320 6360119 — WhatsApp 3137632154",
        "departamento": "Valle del Cauca",
        "direccion": "Calle 22 oeste # 53b - 82",
        "estado": "activo",
        "fecha_corte": "2026-08-21T20:18:08Z",
        "fuente": "aqui-hace-falta",
        "fuente_url": "https://aqui-hace-falta.web.app/",
        "id": "aqui-hace-falta-9135d1bd34",
        "municipio": "Cali",
        "necesita": [
          "Alimentos",
          "Donar agua potable (faltan 10 unidades)"
        ],
        "nombre": "AGUA Y VIVERES",
        "tipo": "necesidad",
        "verificado": true
      },
      "type": "Feature"
    },
    {
      "geometry": {
        "coordinates": [
          -76.53067588806154,
          3.3852391969656668
        ],
        "type": "Point"
      },
      "properties": {
        "barrio": "El Ingenio",
        "contacto": "Victor H — 3128335964 — WhatsApp 3127570458",
        "departamento": "Valle del Cauca",
        "direccion": "Cra 83A #14a-106",
        "estado": "activo",
        "fecha_corte": "2026-08-21T20:18:08Z",
        "fuente": "aqui-hace-falta",
        "fuente_url": "https://aqui-hace-falta.web.app/",
        "id": "aqui-hace-falta-981282d27f",
        "municipio": "Cali",
        "necesita": [
          "Alimentos",
          "Alojamiento",
          "Cobijas (faltan 100 unidades)",
          "Colchones (faltan 100 unidades)",
          "Donaciones en efectivo",
          "Herramientas",
          "Materiales de construcción (faltan 100 unidades)",
          "Medicamentos",
          "Otras necesidades",
          "Ropa (faltan 100 unidades)",
          "Todo tipo de ayuda (faltan 5 unidades)"
        ],
        "nombre": "Centro de Acopio para El Águila, Valle",
        "tipo": "acopio",
        "verificado": true
      },
      "type": "Feature"
    },
    {
      "geometry": {
        "coordinates": [
          -76.55072808265687,
          3.3777385174406813
        ],
        "type": "Point"
      },
      "properties": {
        "barrio": "Bajo Jordán / Meléndez",
        "contacto": "Anon",
        "departamento": "Valle del Cauca",
        "direccion": "Carrera 92 #2a-65",
        "estado": "urgente",
        "fecha_corte": "2026-08-21T20:18:08Z",
        "fuente": "aqui-hace-falta",
        "fuente_url": "https://aqui-hace-falta.web.app/",
        "id": "aqui-hace-falta-9be0fa8b00",
        "municipio": "Cali",
        "necesita": [
          "Agua potable",
          "Alimentos",
          "Atención a animales",
          "Herramientas (faltan 100 unidades)",
          "Mano de obra",
          "Medicamentos",
          "Movilización de animales (faltan 20 unidades)",
          "Remoción de escombros",
          "Voluntariado",
          "Voluntarios de apoyo (faltan 50 personas)"
        ],
        "nombre": "Se necesitan herramientas, mano de obra, de todo - Bajo Jordán / Meléndez",
        "tipo": "necesidad",
        "verificado": true
      },
      "type": "Feature"
    },
    {
      "geometry": {
        "coordinates": [
          -76.55760935838035,
          3.3717181931063402
        ],
        "type": "Point"
      },
      "properties": {
        "barrio": "Altos de Santa Helena",
        "contacto": "Erika Johana, Sandra Celada, Paola — https://chat.whatsapp.com/L4Losa65YxgK9ZCyiE76UJ — WhatsApp 321 624 0901",
        "departamento": "Valle del Cauca",
        "direccion": "CDI DE LA ZONA",
        "estado": "activo",
        "fecha_corte": "2026-08-21T20:18:08Z",
        "fuente": "aqui-hace-falta",
        "fuente_url": "https://aqui-hace-falta.web.app/",
        "id": "aqui-hace-falta-a161c2862b",
        "municipio": "Cali",
        "necesita": [
          "Agua potable",
          "Alimentos no perecederos (faltan 5 unidades)",
          "Alojamiento",
          "Atencion sanitaria para niños y adultos mayores (faltan 2 unidades)",
          "Atención médica",
          "Cobijas, colchonetas, linternas, Carpas (faltan 50 personas)",
          "Herramientas",
          "Insumos para niños como leche, pañales, medicina (faltan 6 unidades)",
          "Mano de obra",
          "Medicamentos",
          "Otras necesidades",
          "Remoción de escombros",
          "Ropa",
          "Voluntariado"
        ],
        "nombre": "Altos de Santa Helena - Voluntariado en General y Materiales",
        "tipo": "necesidad",
        "verificado": true
      },
      "type": "Feature"
    },
    {
      "geometry": {
        "coordinates": [
          -76.5412,
          3.4325
        ],
        "type": "Point"
      },
      "properties": {
        "barrio": "Morichal de comfandi",
        "contacto": "Duvan Guaza — WhatsApp 3135739688",
        "departamento": "Valle del Cauca",
        "direccion": "Cl 56a, cra 42b",
        "estado": "activo",
        "fecha_corte": "2026-08-21T20:18:08Z",
        "fuente": "aqui-hace-falta",
        "fuente_url": "https://aqui-hace-falta.web.app/",
        "id": "aqui-hace-falta-a2a4db0764",
        "municipio": "Cali",
        "necesita": [
          "Agua potable (faltan 50 unidades)",
          "Alimentos (faltan 50 unidades)",
          "Alojamiento (faltan 47 unidades)",
          "Atención a animales",
          "Herramientas",
          "Medicamentos (faltan 20 unidades)",
          "Ropa (faltan 30 personas)",
          "Voluntariado"
        ],
        "nombre": "Zona rural de buenaventura y choco",
        "tipo": "acopio",
        "verificado": true
      },
      "type": "Feature"
    },
    {
      "geometry": {
        "coordinates": [
          -76.3036,
          3.5394
        ],
        "type": "Point"
      },
      "properties": {
        "barrio": "Caicedonia",
        "contacto": "Calina Zuluaga — WhatsApp 3209709008",
        "departamento": "Valle del Cauca",
        "direccion": "carrera 5B # 26-36",
        "estado": "activo",
        "fecha_corte": "2026-08-21T20:18:08Z",
        "fuente": "aqui-hace-falta",
        "fuente_url": "https://aqui-hace-falta.web.app/",
        "id": "aqui-hace-falta-a537390cd7",
        "municipio": "Palmira",
        "necesita": [
          "Agua potable",
          "Alimentos",
          "Alojamiento",
          "Donaciones en efectivo",
          "Herramientas",
          "Medicamentos",
          "Ropa"
        ],
        "nombre": "centro de acopio donaciones para Trujillo y veredas aledañas",
        "tipo": "acopio",
        "verificado": true
      },
      "type": "Feature"
    },
    {
      "geometry": {
        "coordinates": [
          -76.54815398591765,
          3.39613546178466
        ],
        "type": "Point"
      },
      "properties": {
        "barrio": "Refugio",
        "contacto": "Cristian — https://chat.whatsapp.com/L4Losa65YxgK9ZCyiE76UJ — WhatsApp 3196902003",
        "departamento": "Valle del Cauca",
        "direccion": "Unidad Residencial Ariguani",
        "estado": "urgente",
        "fecha_corte": "2026-08-21T20:18:08Z",
        "fuente": "aqui-hace-falta",
        "fuente_url": "https://aqui-hace-falta.web.app/",
        "id": "aqui-hace-falta-a6c5e4c5c3",
        "municipio": "Cali",
        "necesita": [
          "Herramientas para quitar escombros (faltan 10 unidades)",
          "Mano de obra",
          "Operarios de maquinaria",
          "Operarios de maquinria pesada (faltan 3 personas)",
          "Picas y Porras (faltan 15 unidades)",
          "Remoción de escombros"
        ],
        "nombre": "Refugio - Operarios de maquinaria pesada",
        "tipo": "necesidad",
        "verificado": true
      },
      "type": "Feature"
    },
    {
      "geometry": {
        "coordinates": [
          -76.53479039669038,
          3.4550523335608028
        ],
        "type": "Point"
      },
      "properties": {
        "barrio": "Granada",
        "contacto": "Anon",
        "departamento": "Valle del Cauca",
        "direccion": "Plazoleta Jairo Varela",
        "estado": "activo",
        "fecha_corte": "2026-08-21T20:18:08Z",
        "fuente": "aqui-hace-falta",
        "fuente_url": "https://aqui-hace-falta.web.app/",
        "id": "aqui-hace-falta-a749504e2d",
        "municipio": "Cali",
        "necesita": [
          "Agua potable (faltan 200 unidades)",
          "Alimentos",
          "Alimentos no perecederos (faltan 200 unidades)",
          "Insumos médicos (faltan 200 unidades)",
          "Medicamentos",
          "Ropa y cobijas (faltan 100 unidades)"
        ],
        "nombre": "Jairo Varela - Centro de Acopio",
        "tipo": "acopio",
        "verificado": true
      },
      "type": "Feature"
    },
    {
      "geometry": {
        "coordinates": [
          -76.5494458,
          3.2526637
        ],
        "type": "Point"
      },
      "properties": {
        "barrio": "Jamundí",
        "contacto": "Anon",
        "departamento": "Valle del Cauca",
        "direccion": "Cra 11 # 15-141",
        "estado": "activo",
        "fecha_corte": "2026-08-21T20:18:08Z",
        "fuente": "aqui-hace-falta",
        "fuente_url": "https://aqui-hace-falta.web.app/",
        "id": "aqui-hace-falta-a9a3d0e132",
        "municipio": "Jamundí",
        "necesita": [
          "Agua potable",
          "Alimentos",
          "Clasificación de donaciones",
          "Herramientas",
          "Medicamentos",
          "Otras necesidades",
          "Remoción de escombros",
          "Ropa"
        ],
        "nombre": "Centro de acopio Estación de Bomberos Jamundí",
        "tipo": "acopio",
        "verificado": true
      },
      "type": "Feature"
    },
    {
      "geometry": {
        "coordinates": [
          -76.53923749923707,
          3.416621109128713
        ],
        "type": "Point"
      },
      "properties": {
        "barrio": "Los Cámbulos",
        "contacto": "Anon — 3218097676",
        "departamento": "Valle del Cauca",
        "direccion": "Carrera 44 #9-35",
        "estado": "urgente",
        "fecha_corte": "2026-08-21T20:18:08Z",
        "fuente": "aqui-hace-falta",
        "fuente_url": "https://aqui-hace-falta.web.app/",
        "id": "aqui-hace-falta-aba82e6ddb",
        "municipio": "Cali",
        "necesita": [
          "Aceite 2 tiempos (faltan 50 unidades)",
          "Discos para pulidoras (faltan 20 unidades)",
          "Gasolina (faltan 20 unidades)",
          "Herramientas",
          "Martillos eléctricos (faltan 20 unidades)",
          "Picas y Porras (faltan 20 unidades)",
          "Plantas Eléctricas (faltan 5 unidades)",
          "Pulidoras (faltan 20 unidades)",
          "Todo lo que sirva para romper vigas (faltan 50 unidades)"
        ],
        "nombre": "Rescate en Edificio Vanessa - Los Cámbulos",
        "tipo": "rescate",
        "verificado": true
      },
      "type": "Feature"
    },
    {
      "geometry": {
        "coordinates": [
          -76.54131337134255,
          3.3927652102826626
        ],
        "type": "Point"
      },
      "properties": {
        "barrio": "Capri",
        "contacto": "Felipe Lozada Medico Coordinador puesto Norte de Capri — https://chat.whatsapp.com/L4Losa65YxgK9ZCyiE76UJ — WhatsApp 3176491947",
        "departamento": "Valle del Cauca",
        "direccion": "Carrera 71 A # 10 Bis Esquina",
        "estado": "urgente",
        "fecha_corte": "2026-08-21T20:18:08Z",
        "fuente": "aqui-hace-falta",
        "fuente_url": "https://aqui-hace-falta.web.app/",
        "id": "aqui-hace-falta-ad183ae47a",
        "municipio": "Cali",
        "necesita": [
          "4 auxiliares (faltan 4 personas)",
          "4 enfermeros (faltan 4 personas)",
          "4 estudiantes (faltan 4 personas)",
          "4 médicos (faltan 4 personas)",
          "Apoyo psicológico",
          "Atención médica",
          "Remoción de escombros",
          "Voluntariado"
        ],
        "nombre": "PUESTO NORTE DE CAPRI - Voluntarios Profesionales de Salud, Turno HOY AGOSTO 11, 6pm a 7am",
        "tipo": "acopio",
        "verificado": true
      },
      "type": "Feature"
    },
    {
      "geometry": {
        "coordinates": [
          -76.5305597,
          3.4142447
        ],
        "type": "Point"
      },
      "properties": {
        "barrio": "Departamental",
        "contacto": "Sandra Quintana — 3167436878 — WhatsApp 3215008950",
        "departamento": "Valle del Cauca",
        "direccion": "Carrera 48#11-49",
        "estado": "activo",
        "fecha_corte": "2026-08-21T20:18:08Z",
        "fuente": "aqui-hace-falta",
        "fuente_url": "https://aqui-hace-falta.web.app/",
        "id": "aqui-hace-falta-aeccbff54f",
        "municipio": "Cali",
        "necesita": [
          "Agua potable",
          "Alimentos",
          "Alojamiento",
          "Atención a animales",
          "Donaciones en efectivo",
          "Medicamentos",
          "Ropa",
          "Voluntarios de apoyo (faltan 1 personas)"
        ],
        "nombre": "CENTRO DE ACOPIO PARA NORTE DEL VALLE",
        "tipo": "acopio",
        "verificado": true
      },
      "type": "Feature"
    },
    {
      "geometry": {
        "coordinates": [
          -76.5499771,
          3.4086523
        ],
        "type": "Point"
      },
      "properties": {
        "barrio": "Cuarto de Legua",
        "contacto": "Ana Rodriguez — WhatsApp 3108947023",
        "departamento": "Valle del Cauca",
        "direccion": "Cl. 5 #56-16 Loc 03, Cuarto de Legua, Cali, Valle del Cauca",
        "estado": "activo",
        "fecha_corte": "2026-08-21T20:18:08Z",
        "fuente": "aqui-hace-falta",
        "fuente_url": "https://aqui-hace-falta.web.app/",
        "id": "aqui-hace-falta-b5819b31fa",
        "municipio": "Cali",
        "necesita": [
          "Herramientas",
          "Hielo (faltan 50 unidades)",
          "Mano de obra",
          "Remoción de escombros",
          "SE NECESITAN CASCOS URGENTES !!! (faltan 15 unidades)"
        ],
        "nombre": "La sevillana Cl. 5 #56-16 Cuarto de Legua",
        "tipo": "rescate",
        "verificado": true
      },
      "type": "Feature"
    },
    {
      "geometry": {
        "coordinates": [
          -76.0673037,
          3.5510861
        ],
        "type": "Point"
      },
      "properties": {
        "barrio": "El recreo",
        "contacto": "Nathalia Urueña Arenas — 3042546789 — WhatsApp 3042546788",
        "departamento": "Valle del Cauca",
        "direccion": "Cra 24 # 22-02",
        "estado": "activo",
        "fecha_corte": "2026-08-21T20:18:08Z",
        "fuente": "aqui-hace-falta",
        "fuente_url": "https://aqui-hace-falta.web.app/",
        "id": "aqui-hace-falta-bbb9029ebc",
        "municipio": "Palmira",
        "necesita": [
          "Agua potable",
          "Alimentos",
          "Donaciones en efectivo",
          "Herramientas",
          "Medicamentos",
          "Ropa"
        ],
        "nombre": "Ayuda para familia en dagua valle",
        "tipo": "necesidad",
        "verificado": true
      },
      "type": "Feature"
    },
    {
      "geometry": {
        "coordinates": [
          -76.54647409915766,
          3.42600281862434
        ],
        "type": "Point"
      },
      "properties": {
        "barrio": "San Fernando",
        "contacto": "Anon",
        "departamento": "Valle del Cauca",
        "direccion": "Frente al Éxito de la Calle 5",
        "estado": "activo",
        "fecha_corte": "2026-08-21T20:18:08Z",
        "fuente": "aqui-hace-falta",
        "fuente_url": "https://aqui-hace-falta.web.app/",
        "id": "aqui-hace-falta-bf0ef7a8f1",
        "municipio": "Cali",
        "necesita": [
          "Alojamiento",
          "Apoyo logístico",
          "Baños portátiles (faltan 4 unidades)",
          "Se necesitan carpas (faltan 10 unidades)"
        ],
        "nombre": "Se necesitan carpas para hospital campal, y baños portátiles - San Fernando",
        "tipo": "rescate",
        "verificado": true
      },
      "type": "Feature"
    },
    {
      "geometry": {
        "coordinates": [
          -76.56835379175334,
          3.5197550108820854
        ],
        "type": "Point"
      },
      "properties": {
        "barrio": "Corregimiento la paz",
        "contacto": "Ana Julia García guampe — 3114414284",
        "departamento": "Valle del Cauca",
        "direccion": "Corregímiento la paz",
        "estado": "cerrado",
        "fecha_corte": "2026-08-21T20:18:08Z",
        "fuente": "aqui-hace-falta",
        "fuente_url": "https://aqui-hace-falta.web.app/",
        "id": "aqui-hace-falta-d6dbe8491f",
        "municipio": "Cali",
        "necesita": [
          "Alimentos",
          "Donaciones en efectivo",
          "Herramientas",
          "Mano de obra",
          "Ropa"
        ],
        "nombre": "Corregimiento la paz",
        "tipo": "rescate",
        "verificado": true
      },
      "type": "Feature"
    },
    {
      "geometry": {
        "coordinates": [
          -76.532,
          3.4516
        ],
        "type": "Point"
      },
      "properties": {
        "barrio": "Alfonso lopez fundación esperanza color arcoiris",
        "contacto": "Alexandra — 3002161652",
        "departamento": "Valle del Cauca",
        "direccion": "Calle 70 N7m-09",
        "estado": "activo",
        "fecha_corte": "2026-08-21T20:18:08Z",
        "fuente": "aqui-hace-falta",
        "fuente_url": "https://aqui-hace-falta.web.app/",
        "id": "aqui-hace-falta-d7d165eabf",
        "municipio": "Cali",
        "necesita": [
          "Alimentos",
          "Medicamentos",
          "Remoción de escombros",
          "Remover escombros (faltan 5 unidades)",
          "Ropa"
        ],
        "nombre": "Fundación Alfonso lopez",
        "tipo": "albergue",
        "verificado": true
      },
      "type": "Feature"
    },
    {
      "geometry": {
        "coordinates": [
          -76.56835379175334,
          3.5197550108820854
        ],
        "type": "Point"
      },
      "properties": {
        "barrio": "Corregimiento la paz",
        "contacto": "Luis Alirio garzón — +573246053426",
        "departamento": "Valle del Cauca",
        "direccion": "Corregímiento la paz",
        "estado": "cerrado",
        "fecha_corte": "2026-08-21T20:18:08Z",
        "fuente": "aqui-hace-falta",
        "fuente_url": "https://aqui-hace-falta.web.app/",
        "id": "aqui-hace-falta-d9593e8138",
        "municipio": "Cali",
        "necesita": [
          "Remoción de escombros"
        ],
        "nombre": "Corregimiento la paz",
        "tipo": "rescate",
        "verificado": true
      },
      "type": "Feature"
    },
    {
      "geometry": {
        "coordinates": [
          -76.47874296235388,
          3.441447257171381
        ],
        "type": "Point"
      },
      "properties": {
        "barrio": "Apartamentos Rio Cauca",
        "contacto": "Alicia Ortega — WhatsApp 323 9135617",
        "departamento": "Valle del Cauca",
        "direccion": "Cine Colombia rio cauca",
        "estado": "activo",
        "fecha_corte": "2026-08-21T20:18:08Z",
        "fuente": "aqui-hace-falta",
        "fuente_url": "https://aqui-hace-falta.web.app/",
        "id": "aqui-hace-falta-dcfd26b927",
        "municipio": "Cali",
        "necesita": [
          "Agua potable",
          "Alojamiento",
          "Donación de alimentos (faltan 10 personas)",
          "Remoción de escombros"
        ],
        "nombre": "Unidad Rio cauca - Donacion de alimentos.",
        "tipo": "necesidad",
        "verificado": true
      },
      "type": "Feature"
    },
    {
      "geometry": {
        "coordinates": [
          -76.532,
          3.4516
        ],
        "type": "Point"
      },
      "properties": {
        "barrio": "Altos de Santa Helena",
        "contacto": "Anon",
        "departamento": "Valle del Cauca",
        "direccion": "Calle 1a Oeste #100-A12",
        "estado": "activo",
        "fecha_corte": "2026-08-21T20:18:08Z",
        "fuente": "aqui-hace-falta",
        "fuente_url": "https://aqui-hace-falta.web.app/",
        "id": "aqui-hace-falta-dd6980774e",
        "municipio": "Cali",
        "necesita": [
          "Alojamiento",
          "Apoyo psicológico",
          "Otras necesidades"
        ],
        "nombre": "Altos de Santa Helena",
        "tipo": "necesidad",
        "verificado": true
      },
      "type": "Feature"
    },
    {
      "geometry": {
        "coordinates": [
          -76.54387772083284,
          3.39233105220888
        ],
        "type": "Point"
      },
      "properties": {
        "barrio": "Comuna 17",
        "contacto": "Anon",
        "departamento": "Valle del Cauca",
        "direccion": "Carrera 72 #10 BIS-21",
        "estado": "activo",
        "fecha_corte": "2026-08-21T20:18:08Z",
        "fuente": "aqui-hace-falta",
        "fuente_url": "https://aqui-hace-falta.web.app/",
        "id": "aqui-hace-falta-ddd7b167fb",
        "municipio": "Cali",
        "necesita": [
          "Voluntariado",
          "Voluntarios de apoyo (faltan 10 personas)"
        ],
        "nombre": "Voluntarios - Comuna 17",
        "tipo": "rescate",
        "verificado": true
      },
      "type": "Feature"
    },
    {
      "geometry": {
        "coordinates": [
          -76.5237698,
          3.3757059
        ],
        "type": "Point"
      },
      "properties": {
        "barrio": "Arboleda",
        "contacto": "Laura Arango — 3041415813",
        "departamento": "Valle del Cauca",
        "direccion": "Cra. 2a Oeste #5-15 Edificio Kaoba",
        "estado": "activo",
        "fecha_corte": "2026-08-21T20:18:08Z",
        "fuente": "aqui-hace-falta",
        "fuente_url": "https://aqui-hace-falta.web.app/",
        "id": "aqui-hace-falta-e0e14e39cd",
        "municipio": "Cali",
        "necesita": [
          "Alimentos no perecederos (faltan 100 unidades)",
          "Aseo personal (faltan 100 unidades)",
          "Elementos de aseo personal (faltan 100 unidades)",
          "Medicamentos",
          "Otras necesidades",
          "Ropa"
        ],
        "nombre": "Centro de acopio Oeste - Edificio Kaoba",
        "tipo": "acopio",
        "verificado": true
      },
      "type": "Feature"
    },
    {
      "geometry": {
        "coordinates": [
          -76.49096168599932,
          3.4450568355798246
        ],
        "type": "Point"
      },
      "properties": {
        "barrio": "7 de Agosto",
        "contacto": "Luis Felipe Ocampo Soto — 3102274455 — WhatsApp 3146142485",
        "departamento": "Valle del Cauca",
        "direccion": "Calle 71 # 11-130",
        "estado": "activo",
        "fecha_corte": "2026-08-21T20:18:08Z",
        "fuente": "aqui-hace-falta",
        "fuente_url": "https://aqui-hace-falta.web.app/",
        "id": "aqui-hace-falta-e3c2dfd46e",
        "municipio": "Cali",
        "necesita": [
          "Agua potable",
          "Alimentos",
          "Alojamiento",
          "Apoyo psicológico",
          "Atención a animales",
          "Herramientas",
          "Medicamentos",
          "Otras necesidades",
          "Ropa"
        ],
        "nombre": "Centro de Acopio Taller de Vida",
        "tipo": "acopio",
        "verificado": true
      },
      "type": "Feature"
    },
    {
      "geometry": {
        "coordinates": [
          -76.5244109,
          3.3998898
        ],
        "type": "Point"
      },
      "properties": {
        "barrio": "Cañaverales",
        "contacto": "Valerie Gallardo — 3196055359",
        "departamento": "Valle del Cauca",
        "direccion": "Carrera 61#18-16",
        "estado": "activo",
        "fecha_corte": "2026-08-21T20:18:08Z",
        "fuente": "aqui-hace-falta",
        "fuente_url": "https://aqui-hace-falta.web.app/",
        "id": "aqui-hace-falta-ec317d85b5",
        "municipio": "Cali",
        "necesita": [
          "Remoción de escombros",
          "Ropa"
        ],
        "nombre": "Ropa interior y aseo personal",
        "tipo": "acopio",
        "verificado": true
      },
      "type": "Feature"
    },
    {
      "geometry": {
        "coordinates": [
          -76.56835379175334,
          3.5197550108820854
        ],
        "type": "Point"
      },
      "properties": {
        "barrio": "Corregimiento la paz",
        "contacto": "Raul Hernández — 3136872922",
        "departamento": "Valle del Cauca",
        "direccion": "Corregímiento la paz",
        "estado": "cerrado",
        "fecha_corte": "2026-08-21T20:18:08Z",
        "fuente": "aqui-hace-falta",
        "fuente_url": "https://aqui-hace-falta.web.app/",
        "id": "aqui-hace-falta-ef2d9c4b88",
        "municipio": "Cali",
        "necesita": [
          "Alimentos",
          "Herramientas",
          "Ropa"
        ],
        "nombre": "Corregimiento la paz",
        "tipo": "rescate",
        "verificado": true
      },
      "type": "Feature"
    },
    {
      "geometry": {
        "coordinates": [
          -76.49011967819726,
          3.4771766542570606
        ],
        "type": "Point"
      },
      "properties": {
        "barrio": "Chiminangos I",
        "contacto": "Anon",
        "departamento": "Valle del Cauca",
        "direccion": "Calle 64 Carrera 1c 5",
        "estado": "activo",
        "fecha_corte": "2026-08-21T20:18:08Z",
        "fuente": "aqui-hace-falta",
        "fuente_url": "https://aqui-hace-falta.web.app/",
        "id": "aqui-hace-falta-f217931d9b",
        "municipio": "Cali",
        "necesita": [
          "Agua potable",
          "Alimentos",
          "Alojamiento",
          "Apoyo logístico",
          "Cobijas, almohadas, colchonetas (faltan 10 unidades)",
          "Medicamentos",
          "Ropa"
        ],
        "nombre": "CHIMINANGOS I",
        "tipo": "acopio",
        "verificado": true
      },
      "type": "Feature"
    },
    {
      "geometry": {
        "coordinates": [
          -76.5206202864647,
          3.454840110223196
        ],
        "type": "Point"
      },
      "properties": {
        "barrio": "San Nicolás",
        "contacto": "Ingrid Brown — 311 899 1062 — WhatsApp 313 245 7978",
        "departamento": "Valle del Cauca",
        "direccion": "Calle 24 #6-103",
        "estado": "activo",
        "fecha_corte": "2026-08-21T20:18:08Z",
        "fuente": "aqui-hace-falta",
        "fuente_url": "https://aqui-hace-falta.web.app/",
        "id": "aqui-hace-falta-f3964e88fe",
        "municipio": "Cali",
        "necesita": [
          "Agua potable (faltan 10 unidades)",
          "Alimentos no perecederos y productos de primera necesidad (faltan 10 unidades)",
          "Donaciones en efectivo"
        ],
        "nombre": "Centro de acopio - Fundación Arquidiocesana Banco de Alimentos",
        "tipo": "acopio",
        "verificado": true
      },
      "type": "Feature"
    },
    {
      "geometry": {
        "coordinates": [
          -76.49037569761278,
          3.438803076640098
        ],
        "type": "Point"
      },
      "properties": {
        "barrio": "Villa del lago",
        "contacto": "Karen Becerra — 3054552402",
        "departamento": "Valle del Cauca",
        "direccion": "Calle 72D#24b1-02",
        "estado": "activo",
        "fecha_corte": "2026-08-21T20:18:08Z",
        "fuente": "aqui-hace-falta",
        "fuente_url": "https://aqui-hace-falta.web.app/",
        "id": "aqui-hace-falta-f480d4beea",
        "municipio": "Cali",
        "necesita": [
          "Agua potable",
          "Alimentos",
          "Medicamentos",
          "Ropa"
        ],
        "nombre": "Casa",
        "tipo": "necesidad",
        "verificado": true
      },
      "type": "Feature"
    },
    {
      "geometry": {
        "coordinates": [
          -76.53137862682344,
          3.4104733265326304
        ],
        "type": "Point"
      },
      "properties": {
        "barrio": "Comuna 10",
        "contacto": "Anon",
        "departamento": "Valle del Cauca",
        "direccion": "Cra 48 #13B-37",
        "estado": "activo",
        "fecha_corte": "2026-08-21T20:18:08Z",
        "fuente": "aqui-hace-falta",
        "fuente_url": "https://aqui-hace-falta.web.app/",
        "id": "aqui-hace-falta-f5204631cf",
        "municipio": "Cali",
        "necesita": [
          "Alcohol (faltan 1000 unidades)",
          "Alimentos no perecederos (faltan 1000 unidades)",
          "Crema de dientes, cepillos. (faltan 1000 unidades)",
          "Herramientas para recoger escombros, botas, guantes, cascos, tapabocas, gafas. (faltan 1000 unidades)",
          "Medicamentos",
          "Otras necesidades",
          "Papel higiénico (faltan 1000 unidades)",
          "Productos de higiene femenina (faltan 1000 unidades)"
        ],
        "nombre": "Apoyo para el norte del Valle - Junta de Acción Comunal Jorge Zawadsky",
        "tipo": "acopio",
        "verificado": true
      },
      "type": "Feature"
    },
    {
      "geometry": {
        "coordinates": [
          -76.4982273,
          3.481486
        ],
        "type": "Point"
      },
      "properties": {
        "barrio": "Chiminangos",
        "contacto": "Anon",
        "departamento": "Valle del Cauca",
        "direccion": "Chiminangos",
        "estado": "activo",
        "fecha_corte": "2026-08-21T20:18:08Z",
        "fuente": "aqui-hace-falta",
        "fuente_url": "https://aqui-hace-falta.web.app/",
        "id": "aqui-hace-falta-f82a90dc0e",
        "municipio": "Cali",
        "necesita": [
          "Mano de obra",
          "Otras necesidades",
          "Se necesita un baño portátil (faltan 1 unidades)",
          "Voluntarios de apoyo para armar kits (faltan 10 personas)"
        ],
        "nombre": "Chiminangos - Manos para armar kits y un baño portátil",
        "tipo": "rescate",
        "verificado": true
      },
      "type": "Feature"
    },
    {
      "geometry": {
        "coordinates": [
          -76.52720010954525,
          3.4467615121940893
        ],
        "type": "Point"
      },
      "properties": {
        "barrio": "Brisas de mayo comuna 20 siloe",
        "contacto": "William Alfredo mejia Sánchez — WhatsApp +57 3154297569",
        "departamento": "Valle del Cauca",
        "direccion": "Carrera 53 A oeste #12-24 comuna 20",
        "estado": "activo",
        "fecha_corte": "2026-08-21T20:18:08Z",
        "fuente": "aqui-hace-falta",
        "fuente_url": "https://aqui-hace-falta.web.app/",
        "id": "aqui-hace-falta-fb42ee51dd",
        "municipio": "Cali",
        "necesita": [
          "Donaciones en efectivo",
          "Remoción de escombros",
          "Remover escombros (faltan 5 unidades)"
        ],
        "nombre": "Reforzar el muro que sostiene las paredes de la parte posterior dela vivienda",
        "tipo": "necesidad",
        "verificado": true
      },
      "type": "Feature"
    },
    {
      "geometry": {
        "coordinates": [
          -75.73271,
          4.79893
        ],
        "type": "Point"
      },
      "properties": {
        "barrio": "",
        "contacto": "",
        "departamento": "Risaralda",
        "direccion": "Parque El Oso, Pereira",
        "estado": "activo",
        "fecha_corte": "2026-08-11",
        "fuente": "curado",
        "fuente_url": "https://www.eldiario.com.co/actualidad/emergencia-en-pereira-avanzan-labores-de-busqueda-y-rescate/",
        "id": "curado-00535a0b45",
        "municipio": "Pereira",
        "necesita": [],
        "nombre": "Parque El Oso",
        "tipo": "albergue",
        "verificado": true
      },
      "type": "Feature"
    },
    {
      "geometry": {
        "coordinates": [
          -76.65313,
          5.69128
        ],
        "type": "Point"
      },
      "properties": {
        "barrio": "",
        "contacto": "Tel/WhatsApp 323 540 3547",
        "departamento": "Chocó",
        "direccion": "Calle 25 # 6-58, barrio Pandeyuca, Quibdó",
        "estado": "activo",
        "fecha_corte": "2026-08-11",
        "fuente": "curado",
        "fuente_url": "https://www.elcolombiano.com/colombia/donde-donar-choco-centros-acopio-cuentas-oficiales-terremoto-colombia-KB39837058",
        "id": "curado-02f5e67a70",
        "municipio": "Quibdó",
        "necesita": [],
        "nombre": "Reddhhpac (Red de DD.HH. del Pacífico) — oficina Quibdó",
        "tipo": "acopio",
        "verificado": true
      },
      "type": "Feature"
    },
    {
      "geometry": {
        "coordinates": [
          -75.61357,
          6.25479
        ],
        "type": "Point"
      },
      "properties": {
        "barrio": "",
        "contacto": "",
        "departamento": "Antioquia",
        "direccion": "Parque Biblioteca San Javier",
        "estado": "activo",
        "fecha_corte": "2026-08-11",
        "fuente": "curado",
        "fuente_url": "https://www.eltiempo.com/colombia/medellin/medellin-se-une-por-las-victimas-del-terremoto-en-colombia-conozca-los-10-puntos-para-entregar-sus-donaciones-3577553",
        "id": "curado-034b854bfc",
        "municipio": "Medellín",
        "necesita": [],
        "nombre": "Parque Biblioteca San Javier",
        "tipo": "acopio",
        "verificado": true
      },
      "type": "Feature"
    },
    {
      "geometry": {
        "coordinates": [
          -76.531,
          3.4589
        ],
        "type": "Point"
      },
      "properties": {
        "barrio": "",
        "contacto": "",
        "departamento": "Valle del Cauca",
        "direccion": "Centro Comercial Único y Plazoleta Jairo Varela, Cali",
        "estado": "activo",
        "fecha_corte": "2026-08-11",
        "fuente": "curado",
        "fuente_url": "https://www.elpais.com.co/valle/en-vivo-terremoto-en-el-valle-deja-hasta-el-momento-27-muertos-tres-de-las-victimas-eran-ninos-1056.html",
        "id": "curado-034c923831",
        "municipio": "Cali",
        "necesita": [],
        "nombre": "Puntos de acopio en Cali para damnificados de Buenaventura",
        "tipo": "acopio",
        "verificado": true
      },
      "type": "Feature"
    },
    {
      "geometry": {
        "coordinates": [
          -75.5765,
          6.22936
        ],
        "type": "Point"
      },
      "properties": {
        "barrio": "",
        "contacto": "",
        "departamento": "Antioquia",
        "direccion": "Carrera 50 #25-261",
        "estado": "urgente",
        "fecha_corte": "2026-08-10",
        "fuente": "curado",
        "fuente_url": "https://www.infobae.com/colombia/2026/08/10/centros-de-acopio-habilitados-en-colombia-tras-el-terremoto-guia-por-ciudad-para-donar-y-ayudar-a-las-victimas/",
        "id": "curado-05a98e78d3",
        "municipio": "Medellín",
        "necesita": [
          "Alimentos no perecederos",
          "Artículos de higiene personal",
          "Colchonetas y cobijas"
        ],
        "nombre": "Fundación Saciar",
        "tipo": "acopio",
        "verificado": true
      },
      "type": "Feature"
    },
    {
      "geometry": {
        "coordinates": [
          -75.5697,
          6.2777
        ],
        "type": "Point"
      },
      "properties": {
        "barrio": "",
        "contacto": "",
        "departamento": "Antioquia",
        "direccion": "Terminal de Transportes del Norte, local 9840",
        "estado": "activo",
        "fecha_corte": "2026-08-11",
        "fuente": "curado",
        "fuente_url": "https://www.eltiempo.com/colombia/medellin/medellin-se-une-por-las-victimas-del-terremoto-en-colombia-conozca-los-10-puntos-para-entregar-sus-donaciones-3577553",
        "id": "curado-09d5add500",
        "municipio": "Medellín",
        "necesita": [],
        "nombre": "Terminal del Norte - Local 9840",
        "tipo": "acopio",
        "verificado": true
      },
      "type": "Feature"
    },
    {
      "geometry": {
        "coordinates": [
          -76.65313,
          5.69128
        ],
        "type": "Point"
      },
      "properties": {
        "barrio": "",
        "contacto": "Gina Marcela Moreno (referente en sede, Calle 27 # 9-12, barrio El Silencio)",
        "departamento": "Chocó",
        "direccion": "Calle 27 # 9-12, barrio El Silencio, Quibdó",
        "estado": "activo",
        "fecha_corte": "2026-08-11",
        "fuente": "curado",
        "fuente_url": "https://www.elcolombiano.com/colombia/donde-donar-choco-centros-acopio-cuentas-oficiales-terremoto-colombia-KB39837058",
        "id": "curado-0a2fa2f0c0",
        "municipio": "Quibdó",
        "necesita": [],
        "nombre": "Fundación Innovación Social Paz y Desarrollo",
        "tipo": "acopio",
        "verificado": true
      },
      "type": "Feature"
    },
    {
      "geometry": {
        "coordinates": [
          -76.58121,
          3.41084
        ],
        "type": "Point"
      },
      "properties": {
        "barrio": "",
        "contacto": "Instagram @pastoralsocialcali",
        "departamento": "Valle del Cauca",
        "direccion": "Sector Puerto Resistencia (sin dirección exacta en la fuente)",
        "estado": "activo",
        "fecha_corte": "2026-08-11",
        "fuente": "curado",
        "fuente_url": "https://revistadiners.com.co/gastronomia/donde-comer/ollas-comunitarias-terremoto-cali",
        "id": "curado-0e3648835b",
        "municipio": "Cali",
        "necesita": [],
        "nombre": "Comedor comunitario Puerto Resistencia",
        "tipo": "olla",
        "verificado": true
      },
      "type": "Feature"
    },
    {
      "geometry": {
        "coordinates": [
          -75.49389,
          5.0556
        ],
        "type": "Point"
      },
      "properties": {
        "barrio": "",
        "contacto": "Web: ucaldas.edu.co",
        "departamento": "Caldas",
        "direccion": "",
        "estado": "activo",
        "fecha_corte": "2026-08-12",
        "fuente": "curado",
        "fuente_url": "https://www.lapatria.com/manizales/llueven-ayudas-en-manizales-tras-terremoto-comunidad-se-mueve-para-donar-conozca-puntos",
        "id": "curado-0e80777d2d",
        "municipio": "Manizales",
        "necesita": [],
        "nombre": "Universidad de Caldas",
        "tipo": "acopio",
        "verificado": true
      },
      "type": "Feature"
    },
    {
      "geometry": {
        "coordinates": [
          -76.51512,
          3.35024
        ],
        "type": "Point"
      },
      "properties": {
        "barrio": "",
        "contacto": "Web: valledellili.org",
        "departamento": "Valle del Cauca",
        "direccion": "Fundación Valle del Lili, sede principal, torre 2 piso 4, Cali",
        "estado": "activo",
        "fecha_corte": "2026-08-12",
        "fuente": "curado",
        "fuente_url": "https://www.eltiempo.com/colombia/otras-ciudades/como-ayudar-tras-terremoto-de-7-4-en-colombia-estos-son-los-centros-de-acopio-bancos-de-sangre-y-alimentos-canales-oficiales-y-puntos-de-donacion-3577631",
        "id": "curado-10476a3325",
        "municipio": "Cali",
        "necesita": [],
        "nombre": "Banco de Sangre Fundación Valle del Lili",
        "tipo": "sangre",
        "verificado": true
      },
      "type": "Feature"
    },
    {
      "geometry": {
        "coordinates": [
          -75.84072,
          4.80665
        ],
        "type": "Point"
      },
      "properties": {
        "barrio": "",
        "contacto": "",
        "departamento": "Risaralda",
        "direccion": "Plaza de Ferias, Pereira",
        "estado": "activo",
        "fecha_corte": "2026-08-11",
        "fuente": "curado",
        "fuente_url": "https://www.eldiario.com.co/actualidad/emergencia-en-pereira-avanzan-labores-de-busqueda-y-rescate/",
        "id": "curado-1170464a9d",
        "municipio": "Pereira",
        "necesita": [],
        "nombre": "Plaza de Ferias de Pereira",
        "tipo": "albergue",
        "verificado": true
      },
      "type": "Feature"
    },
    {
      "geometry": {
        "coordinates": [
          -75.50812,
          5.07437
        ],
        "type": "Point"
      },
      "properties": {
        "barrio": "",
        "contacto": "Alcaldía de Manizales: +57 (606) 892 8000 / línea gratuita 018000 968988",
        "departamento": "Caldas",
        "direccion": "Unidad Deportiva Palogrande, Manizales",
        "estado": "activo",
        "fecha_corte": "2026-08-12",
        "fuente": "curado",
        "fuente_url": "https://www.lapatria.com/manizales/llueven-ayudas-en-manizales-tras-terremoto-comunidad-se-mueve-para-donar-conozca-puntos",
        "id": "curado-124f2e90b3",
        "municipio": "Manizales",
        "necesita": [],
        "nombre": "Coliseo Menor Ramón Marín Vargas",
        "tipo": "acopio",
        "verificado": true
      },
      "type": "Feature"
    },
    {
      "geometry": {
        "coordinates": [
          -76.0603,
          4.93815
        ],
        "type": "Point"
      },
      "properties": {
        "barrio": "",
        "contacto": "",
        "departamento": "Valle del Cauca",
        "direccion": "Casa de la Cultura, El Águila, Valle del Cauca",
        "estado": "activo",
        "fecha_corte": "2026-08-12",
        "fuente": "curado",
        "fuente_url": "https://www.elpais.com.co/valle/el-aguila-el-cairo-buenaventura-y-roldanillo-entre-los-mas-afectados-asi-puede-ayudar-1233.html",
        "id": "curado-12fda434f4",
        "municipio": "El Águila",
        "necesita": [],
        "nombre": "Corpoáguila — campaña 'El Águila nos Necesita'",
        "tipo": "donacion-org",
        "verificado": true
      },
      "type": "Feature"
    },
    {
      "geometry": {
        "coordinates": [
          -75.78832,
          4.78546
        ],
        "type": "Point"
      },
      "properties": {
        "barrio": "",
        "contacto": "",
        "departamento": "Risaralda",
        "direccion": "Diagonal a la iglesia de los 2.500 Lotes",
        "estado": "activo",
        "fecha_corte": "2026-08-11",
        "fuente": "curado",
        "fuente_url": "https://www.eltiempo.com/colombia/otras-ciudades/como-ayudar-tras-terremoto-de-7-4-en-colombia-estos-son-los-centros-de-acopio-bancos-de-sangre-y-alimentos-canales-oficiales-y-puntos-de-donacion-3577631",
        "id": "curado-19a835b462",
        "municipio": "Pereira",
        "necesita": [],
        "nombre": "Café Perla del Otún",
        "tipo": "acopio",
        "verificado": true
      },
      "type": "Feature"
    },
    {
      "geometry": {
        "coordinates": [
          -75.78832,
          4.78546
        ],
        "type": "Point"
      },
      "properties": {
        "barrio": "",
        "contacto": "",
        "departamento": "Risaralda",
        "direccion": "Parque El Vergel, Pereira",
        "estado": "activo",
        "fecha_corte": "2026-08-11",
        "fuente": "curado",
        "fuente_url": "https://www.eldiario.com.co/actualidad/emergencia-en-pereira-avanzan-labores-de-busqueda-y-rescate/",
        "id": "curado-1cc5fbdf8d",
        "municipio": "Pereira",
        "necesita": [],
        "nombre": "Parque El Vergel",
        "tipo": "albergue",
        "verificado": true
      },
      "type": "Feature"
    },
    {
      "geometry": {
        "coordinates": [
          -75.55403,
          6.2515
        ],
        "type": "Point"
      },
      "properties": {
        "barrio": "",
        "contacto": "",
        "departamento": "Antioquia",
        "direccion": "Parque Biblioteca León de Greiff (La Ladera)",
        "estado": "activo",
        "fecha_corte": "2026-08-11",
        "fuente": "curado",
        "fuente_url": "https://www.eltiempo.com/colombia/medellin/medellin-se-une-por-las-victimas-del-terremoto-en-colombia-conozca-los-10-puntos-para-entregar-sus-donaciones-3577553",
        "id": "curado-1d90db684d",
        "municipio": "Medellín",
        "necesita": [],
        "nombre": "Parque Biblioteca León de Greiff",
        "tipo": "acopio",
        "verificado": true
      },
      "type": "Feature"
    },
    {
      "geometry": {
        "coordinates": [
          -76.5326,
          3.4553
        ],
        "type": "Point"
      },
      "properties": {
        "barrio": "",
        "contacto": "",
        "departamento": "Valle del Cauca",
        "direccion": "Av. 2 Nte. #10 Norte-1",
        "estado": "activo",
        "fecha_corte": "2026-08-11",
        "fuente": "curado",
        "fuente_url": "https://www.elpais.com.co/cali/alcaldia-habilita-nuevos-espacios-para-recibir-ayudas-y-atender-a-afectados-en-cali-1154.html",
        "id": "curado-2af98d4b7b",
        "municipio": "Cali",
        "necesita": [],
        "nombre": "Plazoleta Jairo Varela",
        "tipo": "acopio",
        "verificado": true
      },
      "type": "Feature"
    },
    {
      "geometry": {
        "coordinates": [
          -74.0693,
          4.6104
        ],
        "type": "Point"
      },
      "properties": {
        "barrio": "",
        "contacto": "",
        "departamento": "Bogotá D.C.",
        "direccion": "Carrera 4 #22-61",
        "estado": "activo",
        "fecha_corte": "2026-08-10",
        "fuente": "curado",
        "fuente_url": "https://bogota.gov.co/mi-ciudad/seguridad/puntos-de-donacion-en-bogota-para-damnificados-terremoto-en-colombia",
        "id": "curado-2bd3f9fe7e",
        "municipio": "Bogotá",
        "necesita": [],
        "nombre": "Universidad Jorge Tadeo Lozano (punto Cruz Roja)",
        "tipo": "acopio",
        "verificado": true
      },
      "type": "Feature"
    },
    {
      "geometry": {
        "coordinates": [
          -75.56962,
          6.25015
        ],
        "type": "Point"
      },
      "properties": {
        "barrio": "",
        "contacto": "",
        "departamento": "Antioquia",
        "direccion": "Carrera 52 #30A-97",
        "estado": "activo",
        "fecha_corte": "2026-08-10",
        "fuente": "curado",
        "fuente_url": "https://www.infobae.com/colombia/2026/08/10/centros-de-acopio-habilitados-en-colombia-tras-el-terremoto-guia-por-ciudad-para-donar-y-ayudar-a-las-victimas/",
        "id": "curado-2e0ffd5e3a",
        "municipio": "Medellín",
        "necesita": [],
        "nombre": "Fundación Banco Arquidiocesano de Alimentos de Medellín",
        "tipo": "acopio",
        "verificado": true
      },
      "type": "Feature"
    },
    {
      "geometry": {
        "coordinates": [
          -76.58121,
          3.41084
        ],
        "type": "Point"
      },
      "properties": {
        "barrio": "",
        "contacto": "",
        "departamento": "Valle del Cauca",
        "direccion": "Calle 38 N # 3N-21, Prados del Norte",
        "estado": "activo",
        "fecha_corte": "2026-08-11",
        "fuente": "curado",
        "fuente_url": "https://www.eltiempo.com/colombia/otras-ciudades/ayudas-tras-terremoto-en-colombia-centros-de-acopio-bancos-de-sangre-bancos-de-alimentos-canales-oficiales-y-puntos-de-donaciones-en-el-pais-3577631",
        "id": "curado-3037725598",
        "municipio": "Cali",
        "necesita": [],
        "nombre": "Banco de sangre Hemolife",
        "tipo": "sangre",
        "verificado": true
      },
      "type": "Feature"
    },
    {
      "geometry": {
        "coordinates": [
          -75.78832,
          4.78546
        ],
        "type": "Point"
      },
      "properties": {
        "barrio": "",
        "contacto": "",
        "departamento": "Risaralda",
        "direccion": "Avenida principal barrio El Remanso, al lado del centro de salud",
        "estado": "activo",
        "fecha_corte": "2026-08-11",
        "fuente": "curado",
        "fuente_url": "https://www.eltiempo.com/colombia/otras-ciudades/como-ayudar-tras-terremoto-de-7-4-en-colombia-estos-son-los-centros-de-acopio-bancos-de-sangre-y-alimentos-canales-oficiales-y-puntos-de-donacion-3577631",
        "id": "curado-3d09899e7d",
        "municipio": "Pereira",
        "necesita": [],
        "nombre": "Café El Remanso",
        "tipo": "acopio",
        "verificado": true
      },
      "type": "Feature"
    },
    {
      "geometry": {
        "coordinates": [
          -76.5432,
          3.4297
        ],
        "type": "Point"
      },
      "properties": {
        "barrio": "",
        "contacto": "",
        "departamento": "Valle del Cauca",
        "direccion": "Calle 9 con Carrera 37A/39, Unidad Deportiva Panamericana",
        "estado": "activo",
        "fecha_corte": "2026-08-11",
        "fuente": "curado",
        "fuente_url": "https://www.elpais.com.co/cali/terremoto-en-cali-estos-son-los-lugares-habilitados-para-recibir-a-los-damnificados-1038.html",
        "id": "curado-3f08e5253f",
        "municipio": "Cali",
        "necesita": [],
        "nombre": "Coliseo de Hockey Miguel Calero (Canchas Panamericanas)",
        "tipo": "albergue",
        "verificado": true
      },
      "type": "Feature"
    },
    {
      "geometry": {
        "coordinates": [
          -76.53698,
          3.42187
        ],
        "type": "Point"
      },
      "properties": {
        "barrio": "",
        "contacto": "",
        "departamento": "Valle del Cauca",
        "direccion": "Carrera 39 con Calle 9",
        "estado": "activo",
        "fecha_corte": "2026-08-11",
        "fuente": "curado",
        "fuente_url": "https://www.elpais.com.co/cali/alcaldia-habilita-nuevos-espacios-para-recibir-ayudas-y-atender-a-afectados-en-cali-1154.html",
        "id": "curado-3fa31c2c02",
        "municipio": "Cali",
        "necesita": [],
        "nombre": "Diamante de Béisbol (Canchas Panamericanas)",
        "tipo": "albergue",
        "verificado": true
      },
      "type": "Feature"
    },
    {
      "geometry": {
        "coordinates": [
          -75.73713,
          4.81673
        ],
        "type": "Point"
      },
      "properties": {
        "barrio": "",
        "contacto": "",
        "departamento": "Risaralda",
        "direccion": "",
        "estado": "activo",
        "fecha_corte": "2026-08-11",
        "fuente": "curado",
        "fuente_url": "https://www.semana.com/nacion/articulo/pereira-confirmo-la-muerte-de-72-personas-tras-el-terremoto-en-colombia-el-10-de-agosto/202651/",
        "id": "curado-3fb215ef13",
        "municipio": "Pereira",
        "necesita": [],
        "nombre": "Sociedad de Mejoras de Pereira",
        "tipo": "donacion-org",
        "verificado": true
      },
      "type": "Feature"
    },
    {
      "geometry": {
        "coordinates": [
          -75.69628,
          4.80943
        ],
        "type": "Point"
      },
      "properties": {
        "barrio": "",
        "contacto": "",
        "departamento": "Risaralda",
        "direccion": "Parque Olaya Herrera, Pereira",
        "estado": "activo",
        "fecha_corte": "2026-08-11",
        "fuente": "curado",
        "fuente_url": "https://www.eldiario.com.co/actualidad/emergencia-en-pereira-avanzan-labores-de-busqueda-y-rescate/",
        "id": "curado-40af7bed2a",
        "municipio": "Pereira",
        "necesita": [],
        "nombre": "Parque Olaya Herrera",
        "tipo": "albergue",
        "verificado": true
      },
      "type": "Feature"
    },
    {
      "geometry": {
        "coordinates": [
          -76.5370157,
          3.4263251
        ],
        "type": "Point"
      },
      "properties": {
        "barrio": "Escuela nacional del deporte",
        "contacto": "3183355722",
        "departamento": "Valle del Cauca",
        "direccion": "Calle 9 # 34-01",
        "estado": "activo",
        "fecha_corte": "2026-08-11",
        "fuente": "curado",
        "fuente_url": "https://www.elpais.com.co/cali/alcaldia-habilita-nuevos-espacios-para-recibir-ayudas-y-atender-a-afectados-en-cali-1154.html",
        "id": "curado-40d8cf477a",
        "municipio": "Cali",
        "necesita": [
          "Alimentos"
        ],
        "nombre": "Escuela Nacional del Deporte",
        "tipo": "acopio",
        "verificado": true
      },
      "type": "Feature"
    },
    {
      "geometry": {
        "coordinates": [
          -75.59813,
          6.22402
        ],
        "type": "Point"
      },
      "properties": {
        "barrio": "",
        "contacto": "",
        "departamento": "Antioquia",
        "direccion": "Parque Biblioteca Belén",
        "estado": "activo",
        "fecha_corte": "2026-08-11",
        "fuente": "curado",
        "fuente_url": "https://www.eltiempo.com/colombia/medellin/medellin-se-une-por-las-victimas-del-terremoto-en-colombia-conozca-los-10-puntos-para-entregar-sus-donaciones-3577553",
        "id": "curado-40e1652d52",
        "municipio": "Medellín",
        "necesita": [],
        "nombre": "Parque Biblioteca Belén",
        "tipo": "acopio",
        "verificado": true
      },
      "type": "Feature"
    },
    {
      "geometry": {
        "coordinates": [
          -76.532,
          3.4516
        ],
        "type": "Point"
      },
      "properties": {
        "barrio": "",
        "contacto": "Web www.valledelcauca.gov.co",
        "departamento": "Valle del Cauca",
        "direccion": "Antiguas bodegas Industria de Licores del Valle, Carrera 1 # 26-85, Cali; Casa del Valle, Calle 34 # 5-50, Bogotá",
        "estado": "activo",
        "fecha_corte": "2026-08-12",
        "fuente": "curado",
        "fuente_url": "https://www.eltiempo.com/colombia/cali/la-solidaridad-se-moviliza-en-el-valle-del-cauca-habilitan-tres-puntos-clave-en-cali-para-donaciones-tras-el-sismo-de-magnitud-7-3577852",
        "id": "curado-4548ab3718",
        "municipio": "Cali",
        "necesita": [],
        "nombre": "Gobernación del Valle del Cauca – Campaña 'Todos Somos Valle'",
        "tipo": "donacion-org",
        "verificado": true
      },
      "type": "Feature"
    },
    {
      "geometry": {
        "coordinates": [
          -74.0525,
          4.7027
        ],
        "type": "Point"
      },
      "properties": {
        "barrio": "",
        "contacto": "",
        "departamento": "Bogotá D.C.",
        "direccion": "Carrera 15 #124-30",
        "estado": "activo",
        "fecha_corte": "2026-08-10",
        "fuente": "curado",
        "fuente_url": "https://bogota.gov.co/mi-ciudad/seguridad/puntos-de-donacion-en-bogota-para-damnificados-terremoto-en-colombia",
        "id": "curado-4a52fa09b4",
        "municipio": "Bogotá",
        "necesita": [],
        "nombre": "Centro Comercial Unicentro (punto Cruz Roja)",
        "tipo": "acopio",
        "verificado": true
      },
      "type": "Feature"
    },
    {
      "geometry": {
        "coordinates": [
          -74.08272,
          4.61716
        ],
        "type": "Point"
      },
      "properties": {
        "barrio": "",
        "contacto": "www.cruzrojacolombiana.org",
        "departamento": "Bogotá D.C.",
        "direccion": "Carrera 24 #73-38",
        "estado": "activo",
        "fecha_corte": "2026-08-10",
        "fuente": "curado",
        "fuente_url": "https://bogota.gov.co/mi-ciudad/seguridad/puntos-de-donacion-en-bogota-para-damnificados-terremoto-en-colombia",
        "id": "curado-4e4aa12808",
        "municipio": "Bogotá",
        "necesita": [],
        "nombre": "Cruz Roja - Sede administrativa Seccional Cundinamarca y Bogotá",
        "tipo": "acopio",
        "verificado": true
      },
      "type": "Feature"
    },
    {
      "geometry": {
        "coordinates": [
          -76.54544,
          3.43018
        ],
        "type": "Point"
      },
      "properties": {
        "barrio": "",
        "contacto": "",
        "departamento": "Valle del Cauca",
        "direccion": "Calle 5 #36-08",
        "estado": "activo",
        "fecha_corte": "2026-08-12",
        "fuente": "curado",
        "fuente_url": "https://cuidarcolombia.vercel.app/",
        "id": "curado-52ec2b1fe4",
        "municipio": "Cali",
        "necesita": [],
        "nombre": "Hospital Universitario del Valle — banco de sangre",
        "tipo": "sangre",
        "verificado": true
      },
      "type": "Feature"
    },
    {
      "geometry": {
        "coordinates": [
          -76.58121,
          3.41084
        ],
        "type": "Point"
      },
      "properties": {
        "barrio": "",
        "contacto": "",
        "departamento": "Valle del Cauca",
        "direccion": "",
        "estado": "activo",
        "fecha_corte": "2026-08-12",
        "fuente": "curado",
        "fuente_url": "https://www.cali.gov.co/gobierno/publicaciones/193607/terremoto-de-cali-repositorio-oficial-de-informacion/",
        "id": "curado-5399bed5e0",
        "municipio": "Cali",
        "necesita": [],
        "nombre": "Complejo Deportivo Alberto Galindo",
        "tipo": "acopio",
        "verificado": true
      },
      "type": "Feature"
    },
    {
      "geometry": {
        "coordinates": [
          -75.7414,
          4.49199
        ],
        "type": "Point"
      },
      "properties": {
        "barrio": "",
        "contacto": "Tel: 3164781842 / 3006481293",
        "departamento": "Quindío",
        "direccion": "Avenida Bolívar # 23 Norte-60",
        "estado": "activo",
        "fecha_corte": "2026-08-10",
        "fuente": "curado",
        "fuente_url": "https://www.semana.com/nacion/articulo/los-tipos-de-sangre-mas-solicitados-tras-el-terremoto-la-cruz-roja-hizo-llamado-de-auxilio-puntos-para-donar/202653/",
        "id": "curado-559fd3d36a",
        "municipio": "Armenia",
        "necesita": [],
        "nombre": "Cruz Roja Colombiana - Banco Regional de sangre Armenia",
        "tipo": "sangre",
        "verificado": true
      },
      "type": "Feature"
    },
    {
      "geometry": {
        "coordinates": [
          -75.60256,
          6.26973
        ],
        "type": "Point"
      },
      "properties": {
        "barrio": "",
        "contacto": "",
        "departamento": "Antioquia",
        "direccion": "Biblioteca Pública El Poblado (red de bibliotecas de Medellín)",
        "estado": "activo",
        "fecha_corte": "2026-08-11",
        "fuente": "curado",
        "fuente_url": "https://www.eltiempo.com/colombia/medellin/medellin-se-une-por-las-victimas-del-terremoto-en-colombia-conozca-los-10-puntos-para-entregar-sus-donaciones-3577553",
        "id": "curado-66d97707b3",
        "municipio": "Medellín",
        "necesita": [],
        "nombre": "Biblioteca Pública El Poblado",
        "tipo": "acopio",
        "verificado": true
      },
      "type": "Feature"
    },
    {
      "geometry": {
        "coordinates": [
          -75.50812,
          5.07437
        ],
        "type": "Point"
      },
      "properties": {
        "barrio": "",
        "contacto": "Alcaldía de Manizales: +57 (606) 892 8000",
        "departamento": "Caldas",
        "direccion": "Canchas auxiliares contiguas a la estación de Bomberos Palogrande, sector Palogrande, Manizales",
        "estado": "activo",
        "fecha_corte": "2026-08-10",
        "fuente": "curado",
        "fuente_url": "https://www.lapatria.com/manizales/en-manizales-hacen-un-llamado-donar-sangre-tras-terremoto-conozca-los-puntos-habilitados",
        "id": "curado-6946e9891c",
        "municipio": "Manizales",
        "necesita": [],
        "nombre": "Canchas auxiliares junto a Estación de Bomberos Palogrande",
        "tipo": "sangre",
        "verificado": true
      },
      "type": "Feature"
    },
    {
      "geometry": {
        "coordinates": [
          -75.78832,
          4.78546
        ],
        "type": "Point"
      },
      "properties": {
        "barrio": "",
        "contacto": "",
        "departamento": "Risaralda",
        "direccion": "Carrera 14 bis # 28-38, antigua estación de Policía",
        "estado": "urgente",
        "fecha_corte": "2026-08-11",
        "fuente": "curado",
        "fuente_url": "https://www.eltiempo.com/colombia/otras-ciudades/como-ayudar-tras-terremoto-de-7-4-en-colombia-estos-son-los-centros-de-acopio-bancos-de-sangre-y-alimentos-canales-oficiales-y-puntos-de-donacion-3577631",
        "id": "curado-6b4d33d151",
        "municipio": "Pereira",
        "necesita": [
          "Agua potable",
          "Alimentos no perecederos",
          "Colchonetas, cobijas y mantas"
        ],
        "nombre": "Café San Nicolás",
        "tipo": "acopio",
        "verificado": true
      },
      "type": "Feature"
    },
    {
      "geometry": {
        "coordinates": [
          -75.76313,
          4.62245
        ],
        "type": "Point"
      },
      "properties": {
        "barrio": "",
        "contacto": "",
        "departamento": "Quindío",
        "direccion": "",
        "estado": "activo",
        "fecha_corte": "2026-08-12",
        "fuente": "curado",
        "fuente_url": "https://www.eltiempo.com/justicia/investigacion/el-drama-de-familias-en-quimbaya-quindio-tras-el-terremoto-que-dejo-1-000-viviendas-afectadas-450-destruidas-y-800-damnificados-3577820",
        "id": "curado-76ea922128",
        "municipio": "Quimbaya",
        "necesita": [],
        "nombre": "Albergue municipal de Quimbaya (habilitado por la alcaldía)",
        "tipo": "albergue",
        "verificado": true
      },
      "type": "Feature"
    },
    {
      "geometry": {
        "coordinates": [
          -75.5786,
          6.1996
        ],
        "type": "Point"
      },
      "properties": {
        "barrio": "",
        "contacto": "",
        "departamento": "Antioquia",
        "direccion": "Universidad EAFIT, placa cubierta",
        "estado": "activo",
        "fecha_corte": "2026-08-11",
        "fuente": "curado",
        "fuente_url": "https://www.eltiempo.com/colombia/medellin/medellin-se-une-por-las-victimas-del-terremoto-en-colombia-conozca-los-10-puntos-para-entregar-sus-donaciones-3577553",
        "id": "curado-77c37b5736",
        "municipio": "Medellín",
        "necesita": [],
        "nombre": "Universidad EAFIT - Placa cubierta",
        "tipo": "acopio",
        "verificado": true
      },
      "type": "Feature"
    },
    {
      "geometry": {
        "coordinates": [
          -75.78832,
          4.78546
        ],
        "type": "Point"
      },
      "properties": {
        "barrio": "",
        "contacto": "+57 316 478 1821",
        "departamento": "Risaralda",
        "direccion": "",
        "estado": "activo",
        "fecha_corte": "2026-08-11",
        "fuente": "curado",
        "fuente_url": "https://www.eldiario.com.co/actualidad/emergencia-en-pereira-avanzan-labores-de-busqueda-y-rescate/",
        "id": "curado-7953d10bb3",
        "municipio": "Pereira",
        "necesita": [],
        "nombre": "Cruz Roja Colombiana — línea de desaparecidos Pereira",
        "tipo": "donacion-org",
        "verificado": true
      },
      "type": "Feature"
    },
    {
      "geometry": {
        "coordinates": [
          -75.78832,
          4.78546
        ],
        "type": "Point"
      },
      "properties": {
        "barrio": "",
        "contacto": "",
        "departamento": "Risaralda",
        "direccion": "Parque principal de Kennedy",
        "estado": "activo",
        "fecha_corte": "2026-08-11",
        "fuente": "curado",
        "fuente_url": "https://www.eltiempo.com/colombia/otras-ciudades/como-ayudar-tras-terremoto-de-7-4-en-colombia-estos-son-los-centros-de-acopio-bancos-de-sangre-y-alimentos-canales-oficiales-y-puntos-de-donacion-3577631",
        "id": "curado-7a66f6202a",
        "municipio": "Pereira",
        "necesita": [],
        "nombre": "Café Kennedy",
        "tipo": "acopio",
        "verificado": true
      },
      "type": "Feature"
    },
    {
      "geometry": {
        "coordinates": [
          -75.70901,
          4.81509
        ],
        "type": "Point"
      },
      "properties": {
        "barrio": "",
        "contacto": "",
        "departamento": "Risaralda",
        "direccion": "Coliseo Mayor, Pereira",
        "estado": "activo",
        "fecha_corte": "2026-08-11",
        "fuente": "curado",
        "fuente_url": "https://www.eldiario.com.co/actualidad/emergencia-en-pereira-avanzan-labores-de-busqueda-y-rescate/",
        "id": "curado-7c5f51fc68",
        "municipio": "Pereira",
        "necesita": [],
        "nombre": "Coliseo Mayor de Pereira",
        "tipo": "albergue",
        "verificado": true
      },
      "type": "Feature"
    },
    {
      "geometry": {
        "coordinates": [
          -77.07552,
          3.89056
        ],
        "type": "Point"
      },
      "properties": {
        "barrio": "",
        "contacto": "Reencuentro familiar: rcf@cruzrojacolombiana.org, WhatsApp 321 213 9525; web www.cruzrojacolombiana.org",
        "departamento": "Nacional",
        "direccion": "",
        "estado": "activo",
        "fecha_corte": "2026-08-10",
        "fuente": "curado",
        "fuente_url": "https://www.cruzrojacolombiana.org/cruz-roja-colombiana-despliega-capacidades-para-dar-respuesta-tras-las-afectaciones-por-sismo-en-colombia/",
        "id": "curado-7e199b7145",
        "municipio": "Nacional",
        "necesita": [],
        "nombre": "Cruz Roja Colombiana (respuesta nacional al sismo)",
        "tipo": "donacion-org",
        "verificado": true
      },
      "type": "Feature"
    },
    {
      "geometry": {
        "coordinates": [
          -76.532,
          3.4516
        ],
        "type": "Point"
      },
      "properties": {
        "barrio": "",
        "contacto": "Tel Gobernación +57 (602) 620 00 00, contactenos@valledelcauca.gov.co",
        "departamento": "Valle del Cauca",
        "direccion": "Carrera 6 con Calle 10, Edificio Palacio de San Francisco",
        "estado": "activo",
        "fecha_corte": "2026-08-11",
        "fuente": "curado",
        "fuente_url": "https://www.valledelcauca.gov.co/publicaciones/90172/campana-el-valle-somos-todos-estos-son-los-elementos-que-se-pueden-donar-para-los-damnificados-por-el-sismo/",
        "id": "curado-7e911f23af",
        "municipio": "Cali",
        "necesita": [],
        "nombre": "Gobernación del Valle del Cauca - Palacio de San Francisco (parqueadero)",
        "tipo": "acopio",
        "verificado": true
      },
      "type": "Feature"
    },
    {
      "geometry": {
        "coordinates": [
          -76.58121,
          3.41084
        ],
        "type": "Point"
      },
      "properties": {
        "barrio": "",
        "contacto": "",
        "departamento": "Valle del Cauca",
        "direccion": "Carrera 38 bis # 5B2-04, Santa Isabel",
        "estado": "activo",
        "fecha_corte": "2026-08-11",
        "fuente": "curado",
        "fuente_url": "https://www.eltiempo.com/colombia/otras-ciudades/ayudas-tras-terremoto-en-colombia-centros-de-acopio-bancos-de-sangre-bancos-de-alimentos-canales-oficiales-y-puntos-de-donaciones-en-el-pais-3577631",
        "id": "curado-820874a1dc",
        "municipio": "Cali",
        "necesita": [],
        "nombre": "Banco de sangre Imbanaco",
        "tipo": "sangre",
        "verificado": true
      },
      "type": "Feature"
    },
    {
      "geometry": {
        "coordinates": [
          -76.65313,
          5.69128
        ],
        "type": "Point"
      },
      "properties": {
        "barrio": "",
        "contacto": "Sedes y canales oficiales de la Cruz Roja Colombiana (www.cruzrojacolombiana.org)",
        "departamento": "Chocó",
        "direccion": "",
        "estado": "activo",
        "fecha_corte": "2026-08-12",
        "fuente": "curado",
        "fuente_url": "https://www.elcolombiano.com/colombia/choco-necesita-nevera-para-almacenar-sangre-heridos-terremotos-MH39857957",
        "id": "curado-87cab0ed2a",
        "municipio": "Quibdó",
        "necesita": [],
        "nombre": "Cruz Roja Colombiana — donación de sangre para heridos del Chocó (#TodosPorColombia)",
        "tipo": "sangre",
        "verificado": true
      },
      "type": "Feature"
    },
    {
      "geometry": {
        "coordinates": [
          -74.12292,
          4.62755
        ],
        "type": "Point"
      },
      "properties": {
        "barrio": "",
        "contacto": "",
        "departamento": "Bogotá D.C.",
        "direccion": "Avenida Carrera 68 #31-41 sur",
        "estado": "activo",
        "fecha_corte": "2026-08-10",
        "fuente": "curado",
        "fuente_url": "https://www.infobae.com/colombia/2026/08/10/centros-de-acopio-habilitados-en-colombia-tras-el-terremoto-guia-por-ciudad-para-donar-y-ayudar-a-las-victimas/",
        "id": "curado-88dad4ad3f",
        "municipio": "Bogotá",
        "necesita": [],
        "nombre": "Cruz Roja - Samu Sur",
        "tipo": "acopio",
        "verificado": true
      },
      "type": "Feature"
    },
    {
      "geometry": {
        "coordinates": [
          -75.6713,
          4.83396
        ],
        "type": "Point"
      },
      "properties": {
        "barrio": "",
        "contacto": "",
        "departamento": "Risaralda",
        "direccion": "Transversal 5 # 6-30, La Badea",
        "estado": "activo",
        "fecha_corte": "2026-08-12",
        "fuente": "curado",
        "fuente_url": "https://www.eltiempo.com/datos/este-es-el-mapa-completo-de-los-centros-de-acopio-habilitados-en-colombia-para-ayudar-a-los-damnificados-del-terremoto-de-magnitud-7-3577654",
        "id": "curado-9a2fe18406",
        "municipio": "Dosquebradas",
        "necesita": [],
        "nombre": "Banco de Alimentos — punto alterno La Badea",
        "tipo": "acopio",
        "verificado": true
      },
      "type": "Feature"
    },
    {
      "geometry": {
        "coordinates": [
          -76.65313,
          5.69128
        ],
        "type": "Point"
      },
      "properties": {
        "barrio": "",
        "contacto": "Convocatoria por redes sociales (Instagram) de Jhon Arias y Alejandra Ayala",
        "departamento": "Chocó",
        "direccion": "",
        "estado": "activo",
        "fecha_corte": "2026-08-11",
        "fuente": "curado",
        "fuente_url": "https://www.elespectador.com/deportes/futbol-mundial/jhon-arias-movilizo-ayuda-para-quibdo-tras-el-terremoto-insumos-medicos-y-rescatistas/",
        "id": "curado-9ae98084ab",
        "municipio": "Quibdó",
        "necesita": [],
        "nombre": "Puente aéreo humanitario de Jhon Arias y Alejandra Ayala",
        "tipo": "donacion-org",
        "verificado": true
      },
      "type": "Feature"
    },
    {
      "geometry": {
        "coordinates": [
          -75.73199,
          4.82238
        ],
        "type": "Point"
      },
      "properties": {
        "barrio": "",
        "contacto": "",
        "departamento": "Risaralda",
        "direccion": "Carrera 3 con calle 59 A, sector Parque Industrial",
        "estado": "activo",
        "fecha_corte": "2026-08-11",
        "fuente": "curado",
        "fuente_url": "https://www.eltiempo.com/colombia/otras-ciudades/como-ayudar-tras-terremoto-de-7-4-en-colombia-estos-son-los-centros-de-acopio-bancos-de-sangre-y-alimentos-canales-oficiales-y-puntos-de-donacion-3577631",
        "id": "curado-a38cb0fcfe",
        "municipio": "Pereira",
        "necesita": [],
        "nombre": "Café Comuna del Café",
        "tipo": "acopio",
        "verificado": true
      },
      "type": "Feature"
    },
    {
      "geometry": {
        "coordinates": [
          -75.48769,
          5.06406
        ],
        "type": "Point"
      },
      "properties": {
        "barrio": "",
        "contacto": "Cruz Roja Seccional Caldas, sede Av. Kevin Ángel (dirección física)",
        "departamento": "Caldas",
        "direccion": "Avenida Kevin Ángel, Carrera 21 # 69-350, Manizales",
        "estado": "activo",
        "fecha_corte": "2026-08-11",
        "fuente": "curado",
        "fuente_url": "https://www.lapatria.com/manizales/ayudas-para-damnificados-en-manizales-por-el-terremoto-que-donar-y-donde-llevarlo",
        "id": "curado-a839bd55c8",
        "municipio": "Manizales",
        "necesita": [],
        "nombre": "Cruz Roja Colombiana Seccional Caldas — sede administrativa",
        "tipo": "acopio",
        "verificado": true
      },
      "type": "Feature"
    },
    {
      "geometry": {
        "coordinates": [
          -75.72274,
          4.81016
        ],
        "type": "Point"
      },
      "properties": {
        "barrio": "",
        "contacto": "",
        "departamento": "Risaralda",
        "direccion": "Mz 7 y Mz 8, Villa Consota, Cuba",
        "estado": "activo",
        "fecha_corte": "2026-08-11",
        "fuente": "curado",
        "fuente_url": "https://www.eltiempo.com/colombia/otras-ciudades/como-ayudar-tras-terremoto-de-7-4-en-colombia-estos-son-los-centros-de-acopio-bancos-de-sangre-y-alimentos-canales-oficiales-y-puntos-de-donacion-3577631",
        "id": "curado-a976221a35",
        "municipio": "Pereira",
        "necesita": [],
        "nombre": "Café Consota (Centro de Desarrollo Empresarial)",
        "tipo": "acopio",
        "verificado": true
      },
      "type": "Feature"
    },
    {
      "geometry": {
        "coordinates": [
          -76.58121,
          3.41084
        ],
        "type": "Point"
      },
      "properties": {
        "barrio": "",
        "contacto": "",
        "departamento": "Valle del Cauca",
        "direccion": "Plazoleta del CAM (Centro Administrativo Municipal)",
        "estado": "cerrado",
        "fecha_corte": "2026-08-11",
        "fuente": "curado",
        "fuente_url": "https://www.eltiempo.com/colombia/otras-ciudades/ayudas-tras-terremoto-en-colombia-centros-de-acopio-bancos-de-sangre-bancos-de-alimentos-canales-oficiales-y-puntos-de-donaciones-en-el-pais-3577631",
        "id": "curado-a9cf0794b3",
        "municipio": "Cali",
        "necesita": [],
        "nombre": "Punto temporal de donación de sangre - Plazoleta del CAM",
        "tipo": "sangre",
        "verificado": true
      },
      "type": "Feature"
    },
    {
      "geometry": {
        "coordinates": [
          -74.0776,
          4.6459
        ],
        "type": "Point"
      },
      "properties": {
        "barrio": "",
        "contacto": "",
        "departamento": "Bogotá D.C.",
        "direccion": "Avenida NQS (Carrera 30) entre calles 53B Bis y 57",
        "estado": "activo",
        "fecha_corte": "2026-08-10",
        "fuente": "curado",
        "fuente_url": "https://bogota.gov.co/mi-ciudad/seguridad/puntos-de-donacion-en-bogota-para-damnificados-terremoto-en-colombia",
        "id": "curado-af54e2025e",
        "municipio": "Bogotá",
        "necesita": [],
        "nombre": "Estadio El Campín (punto Cruz Roja)",
        "tipo": "acopio",
        "verificado": true
      },
      "type": "Feature"
    },
    {
      "geometry": {
        "coordinates": [
          -75.67088,
          4.80699
        ],
        "type": "Point"
      },
      "properties": {
        "barrio": "",
        "contacto": "",
        "departamento": "Risaralda",
        "direccion": "Estadio Mora Mora, Pereira",
        "estado": "activo",
        "fecha_corte": "2026-08-11",
        "fuente": "curado",
        "fuente_url": "https://www.eldiario.com.co/actualidad/emergencia-en-pereira-avanzan-labores-de-busqueda-y-rescate/",
        "id": "curado-afe9e18090",
        "municipio": "Pereira",
        "necesita": [],
        "nombre": "Estadio Mora Mora",
        "tipo": "albergue",
        "verificado": true
      },
      "type": "Feature"
    },
    {
      "geometry": {
        "coordinates": [
          -75.7414,
          4.49199
        ],
        "type": "Point"
      },
      "properties": {
        "barrio": "",
        "contacto": "",
        "departamento": "Quindío",
        "direccion": "",
        "estado": "activo",
        "fecha_corte": "2026-08-12",
        "fuente": "curado",
        "fuente_url": "https://www.eltiempo.com/datos/este-es-el-mapa-completo-de-los-centros-de-acopio-habilitados-en-colombia-para-ayudar-a-los-damnificados-del-terremoto-de-magnitud-7-3577654",
        "id": "curado-b13950d9d7",
        "municipio": "Armenia",
        "necesita": [],
        "nombre": "Banco de Alimentos Monseñor Roberto López Londoño (Pastoral Social, Diócesis de Armenia)",
        "tipo": "acopio",
        "verificado": true
      },
      "type": "Feature"
    },
    {
      "geometry": {
        "coordinates": [
          -76.54364,
          3.42359
        ],
        "type": "Point"
      },
      "properties": {
        "barrio": "",
        "contacto": "Tel. 311 625 8815",
        "departamento": "Valle del Cauca",
        "direccion": "Cra. 38 Bis #5-91, barrio San Fernando",
        "estado": "activo",
        "fecha_corte": "2026-08-12",
        "fuente": "curado",
        "fuente_url": "https://cuidarcolombia.vercel.app/",
        "id": "curado-b1dfcdce3b",
        "municipio": "Cali",
        "necesita": [],
        "nombre": "Banco Regional de Sangre Cruz Roja Valle",
        "tipo": "sangre",
        "verificado": true
      },
      "type": "Feature"
    },
    {
      "geometry": {
        "coordinates": [
          -76.65313,
          5.69128
        ],
        "type": "Point"
      },
      "properties": {
        "barrio": "",
        "contacto": "Gobernación del Chocó (edificio La Confianza, Calle 31, Quibdó)",
        "departamento": "Chocó",
        "direccion": "Calle 31, edificio La Confianza, Quibdó",
        "estado": "activo",
        "fecha_corte": "2026-08-12",
        "fuente": "curado",
        "fuente_url": "https://www.pulzo.com/nacion/como-ayudar-choco-destruccion-luego-terremoto-74-colombia-PP5272714",
        "id": "curado-b56c49f15a",
        "municipio": "Quibdó",
        "necesita": [],
        "nombre": "Gobernación del Chocó — punto de recepción de ayudas",
        "tipo": "acopio",
        "verificado": true
      },
      "type": "Feature"
    },
    {
      "geometry": {
        "coordinates": [
          -75.78832,
          4.78546
        ],
        "type": "Point"
      },
      "properties": {
        "barrio": "",
        "contacto": "",
        "departamento": "Risaralda",
        "direccion": "Calle 3 bis # 5-38, avenida del Río",
        "estado": "urgente",
        "fecha_corte": "2026-08-11",
        "fuente": "curado",
        "fuente_url": "https://www.eltiempo.com/colombia/otras-ciudades/como-ayudar-tras-terremoto-de-7-4-en-colombia-estos-son-los-centros-de-acopio-bancos-de-sangre-y-alimentos-canales-oficiales-y-puntos-de-donacion-3577631",
        "id": "curado-b76a3cafd8",
        "municipio": "Pereira",
        "necesita": [
          "Agua potable",
          "Alimentos no perecederos",
          "Colchonetas, cobijas y mantas"
        ],
        "nombre": "Café Ormaza",
        "tipo": "acopio",
        "verificado": true
      },
      "type": "Feature"
    },
    {
      "geometry": {
        "coordinates": [
          -76.58121,
          3.41084
        ],
        "type": "Point"
      },
      "properties": {
        "barrio": "",
        "contacto": "Instagram @la_ollarodante",
        "departamento": "Valle del Cauca",
        "direccion": "Carrera 9 # 4-25, barrio San Antonio",
        "estado": "activo",
        "fecha_corte": "2026-08-11",
        "fuente": "curado",
        "fuente_url": "https://revistadiners.com.co/gastronomia/donde-comer/ollas-comunitarias-terremoto-cali",
        "id": "curado-b7d01e718b",
        "municipio": "Cali",
        "necesita": [],
        "nombre": "Artefacto Social — Olla Rodante",
        "tipo": "olla",
        "verificado": true
      },
      "type": "Feature"
    },
    {
      "geometry": {
        "coordinates": [
          -76.65313,
          5.69128
        ],
        "type": "Point"
      },
      "properties": {
        "barrio": "",
        "contacto": "Diócesis de Quibdó; coordinación nacional ABACO WhatsApp 313 245 7978",
        "departamento": "Chocó",
        "direccion": "Calle 21 con carrera 4ª No. 4-82, Quibdó",
        "estado": "activo",
        "fecha_corte": "2026-08-11",
        "fuente": "curado",
        "fuente_url": "https://www.cablenoticias.com/noticias/abaco-corredor-humanitario-sismo-choco-colombia",
        "id": "curado-b9d278e311",
        "municipio": "Quibdó",
        "necesita": [],
        "nombre": "Banco de Alimentos — Diócesis de Quibdó",
        "tipo": "acopio",
        "verificado": true
      },
      "type": "Feature"
    },
    {
      "geometry": {
        "coordinates": [
          -76.65313,
          5.69128
        ],
        "type": "Point"
      },
      "properties": {
        "barrio": "",
        "contacto": "Fondo Departamental de Gestión del Riesgo del Chocó / Gobernación del Chocó",
        "departamento": "Chocó",
        "direccion": "Antigua bodega Postobón, km 4 vía Quibdó–Yuto",
        "estado": "activo",
        "fecha_corte": "2026-08-12",
        "fuente": "curado",
        "fuente_url": "https://www.pulzo.com/nacion/como-ayudar-choco-destruccion-luego-terremoto-74-colombia-PP5272714",
        "id": "curado-baff833a47",
        "municipio": "Quibdó",
        "necesita": [],
        "nombre": "Centro Logístico Humanitario del Departamento del Chocó",
        "tipo": "acopio",
        "verificado": true
      },
      "type": "Feature"
    },
    {
      "geometry": {
        "coordinates": [
          -76.54478,
          3.42726
        ],
        "type": "Point"
      },
      "properties": {
        "barrio": "",
        "contacto": "Tel 311 625 8815; web www.cruzrojacolombiana.org",
        "departamento": "Valle del Cauca",
        "direccion": "Carrera 38 Bis # 5-91, barrio San Fernando, Cali (banco de sangre); acopio en parqueadero Cruz Roja Valle, Carrera 38 Bis # 5B",
        "estado": "activo",
        "fecha_corte": "2026-08-11",
        "fuente": "curado",
        "fuente_url": "https://cwmas.com.co/suroccidente/cali/2026/08/11/donde-donar-sangre-en-cali-tras-terremoto-conozca-puntos-habilitados/",
        "id": "curado-bfcb7489fe",
        "municipio": "Cali",
        "necesita": [],
        "nombre": "Cruz Roja Colombiana – Seccional Valle del Cauca",
        "tipo": "donacion-org",
        "verificado": true
      },
      "type": "Feature"
    },
    {
      "geometry": {
        "coordinates": [
          -76.58121,
          3.41084
        ],
        "type": "Point"
      },
      "properties": {
        "barrio": "",
        "contacto": "",
        "departamento": "Valle del Cauca",
        "direccion": "Cra. 8 #39-01",
        "estado": "activo",
        "fecha_corte": "2026-08-12",
        "fuente": "curado",
        "fuente_url": "https://www.cali.gov.co/gobierno/publicaciones/193607/terremoto-de-cali-repositorio-oficial-de-informacion/",
        "id": "curado-bff6e4b644",
        "municipio": "Cali",
        "necesita": [],
        "nombre": "Parque de la Caña",
        "tipo": "acopio",
        "verificado": true
      },
      "type": "Feature"
    },
    {
      "geometry": {
        "coordinates": [
          -76.58121,
          3.41084
        ],
        "type": "Point"
      },
      "properties": {
        "barrio": "",
        "contacto": "Twitter/X @MafeCarrascal",
        "departamento": "Valle del Cauca",
        "direccion": "Barrio Salomia (sin dirección exacta en la fuente)",
        "estado": "activo",
        "fecha_corte": "2026-08-11",
        "fuente": "curado",
        "fuente_url": "https://revistadiners.com.co/gastronomia/donde-comer/ollas-comunitarias-terremoto-cali",
        "id": "curado-c9f6d50826",
        "municipio": "Cali",
        "necesita": [],
        "nombre": "Olla comunitaria Salomia",
        "tipo": "olla",
        "verificado": true
      },
      "type": "Feature"
    },
    {
      "geometry": {
        "coordinates": [
          -76.5325,
          3.4517
        ],
        "type": "Point"
      },
      "properties": {
        "barrio": "",
        "contacto": "",
        "departamento": "Valle del Cauca",
        "direccion": "Plaza de Cayzedo, centro de Cali",
        "estado": "cerrado",
        "fecha_corte": "2026-08-11",
        "fuente": "curado",
        "fuente_url": "https://www.eltiempo.com/colombia/otras-ciudades/ayudas-tras-terremoto-en-colombia-centros-de-acopio-bancos-de-sangre-bancos-de-alimentos-canales-oficiales-y-puntos-de-donaciones-en-el-pais-3577631",
        "id": "curado-d04806f2ad",
        "municipio": "Cali",
        "necesita": [],
        "nombre": "Punto temporal de donación de sangre - Plaza de Cayzedo",
        "tipo": "sangre",
        "verificado": true
      },
      "type": "Feature"
    },
    {
      "geometry": {
        "coordinates": [
          -75.67097,
          4.83377
        ],
        "type": "Point"
      },
      "properties": {
        "barrio": "",
        "contacto": "",
        "departamento": "Risaralda",
        "direccion": "Centro Administrativo Municipal (CAM), Dosquebradas",
        "estado": "activo",
        "fecha_corte": "2026-08-11",
        "fuente": "curado",
        "fuente_url": "https://www.eldiario.com.co/actualidad/dosquebradas-fortalece-atencion-de-la-emergencia-con-apoyo-nacional-y-departamental/",
        "id": "curado-d2d2435e45",
        "municipio": "Dosquebradas",
        "necesita": [],
        "nombre": "Carpa de atención Gestión del Riesgo — CAM Dosquebradas",
        "tipo": "albergue",
        "verificado": true
      },
      "type": "Feature"
    },
    {
      "geometry": {
        "coordinates": [
          -75.78832,
          4.78546
        ],
        "type": "Point"
      },
      "properties": {
        "barrio": "",
        "contacto": "A través de la red de bancos de alimentos ABACO (punto físico alterno en Dosquebradas: Transversal 5 # 6-30, La Badea)",
        "departamento": "Risaralda",
        "direccion": "",
        "estado": "activo",
        "fecha_corte": "2026-08-11",
        "fuente": "curado",
        "fuente_url": "https://www.semana.com/nacion/articulo/bancos-de-alimentos-activan-ayuda-para-damnificados-por-el-terremoto-en-colombia-asi-puede-donar/202641/",
        "id": "curado-d2dd419dc0",
        "municipio": "Pereira",
        "necesita": [],
        "nombre": "ABACO — Asociación de Bancos de Alimentos de Colombia (centro de distribución Pereira)",
        "tipo": "donacion-org",
        "verificado": true
      },
      "type": "Feature"
    },
    {
      "geometry": {
        "coordinates": [
          -74.08363,
          4.65338
        ],
        "type": "Point"
      },
      "properties": {
        "barrio": "",
        "contacto": "Tel Gobernación +57 (602) 620 00 00",
        "departamento": "Bogotá D.C.",
        "direccion": "Calle 34 No. 5-50, barrio La Merced, localidad de Santa Fe",
        "estado": "activo",
        "fecha_corte": "2026-08-11",
        "fuente": "curado",
        "fuente_url": "https://www.valledelcauca.gov.co/publicaciones/90172/campana-el-valle-somos-todos-estos-son-los-elementos-que-se-pueden-donar-para-los-damnificados-por-el-sismo/",
        "id": "curado-d3956fdb26",
        "municipio": "Bogotá",
        "necesita": [],
        "nombre": "Casa del Valle en Bogotá",
        "tipo": "acopio",
        "verificado": true
      },
      "type": "Feature"
    },
    {
      "geometry": {
        "coordinates": [
          -74.13451,
          4.66375
        ],
        "type": "Point"
      },
      "properties": {
        "barrio": "",
        "contacto": "www.bancodealimentos.org.co",
        "departamento": "Bogotá D.C.",
        "direccion": "Calle 19A #32-50",
        "estado": "activo",
        "fecha_corte": "2026-08-11",
        "fuente": "curado",
        "fuente_url": "https://www.eltiempo.com/colombia/otras-ciudades/ayudas-tras-terremoto-en-colombia-centros-de-acopio-bancos-de-sangre-bancos-de-alimentos-canales-oficiales-y-puntos-de-donaciones-en-el-pais-3577631",
        "id": "curado-d89a85448f",
        "municipio": "Bogotá",
        "necesita": [],
        "nombre": "Banco de Alimentos de Bogotá",
        "tipo": "acopio",
        "verificado": true
      },
      "type": "Feature"
    },
    {
      "geometry": {
        "coordinates": [
          -76.538772,
          3.388852
        ],
        "type": "Point"
      },
      "properties": {
        "barrio": "",
        "contacto": "Instagram: publicación oficial de LAIKA (https://www.instagram.com/p/Db3ZsFjEV_0/)",
        "departamento": "Valle del Cauca",
        "direccion": "Calle 13 #75-110",
        "estado": "activo",
        "fecha_corte": "2026-08-10",
        "fuente": "curado",
        "fuente_url": "https://cuidarcolombia.vercel.app/",
        "id": "curado-d99d8ebd6a",
        "municipio": "Cali",
        "necesita": [],
        "nombre": "LAIKA — tienda Capry (acopio para personas y animales)",
        "tipo": "acopio",
        "verificado": true
      },
      "type": "Feature"
    },
    {
      "geometry": {
        "coordinates": [
          -76.51997,
          3.43197
        ],
        "type": "Point"
      },
      "properties": {
        "barrio": "",
        "contacto": "",
        "departamento": "Valle del Cauca",
        "direccion": "Calle 24 #6-103",
        "estado": "activo",
        "fecha_corte": "2026-08-11",
        "fuente": "curado",
        "fuente_url": "https://cuidarcolombia.vercel.app/",
        "id": "curado-ddc5cc89ae",
        "municipio": "Cali",
        "necesita": [],
        "nombre": "Banco de Alimentos de Cali",
        "tipo": "acopio",
        "verificado": true
      },
      "type": "Feature"
    },
    {
      "geometry": {
        "coordinates": [
          -74.0878,
          4.66086
        ],
        "type": "Point"
      },
      "properties": {
        "barrio": "",
        "contacto": "",
        "departamento": "Bogotá D.C.",
        "direccion": "Avenida La Esmeralda #63-81",
        "estado": "activo",
        "fecha_corte": "2026-08-10",
        "fuente": "curado",
        "fuente_url": "https://www.infobae.com/colombia/2026/08/10/centros-de-acopio-habilitados-en-colombia-tras-el-terremoto-guia-por-ciudad-para-donar-y-ayudar-a-las-victimas/",
        "id": "curado-dec3218848",
        "municipio": "Bogotá",
        "necesita": [],
        "nombre": "Cruz Roja - Centro de Salvamento Acuático",
        "tipo": "acopio",
        "verificado": true
      },
      "type": "Feature"
    },
    {
      "geometry": {
        "coordinates": [
          -76.55142,
          3.41308
        ],
        "type": "Point"
      },
      "properties": {
        "barrio": "",
        "contacto": "",
        "departamento": "Valle del Cauca",
        "direccion": "Carrera 52 entre calles 2 y 3",
        "estado": "activo",
        "fecha_corte": "2026-08-11",
        "fuente": "curado",
        "fuente_url": "https://cuidarcolombia.vercel.app/",
        "id": "curado-df3831db3f",
        "municipio": "Cali",
        "necesita": [],
        "nombre": "Ciudadela Petronio — Unidad Deportiva Alberto Galindo",
        "tipo": "acopio",
        "verificado": true
      },
      "type": "Feature"
    },
    {
      "geometry": {
        "coordinates": [
          -74.05462,
          4.64441
        ],
        "type": "Point"
      },
      "properties": {
        "barrio": "",
        "contacto": "",
        "departamento": "Bogotá D.C.",
        "direccion": "Calle 63 #59A-06",
        "estado": "activo",
        "fecha_corte": "2026-08-10",
        "fuente": "curado",
        "fuente_url": "https://www.infobae.com/colombia/2026/08/10/centros-de-acopio-habilitados-en-colombia-tras-el-terremoto-guia-por-ciudad-para-donar-y-ayudar-a-las-victimas/",
        "id": "curado-e1ff88f1b3",
        "municipio": "Bogotá",
        "necesita": [],
        "nombre": "Palacio de los Deportes (punto Cruz Roja)",
        "tipo": "acopio",
        "verificado": true
      },
      "type": "Feature"
    },
    {
      "geometry": {
        "coordinates": [
          -75.65097,
          4.56129
        ],
        "type": "Point"
      },
      "properties": {
        "barrio": "",
        "contacto": "",
        "departamento": "Quindío",
        "direccion": "",
        "estado": "activo",
        "fecha_corte": "2026-08-12",
        "fuente": "curado",
        "fuente_url": "https://cronicadelquindio.com/quindio/gobierno-anuncia-ayudas-para-familias-afectadas-por-terremoto-en-quindio/",
        "id": "curado-e32e3ff125",
        "municipio": "Armenia",
        "necesita": [],
        "nombre": "Centro Cultural Metropolitano de Convenciones",
        "tipo": "acopio",
        "verificado": true
      },
      "type": "Feature"
    },
    {
      "geometry": {
        "coordinates": [
          -77.07383,
          3.88819
        ],
        "type": "Point"
      },
      "properties": {
        "barrio": "",
        "contacto": "Instagram: publicación de la red ABACO (https://www.instagram.com/p/Db3yn-LDvL-/)",
        "departamento": "Valle del Cauca",
        "direccion": "Avenida Simón Bolívar No. 47C-70, interior Colegio Seminario, Buenaventura",
        "estado": "activo",
        "fecha_corte": "2026-08-10",
        "fuente": "curado",
        "fuente_url": "https://www.semana.com/nacion/articulo/bancos-de-alimentos-activan-ayuda-para-damnificados-por-el-terremoto-en-colombia-asi-puede-donar/202641/",
        "id": "curado-e342191b6d",
        "municipio": "Buenaventura",
        "necesita": [],
        "nombre": "Banco de Alimentos de Buenaventura (red ABACO)",
        "tipo": "acopio",
        "verificado": true
      },
      "type": "Feature"
    },
    {
      "geometry": {
        "coordinates": [
          -76.5198802,
          3.4610172
        ],
        "type": "Point"
      },
      "properties": {
        "barrio": "",
        "contacto": "Tel Gobernación +57 (602) 620 00 00",
        "departamento": "Valle del Cauca",
        "direccion": "Carrera 1 No. 26-85",
        "estado": "activo",
        "fecha_corte": "2026-08-11",
        "fuente": "curado",
        "fuente_url": "https://www.valledelcauca.gov.co/publicaciones/90172/campana-el-valle-somos-todos-estos-son-los-elementos-que-se-pueden-donar-para-los-damnificados-por-el-sismo/",
        "id": "curado-e39dee984d",
        "municipio": "Cali",
        "necesita": [],
        "nombre": "Centro de acopio Antigua Licorera del Valle",
        "tipo": "acopio",
        "verificado": true
      },
      "type": "Feature"
    },
    {
      "geometry": {
        "coordinates": [
          -76.58121,
          3.41084
        ],
        "type": "Point"
      },
      "properties": {
        "barrio": "",
        "contacto": "Instagram @pastoralsocialcali",
        "departamento": "Valle del Cauca",
        "direccion": "Barrio Colseguros (sin dirección exacta en la fuente)",
        "estado": "activo",
        "fecha_corte": "2026-08-11",
        "fuente": "curado",
        "fuente_url": "https://revistadiners.com.co/gastronomia/donde-comer/ollas-comunitarias-terremoto-cali",
        "id": "curado-e57b9cf69b",
        "municipio": "Cali",
        "necesita": [],
        "nombre": "Olla Pastoral Social / Secretaría de Bienestar — barrio Colseguros",
        "tipo": "olla",
        "verificado": true
      },
      "type": "Feature"
    },
    {
      "geometry": {
        "coordinates": [
          -76.52036,
          3.454
        ],
        "type": "Point"
      },
      "properties": {
        "barrio": "",
        "contacto": "Web www.bancodealimentos.org",
        "departamento": "Valle del Cauca",
        "direccion": "Calle 24 # 6-103, barrio San Nicolás, Cali",
        "estado": "activo",
        "fecha_corte": "2026-08-11",
        "fuente": "curado",
        "fuente_url": "https://www.elpais.com.co/cali/banco-de-alimentos-activa-red-de-emergencia-tras-sismo-y-lanza-llamado-urgente-a-donantes-y-voluntarios-1132.html",
        "id": "curado-eec93eceef",
        "municipio": "Cali",
        "necesita": [],
        "nombre": "Fundación Arquidiocesana Banco de Alimentos de Cali",
        "tipo": "donacion-org",
        "verificado": true
      },
      "type": "Feature"
    },
    {
      "geometry": {
        "coordinates": [
          -75.5736,
          6.2447
        ],
        "type": "Point"
      },
      "properties": {
        "barrio": "",
        "contacto": "",
        "departamento": "Antioquia",
        "direccion": "Centro administrativo La Alpujarra, Calle 44 #52-165",
        "estado": "activo",
        "fecha_corte": "2026-08-11",
        "fuente": "curado",
        "fuente_url": "https://www.eltiempo.com/colombia/medellin/medellin-se-une-por-las-victimas-del-terremoto-en-colombia-conozca-los-10-puntos-para-entregar-sus-donaciones-3577553",
        "id": "curado-eeea47bdf7",
        "municipio": "Medellín",
        "necesita": [],
        "nombre": "Alcaldía de Medellín - Hall principal",
        "tipo": "acopio",
        "verificado": true
      },
      "type": "Feature"
    },
    {
      "geometry": {
        "coordinates": [
          -76.5432,
          3.4297
        ],
        "type": "Point"
      },
      "properties": {
        "barrio": "",
        "contacto": "",
        "departamento": "Valle del Cauca",
        "direccion": "Calle 9 con Carrera 37A/39, Unidad Deportiva Panamericana",
        "estado": "activo",
        "fecha_corte": "2026-08-11",
        "fuente": "curado",
        "fuente_url": "https://cuidarcolombia.vercel.app/",
        "id": "curado-f145f591a9",
        "municipio": "Cali",
        "necesita": [],
        "nombre": "Coliseo de Hockey Miguel Calero (acopio y punto de salud)",
        "tipo": "acopio",
        "verificado": true
      },
      "type": "Feature"
    },
    {
      "geometry": {
        "coordinates": [
          -74.06242,
          4.62237
        ],
        "type": "Point"
      },
      "properties": {
        "barrio": "",
        "contacto": "WhatsApp 313 245 7978",
        "departamento": "Nacional",
        "direccion": "",
        "estado": "activo",
        "fecha_corte": "2026-08-11",
        "fuente": "curado",
        "fuente_url": "https://www.eltiempo.com/colombia/otras-ciudades/ayudas-tras-terremoto-en-colombia-centros-de-acopio-bancos-de-sangre-bancos-de-alimentos-canales-oficiales-y-puntos-de-donaciones-en-el-pais-3577631",
        "id": "curado-f1aadda3a9",
        "municipio": "Nacional",
        "necesita": [],
        "nombre": "Asociación de Bancos de Alimentos de Colombia (Abaco)",
        "tipo": "donacion-org",
        "verificado": true
      },
      "type": "Feature"
    },
    {
      "geometry": {
        "coordinates": [
          -75.50812,
          5.07437
        ],
        "type": "Point"
      },
      "properties": {
        "barrio": "",
        "contacto": "Alcaldía de Manizales: +57 (606) 892 8000 / línea gratuita 018000 968988",
        "departamento": "Caldas",
        "direccion": "Unidad Deportiva Palogrande, Manizales",
        "estado": "activo",
        "fecha_corte": "2026-08-12",
        "fuente": "curado",
        "fuente_url": "https://www.lapatria.com/manizales/llueven-ayudas-en-manizales-tras-terremoto-comunidad-se-mueve-para-donar-conozca-puntos",
        "id": "curado-f278d32fd1",
        "municipio": "Manizales",
        "necesita": [],
        "nombre": "Coliseo Mayor Jorge Arango Uribe",
        "tipo": "albergue",
        "verificado": true
      },
      "type": "Feature"
    },
    {
      "geometry": {
        "coordinates": [
          -75.57776,
          6.30433
        ],
        "type": "Point"
      },
      "properties": {
        "barrio": "",
        "contacto": "",
        "departamento": "Antioquia",
        "direccion": "Parque Biblioteca Gabriel García Márquez",
        "estado": "activo",
        "fecha_corte": "2026-08-11",
        "fuente": "curado",
        "fuente_url": "https://www.eltiempo.com/colombia/medellin/medellin-se-une-por-las-victimas-del-terremoto-en-colombia-conozca-los-10-puntos-para-entregar-sus-donaciones-3577553",
        "id": "curado-f49fc809b1",
        "municipio": "Medellín",
        "necesita": [],
        "nombre": "Parque Biblioteca Gabriel García Márquez",
        "tipo": "acopio",
        "verificado": true
      },
      "type": "Feature"
    },
    {
      "geometry": {
        "coordinates": [
          -75.4825,
          5.05163
        ],
        "type": "Point"
      },
      "properties": {
        "barrio": "",
        "contacto": "Alcaldía de Manizales: +57 (606) 892 8000",
        "departamento": "Caldas",
        "direccion": "",
        "estado": "activo",
        "fecha_corte": "2026-08-10",
        "fuente": "curado",
        "fuente_url": "https://www.lapatria.com/manizales/en-manizales-hacen-un-llamado-donar-sangre-tras-terremoto-conozca-los-puntos-habilitados",
        "id": "curado-f73d6c6a20",
        "municipio": "Manizales",
        "necesita": [],
        "nombre": "Hemocentro del Café",
        "tipo": "sangre",
        "verificado": true
      },
      "type": "Feature"
    },
    {
      "geometry": {
        "coordinates": [
          -74.06242,
          4.62237
        ],
        "type": "Point"
      },
      "properties": {
        "barrio": "",
        "contacto": "ayuda.cruzrojacolombiana.org / www.cruzrojacolombiana.org",
        "departamento": "Nacional",
        "direccion": "",
        "estado": "activo",
        "fecha_corte": "2026-08-11",
        "fuente": "curado",
        "fuente_url": "https://www.lafm.com.co/actualidad/terremto-colombia-donaciones-canales-oficiales-cruz-roja-407490",
        "id": "curado-f7c449e729",
        "municipio": "Nacional",
        "necesita": [],
        "nombre": "Cruz Roja Colombiana - Emergencia Sismo",
        "tipo": "donacion-org",
        "verificado": true
      },
      "type": "Feature"
    },
    {
      "geometry": {
        "coordinates": [
          -76.532,
          3.4516
        ],
        "type": "Point"
      },
      "properties": {
        "barrio": "",
        "contacto": "Steven González 324 566 6775 / Lorena Tabares 312 833 8340",
        "departamento": "Valle del Cauca",
        "direccion": "Carrera 4 No. 22-07, barrio San Nicolás, Cali",
        "estado": "activo",
        "fecha_corte": "2026-08-11",
        "fuente": "curado",
        "fuente_url": "https://www.elpais.com.co/cali/propacifico-activa-campana-de-solidaridad-para-atender-a-damnificados-por-el-terremoto-1129.html",
        "id": "curado-f863add092",
        "municipio": "Cali",
        "necesita": [],
        "nombre": "Propacífico — campaña 'Solidaridad con el Pacífico'",
        "tipo": "donacion-org",
        "verificado": true
      },
      "type": "Feature"
    },
    {
      "geometry": {
        "coordinates": [
          -76.53632,
          3.4238
        ],
        "type": "Point"
      },
      "properties": {
        "barrio": "",
        "contacto": "",
        "departamento": "Valle del Cauca",
        "direccion": "",
        "estado": "activo",
        "fecha_corte": "2026-08-11",
        "fuente": "curado",
        "fuente_url": "https://www.elpais.com.co/cali/terremoto-en-cali-estos-son-los-lugares-habilitados-para-recibir-a-los-damnificados-1038.html",
        "id": "curado-f95cea5484",
        "municipio": "Cali",
        "necesita": [],
        "nombre": "Unidad Deportiva Jaime Aparicio",
        "tipo": "albergue",
        "verificado": true
      },
      "type": "Feature"
    },
    {
      "geometry": {
        "coordinates": [
          -76.50420516729356,
          3.4163118199601232
        ],
        "type": "Point"
      },
      "properties": {
        "barrio": "Antonio Nariño",
        "contacto": "",
        "departamento": "Valle del Cauca",
        "direccion": "",
        "estado": "activo",
        "fecha_corte": "2026-08-21T20:18:08Z",
        "fuente": "haciendo-comunidad",
        "fuente_url": "https://personnofound.github.io/HaciendoComunidad/",
        "id": "haciendo-comunidad-050c0caefc",
        "municipio": "",
        "necesita": [
          "Colapso de infraestructura"
        ],
        "nombre": "Antonio Nariño",
        "tipo": "rescate",
        "verificado": false
      },
      "type": "Feature"
    },
    {
      "geometry": {
        "coordinates": [
          -76.19024467424775,
          4.07053645475204
        ],
        "type": "Point"
      },
      "properties": {
        "barrio": "Villa Campestre",
        "contacto": "3052659796",
        "departamento": "Valle del Cauca",
        "direccion": "",
        "estado": "activo",
        "fecha_corte": "2026-08-21T20:18:08Z",
        "fuente": "haciendo-comunidad",
        "fuente_url": "https://personnofound.github.io/HaciendoComunidad/",
        "id": "haciendo-comunidad-052acdc885",
        "municipio": "",
        "necesita": [
          "Alimentos"
        ],
        "nombre": "Villa Campestre",
        "tipo": "acopio",
        "verificado": false
      },
      "type": "Feature"
    },
    {
      "geometry": {
        "coordinates": [
          -76.57283019740136,
          3.4051135398309214
        ],
        "type": "Point"
      },
      "properties": {
        "barrio": "Carrera 1b # 57-102 torres de comfandi,conjunto h torre10 apto 102o H torre",
        "contacto": "",
        "departamento": "Valle del Cauca",
        "direccion": "",
        "estado": "activo",
        "fecha_corte": "2026-08-21T20:18:08Z",
        "fuente": "haciendo-comunidad",
        "fuente_url": "https://personnofound.github.io/HaciendoComunidad/",
        "id": "haciendo-comunidad-0b02ea05e3",
        "municipio": "",
        "necesita": [
          "Otro"
        ],
        "nombre": "Carrera 1b # 57-102 torres de comfandi,conjunto h torre10 apto 102o H torre",
        "tipo": "otro",
        "verificado": false
      },
      "type": "Feature"
    },
    {
      "geometry": {
        "coordinates": [
          -76.49899095154282,
          3.571282651800129
        ],
        "type": "Point"
      },
      "properties": {
        "barrio": "Panorama yumbo",
        "contacto": "",
        "departamento": "Valle del Cauca",
        "direccion": "",
        "estado": "activo",
        "fecha_corte": "2026-08-21T20:18:08Z",
        "fuente": "haciendo-comunidad",
        "fuente_url": "https://personnofound.github.io/HaciendoComunidad/",
        "id": "haciendo-comunidad-108f5cc1b5",
        "municipio": "",
        "necesita": [
          "Otro"
        ],
        "nombre": "Panorama yumbo",
        "tipo": "otro",
        "verificado": false
      },
      "type": "Feature"
    },
    {
      "geometry": {
        "coordinates": [
          -76.55419081449509,
          3.377236432170557
        ],
        "type": "Point"
      },
      "properties": {
        "barrio": "Bajo jordan",
        "contacto": "",
        "departamento": "Valle del Cauca",
        "direccion": "",
        "estado": "activo",
        "fecha_corte": "2026-08-21T20:18:08Z",
        "fuente": "haciendo-comunidad",
        "fuente_url": "https://personnofound.github.io/HaciendoComunidad/",
        "id": "haciendo-comunidad-19d77f55a7",
        "municipio": "",
        "necesita": [
          "Colapso de infraestructura"
        ],
        "nombre": "Bajo jordan",
        "tipo": "rescate",
        "verificado": false
      },
      "type": "Feature"
    },
    {
      "geometry": {
        "coordinates": [
          -76.5591623,
          3.448548
        ],
        "type": "Point"
      },
      "properties": {
        "barrio": "santa teresita",
        "contacto": "3167412350",
        "departamento": "Valle del Cauca",
        "direccion": "",
        "estado": "activo",
        "fecha_corte": "2026-08-21T20:18:08Z",
        "fuente": "haciendo-comunidad",
        "fuente_url": "https://personnofound.github.io/HaciendoComunidad/",
        "id": "haciendo-comunidad-1df22c365f",
        "municipio": "",
        "necesita": [
          "Alimentos"
        ],
        "nombre": "santa teresita",
        "tipo": "acopio",
        "verificado": false
      },
      "type": "Feature"
    },
    {
      "geometry": {
        "coordinates": [
          -76.54795736074449,
          3.3961129818435403
        ],
        "type": "Point"
      },
      "properties": {
        "barrio": "Conjunto Residencial Ariguani",
        "contacto": "",
        "departamento": "Valle del Cauca",
        "direccion": "",
        "estado": "activo",
        "fecha_corte": "2026-08-21T20:18:08Z",
        "fuente": "haciendo-comunidad",
        "fuente_url": "https://personnofound.github.io/HaciendoComunidad/",
        "id": "haciendo-comunidad-28d1ea43a2",
        "municipio": "",
        "necesita": [
          "Colapso de infraestructura"
        ],
        "nombre": "Conjunto Residencial Ariguani",
        "tipo": "rescate",
        "verificado": false
      },
      "type": "Feature"
    },
    {
      "geometry": {
        "coordinates": [
          -76.54793053865434,
          3.42004952236759
        ],
        "type": "Point"
      },
      "properties": {
        "barrio": "Tequendama, Cali",
        "contacto": "",
        "departamento": "Valle del Cauca",
        "direccion": "",
        "estado": "activo",
        "fecha_corte": "2026-08-21T20:18:08Z",
        "fuente": "haciendo-comunidad",
        "fuente_url": "https://personnofound.github.io/HaciendoComunidad/",
        "id": "haciendo-comunidad-2bb91e771b",
        "municipio": "",
        "necesita": [
          "Rescate de personas atrapadas"
        ],
        "nombre": "Tequendama, Cali",
        "tipo": "rescate",
        "verificado": false
      },
      "type": "Feature"
    },
    {
      "geometry": {
        "coordinates": [
          -76.54860913753511,
          3.4233608307196444
        ],
        "type": "Point"
      },
      "properties": {
        "barrio": "Nueva Granada, Cali",
        "contacto": "",
        "departamento": "Valle del Cauca",
        "direccion": "",
        "estado": "activo",
        "fecha_corte": "2026-08-21T20:18:08Z",
        "fuente": "haciendo-comunidad",
        "fuente_url": "https://personnofound.github.io/HaciendoComunidad/",
        "id": "haciendo-comunidad-303080aede",
        "municipio": "",
        "necesita": [
          "Colapso de infraestructura"
        ],
        "nombre": "Nueva Granada, Cali",
        "tipo": "rescate",
        "verificado": false
      },
      "type": "Feature"
    },
    {
      "geometry": {
        "coordinates": [
          -76.53979271650316,
          3.416374739856105
        ],
        "type": "Point"
      },
      "properties": {
        "barrio": "Hotel metrópolis",
        "contacto": "",
        "departamento": "Valle del Cauca",
        "direccion": "",
        "estado": "activo",
        "fecha_corte": "2026-08-21T20:18:08Z",
        "fuente": "haciendo-comunidad",
        "fuente_url": "https://personnofound.github.io/HaciendoComunidad/",
        "id": "haciendo-comunidad-30f647e0b1",
        "municipio": "",
        "necesita": [
          "Colapso de infraestructura"
        ],
        "nombre": "Hotel metrópolis",
        "tipo": "rescate",
        "verificado": false
      },
      "type": "Feature"
    },
    {
      "geometry": {
        "coordinates": [
          -76.51643660866891,
          3.4680203707141684
        ],
        "type": "Point"
      },
      "properties": {
        "barrio": "Bueno madrid",
        "contacto": "",
        "departamento": "Valle del Cauca",
        "direccion": "",
        "estado": "activo",
        "fecha_corte": "2026-08-21T20:18:08Z",
        "fuente": "haciendo-comunidad",
        "fuente_url": "https://personnofound.github.io/HaciendoComunidad/",
        "id": "haciendo-comunidad-358569f876",
        "municipio": "",
        "necesita": [
          "Refugio o techo"
        ],
        "nombre": "Bueno madrid",
        "tipo": "albergue",
        "verificado": false
      },
      "type": "Feature"
    },
    {
      "geometry": {
        "coordinates": [
          -76.5458097,
          3.3762216
        ],
        "type": "Point"
      },
      "properties": {
        "barrio": "Melendez, comuna 18",
        "contacto": "3187285348",
        "departamento": "Valle del Cauca",
        "direccion": "",
        "estado": "activo",
        "fecha_corte": "2026-08-21T20:18:08Z",
        "fuente": "haciendo-comunidad",
        "fuente_url": "https://personnofound.github.io/HaciendoComunidad/",
        "id": "haciendo-comunidad-37197cbf29",
        "municipio": "",
        "necesita": [
          "Alimentos"
        ],
        "nombre": "Melendez, comuna 18",
        "tipo": "acopio",
        "verificado": false
      },
      "type": "Feature"
    },
    {
      "geometry": {
        "coordinates": [
          -76.55172765276804,
          3.37467607660152
        ],
        "type": "Point"
      },
      "properties": {
        "barrio": "Reservas de Meléndez etapa 1 - Comuna 18",
        "contacto": "",
        "departamento": "Valle del Cauca",
        "direccion": "",
        "estado": "activo",
        "fecha_corte": "2026-08-21T20:18:08Z",
        "fuente": "haciendo-comunidad",
        "fuente_url": "https://personnofound.github.io/HaciendoComunidad/",
        "id": "haciendo-comunidad-38acd1eb96",
        "municipio": "",
        "necesita": [
          "Refugio o techo"
        ],
        "nombre": "Reservas de Meléndez etapa 1 - Comuna 18",
        "tipo": "albergue",
        "verificado": false
      },
      "type": "Feature"
    },
    {
      "geometry": {
        "coordinates": [
          -76.53367996215822,
          3.3981940654267206
        ],
        "type": "Point"
      },
      "properties": {
        "barrio": "Limonar",
        "contacto": "",
        "departamento": "Valle del Cauca",
        "direccion": "",
        "estado": "activo",
        "fecha_corte": "2026-08-21T20:18:08Z",
        "fuente": "haciendo-comunidad",
        "fuente_url": "https://personnofound.github.io/HaciendoComunidad/",
        "id": "haciendo-comunidad-3b05bfa02f",
        "municipio": "",
        "necesita": [
          "Colapso de infraestructura"
        ],
        "nombre": "Limonar",
        "tipo": "rescate",
        "verificado": false
      },
      "type": "Feature"
    },
    {
      "geometry": {
        "coordinates": [
          -76.53973370790483,
          3.398023598365105
        ],
        "type": "Point"
      },
      "properties": {
        "barrio": "Limonar",
        "contacto": "",
        "departamento": "Valle del Cauca",
        "direccion": "",
        "estado": "activo",
        "fecha_corte": "2026-08-21T20:18:08Z",
        "fuente": "haciendo-comunidad",
        "fuente_url": "https://personnofound.github.io/HaciendoComunidad/",
        "id": "haciendo-comunidad-3b9f840ca9",
        "municipio": "",
        "necesita": [
          "Colapso de infraestructura"
        ],
        "nombre": "Limonar",
        "tipo": "rescate",
        "verificado": false
      },
      "type": "Feature"
    },
    {
      "geometry": {
        "coordinates": [
          -76.63903445005418,
          3.636881415467421
        ],
        "type": "Point"
      },
      "properties": {
        "barrio": "Corregimiento de lomitas, la Cumbre",
        "contacto": "3157264681",
        "departamento": "Valle del Cauca",
        "direccion": "",
        "estado": "activo",
        "fecha_corte": "2026-08-21T20:18:08Z",
        "fuente": "haciendo-comunidad",
        "fuente_url": "https://personnofound.github.io/HaciendoComunidad/",
        "id": "haciendo-comunidad-3f0b82bc45",
        "municipio": "",
        "necesita": [
          "Refugio o techo"
        ],
        "nombre": "Corregimiento de lomitas, la Cumbre",
        "tipo": "albergue",
        "verificado": false
      },
      "type": "Feature"
    },
    {
      "geometry": {
        "coordinates": [
          -76.54115939138138,
          3.4132632345758496
        ],
        "type": "Point"
      },
      "properties": {
        "barrio": "FRENTE A PALMETTO",
        "contacto": "",
        "departamento": "Valle del Cauca",
        "direccion": "",
        "estado": "activo",
        "fecha_corte": "2026-08-21T20:18:08Z",
        "fuente": "haciendo-comunidad",
        "fuente_url": "https://personnofound.github.io/HaciendoComunidad/",
        "id": "haciendo-comunidad-41563e8124",
        "municipio": "",
        "necesita": [
          "Rescate de personas atrapadas"
        ],
        "nombre": "FRENTE A PALMETTO",
        "tipo": "rescate",
        "verificado": false
      },
      "type": "Feature"
    },
    {
      "geometry": {
        "coordinates": [
          -76.54916167259218,
          3.4089468168482173
        ],
        "type": "Point"
      },
      "properties": {
        "barrio": "Edificio Ana Pilar",
        "contacto": "",
        "departamento": "Valle del Cauca",
        "direccion": "",
        "estado": "activo",
        "fecha_corte": "2026-08-21T20:18:08Z",
        "fuente": "haciendo-comunidad",
        "fuente_url": "https://personnofound.github.io/HaciendoComunidad/",
        "id": "haciendo-comunidad-4d93478e5f",
        "municipio": "",
        "necesita": [
          "Rescate de personas atrapadas"
        ],
        "nombre": "Edificio Ana Pilar",
        "tipo": "rescate",
        "verificado": false
      },
      "type": "Feature"
    },
    {
      "geometry": {
        "coordinates": [
          -76.54309767653105,
          3.422528660915573
        ],
        "type": "Point"
      },
      "properties": {
        "barrio": "Barrio tequendama",
        "contacto": "316 2 11 41 34",
        "departamento": "Valle del Cauca",
        "direccion": "",
        "estado": "activo",
        "fecha_corte": "2026-08-21T20:18:08Z",
        "fuente": "haciendo-comunidad",
        "fuente_url": "https://personnofound.github.io/HaciendoComunidad/",
        "id": "haciendo-comunidad-57156e3cb6",
        "municipio": "",
        "necesita": [
          "Rescate de personas atrapadas"
        ],
        "nombre": "Barrio tequendama",
        "tipo": "rescate",
        "verificado": false
      },
      "type": "Feature"
    },
    {
      "geometry": {
        "coordinates": [
          -76.63284391164781,
          3.6941739691000617
        ],
        "type": "Point"
      },
      "properties": {
        "barrio": "Corregimiento La María",
        "contacto": "",
        "departamento": "Valle del Cauca",
        "direccion": "",
        "estado": "activo",
        "fecha_corte": "2026-08-21T20:18:08Z",
        "fuente": "haciendo-comunidad",
        "fuente_url": "https://personnofound.github.io/HaciendoComunidad/",
        "id": "haciendo-comunidad-580e8ba309",
        "municipio": "",
        "necesita": [
          "Colapso de infraestructura"
        ],
        "nombre": "Corregimiento La María",
        "tipo": "rescate",
        "verificado": false
      },
      "type": "Feature"
    },
    {
      "geometry": {
        "coordinates": [
          -76.4821775657013,
          3.0225662119463386
        ],
        "type": "Point"
      },
      "properties": {
        "barrio": "Campus Carvajal - Univalle Sede Norte del Cauca",
        "contacto": "",
        "departamento": "Valle del Cauca",
        "direccion": "",
        "estado": "activo",
        "fecha_corte": "2026-08-21T20:18:08Z",
        "fuente": "haciendo-comunidad",
        "fuente_url": "https://personnofound.github.io/HaciendoComunidad/",
        "id": "haciendo-comunidad-588d867b76",
        "municipio": "",
        "necesita": [
          "Otro"
        ],
        "nombre": "Campus Carvajal - Univalle Sede Norte del Cauca",
        "tipo": "otro",
        "verificado": false
      },
      "type": "Feature"
    },
    {
      "geometry": {
        "coordinates": [
          -76.54753983020784,
          3.4084550560193785
        ],
        "type": "Point"
      },
      "properties": {
        "barrio": "Al lado de la sevillana de la 5ta con 56",
        "contacto": "",
        "departamento": "Valle del Cauca",
        "direccion": "",
        "estado": "activo",
        "fecha_corte": "2026-08-21T20:18:08Z",
        "fuente": "haciendo-comunidad",
        "fuente_url": "https://personnofound.github.io/HaciendoComunidad/",
        "id": "haciendo-comunidad-58c2531a3e",
        "municipio": "",
        "necesita": [
          "Colapso de infraestructura"
        ],
        "nombre": "Al lado de la sevillana de la 5ta con 56",
        "tipo": "rescate",
        "verificado": false
      },
      "type": "Feature"
    },
    {
      "geometry": {
        "coordinates": [
          -76.5570688,
          3.3758903
        ],
        "type": "Point"
      },
      "properties": {
        "barrio": "Alto Jordán",
        "contacto": "",
        "departamento": "Valle del Cauca",
        "direccion": "",
        "estado": "activo",
        "fecha_corte": "2026-08-21T20:18:08Z",
        "fuente": "haciendo-comunidad",
        "fuente_url": "https://personnofound.github.io/HaciendoComunidad/",
        "id": "haciendo-comunidad-592e060967",
        "municipio": "",
        "necesita": [
          "Agua"
        ],
        "nombre": "Alto Jordán",
        "tipo": "agua",
        "verificado": false
      },
      "type": "Feature"
    },
    {
      "geometry": {
        "coordinates": [
          -76.53560400009157,
          3.421193454523058
        ],
        "type": "Point"
      },
      "properties": {
        "barrio": "Autopista con 39",
        "contacto": "3112222931",
        "departamento": "Valle del Cauca",
        "direccion": "",
        "estado": "activo",
        "fecha_corte": "2026-08-21T20:18:08Z",
        "fuente": "haciendo-comunidad",
        "fuente_url": "https://personnofound.github.io/HaciendoComunidad/",
        "id": "haciendo-comunidad-5942db6874",
        "municipio": "",
        "necesita": [
          "Alimentos"
        ],
        "nombre": "Autopista con 39",
        "tipo": "acopio",
        "verificado": false
      },
      "type": "Feature"
    },
    {
      "geometry": {
        "coordinates": [
          -76.5458097,
          3.3762216
        ],
        "type": "Point"
      },
      "properties": {
        "barrio": "Melendez, comuna 18",
        "contacto": "3187285348",
        "departamento": "Valle del Cauca",
        "direccion": "",
        "estado": "activo",
        "fecha_corte": "2026-08-21T20:18:08Z",
        "fuente": "haciendo-comunidad",
        "fuente_url": "https://personnofound.github.io/HaciendoComunidad/",
        "id": "haciendo-comunidad-5a7392a176",
        "municipio": "",
        "necesita": [
          "Alimentos"
        ],
        "nombre": "Melendez, comuna 18",
        "tipo": "acopio",
        "verificado": false
      },
      "type": "Feature"
    },
    {
      "geometry": {
        "coordinates": [
          -76.6405163705349,
          3.6359805020526403
        ],
        "type": "Point"
      },
      "properties": {
        "barrio": "Corregimiento de lomitas, la Cumbre",
        "contacto": "3229087370",
        "departamento": "Valle del Cauca",
        "direccion": "",
        "estado": "activo",
        "fecha_corte": "2026-08-21T20:18:08Z",
        "fuente": "haciendo-comunidad",
        "fuente_url": "https://personnofound.github.io/HaciendoComunidad/",
        "id": "haciendo-comunidad-610f345db8",
        "municipio": "",
        "necesita": [
          "Alimentos"
        ],
        "nombre": "Corregimiento de lomitas, la Cumbre",
        "tipo": "acopio",
        "verificado": false
      },
      "type": "Feature"
    },
    {
      "geometry": {
        "coordinates": [
          -76.54172524809837,
          3.4147257686667083
        ],
        "type": "Point"
      },
      "properties": {
        "barrio": "Edificio Cantabria",
        "contacto": "",
        "departamento": "Valle del Cauca",
        "direccion": "",
        "estado": "activo",
        "fecha_corte": "2026-08-21T20:18:08Z",
        "fuente": "haciendo-comunidad",
        "fuente_url": "https://personnofound.github.io/HaciendoComunidad/",
        "id": "haciendo-comunidad-67d1b12a68",
        "municipio": "",
        "necesita": [
          "Colapso de infraestructura"
        ],
        "nombre": "Edificio Cantabria",
        "tipo": "rescate",
        "verificado": false
      },
      "type": "Feature"
    },
    {
      "geometry": {
        "coordinates": [
          -76.4927226,
          3.4776492
        ],
        "type": "Point"
      },
      "properties": {
        "barrio": "Chiminangos 2 comuna 5",
        "contacto": "",
        "departamento": "Valle del Cauca",
        "direccion": "",
        "estado": "activo",
        "fecha_corte": "2026-08-21T20:18:08Z",
        "fuente": "haciendo-comunidad",
        "fuente_url": "https://personnofound.github.io/HaciendoComunidad/",
        "id": "haciendo-comunidad-770a6527fd",
        "municipio": "",
        "necesita": [
          "Vía cerrada"
        ],
        "nombre": "Chiminangos 2 comuna 5",
        "tipo": "info",
        "verificado": false
      },
      "type": "Feature"
    },
    {
      "geometry": {
        "coordinates": [
          -75.90984680517877,
          4.734599364206096
        ],
        "type": "Point"
      },
      "properties": {
        "barrio": "El Rosario",
        "contacto": "3244041115",
        "departamento": "Valle del Cauca",
        "direccion": "",
        "estado": "activo",
        "fecha_corte": "2026-08-21T20:18:08Z",
        "fuente": "haciendo-comunidad",
        "fuente_url": "https://personnofound.github.io/HaciendoComunidad/",
        "id": "haciendo-comunidad-7ef00c32b6",
        "municipio": "",
        "necesita": [
          "Alimentos"
        ],
        "nombre": "El Rosario",
        "tipo": "acopio",
        "verificado": false
      },
      "type": "Feature"
    },
    {
      "geometry": {
        "coordinates": [
          -76.54234886169435,
          3.4225321680091016
        ],
        "type": "Point"
      },
      "properties": {
        "barrio": "Edificio de colores, cali",
        "contacto": "",
        "departamento": "Valle del Cauca",
        "direccion": "",
        "estado": "activo",
        "fecha_corte": "2026-08-21T20:18:08Z",
        "fuente": "haciendo-comunidad",
        "fuente_url": "https://personnofound.github.io/HaciendoComunidad/",
        "id": "haciendo-comunidad-8baaab2b0b",
        "municipio": "",
        "necesita": [
          "Colapso de infraestructura"
        ],
        "nombre": "Edificio de colores, cali",
        "tipo": "rescate",
        "verificado": false
      },
      "type": "Feature"
    },
    {
      "geometry": {
        "coordinates": [
          -76.54350489377977,
          3.3928624930114317
        ],
        "type": "Point"
      },
      "properties": {
        "barrio": "Torres del Limonar",
        "contacto": "",
        "departamento": "Valle del Cauca",
        "direccion": "",
        "estado": "activo",
        "fecha_corte": "2026-08-21T20:18:08Z",
        "fuente": "haciendo-comunidad",
        "fuente_url": "https://personnofound.github.io/HaciendoComunidad/",
        "id": "haciendo-comunidad-91ed92eed5",
        "municipio": "",
        "necesita": [
          "Rescate de personas atrapadas"
        ],
        "nombre": "Torres del Limonar",
        "tipo": "rescate",
        "verificado": false
      },
      "type": "Feature"
    },
    {
      "geometry": {
        "coordinates": [
          -76.5497785806656,
          3.409684457620054
        ],
        "type": "Point"
      },
      "properties": {
        "barrio": "Conjunto Residencial Guadalupe",
        "contacto": "",
        "departamento": "Valle del Cauca",
        "direccion": "",
        "estado": "activo",
        "fecha_corte": "2026-08-21T20:18:08Z",
        "fuente": "haciendo-comunidad",
        "fuente_url": "https://personnofound.github.io/HaciendoComunidad/",
        "id": "haciendo-comunidad-928bedbe0e",
        "municipio": "",
        "necesita": [
          "Colapso de infraestructura"
        ],
        "nombre": "Conjunto Residencial Guadalupe",
        "tipo": "rescate",
        "verificado": false
      },
      "type": "Feature"
    },
    {
      "geometry": {
        "coordinates": [
          -76.4957138,
          3.4799871
        ],
        "type": "Point"
      },
      "properties": {
        "barrio": "Chiminangos",
        "contacto": "‪3172868989‬",
        "departamento": "Valle del Cauca",
        "direccion": "",
        "estado": "activo",
        "fecha_corte": "2026-08-21T20:18:08Z",
        "fuente": "haciendo-comunidad",
        "fuente_url": "https://personnofound.github.io/HaciendoComunidad/",
        "id": "haciendo-comunidad-94c90e41e9",
        "municipio": "",
        "necesita": [
          "Alimentos"
        ],
        "nombre": "Chiminangos",
        "tipo": "acopio",
        "verificado": false
      },
      "type": "Feature"
    },
    {
      "geometry": {
        "coordinates": [
          -76.53851330280305,
          3.4223005707098153
        ],
        "type": "Point"
      },
      "properties": {
        "barrio": "Cerca a las canchas panamericanas",
        "contacto": "",
        "departamento": "Valle del Cauca",
        "direccion": "",
        "estado": "activo",
        "fecha_corte": "2026-08-21T20:18:08Z",
        "fuente": "haciendo-comunidad",
        "fuente_url": "https://personnofound.github.io/HaciendoComunidad/",
        "id": "haciendo-comunidad-9afe0cecb8",
        "municipio": "",
        "necesita": [
          "Colapso de infraestructura"
        ],
        "nombre": "Cerca a las canchas panamericanas",
        "tipo": "rescate",
        "verificado": false
      },
      "type": "Feature"
    },
    {
      "geometry": {
        "coordinates": [
          -76.1902236,
          4.0704816
        ],
        "type": "Point"
      },
      "properties": {
        "barrio": "Calle 43 No. 43 33 Tuluá Villa Campestre",
        "contacto": "",
        "departamento": "Valle del Cauca",
        "direccion": "",
        "estado": "activo",
        "fecha_corte": "2026-08-21T20:18:08Z",
        "fuente": "haciendo-comunidad",
        "fuente_url": "https://personnofound.github.io/HaciendoComunidad/",
        "id": "haciendo-comunidad-9c679513a1",
        "municipio": "",
        "necesita": [
          "Alimentos"
        ],
        "nombre": "Calle 43 No. 43 33 Tuluá Villa Campestre",
        "tipo": "acopio",
        "verificado": false
      },
      "type": "Feature"
    },
    {
      "geometry": {
        "coordinates": [
          -76.5525603,
          3.4096233
        ],
        "type": "Point"
      },
      "properties": {
        "barrio": "Unidad Deportiva Alberto Galindo",
        "contacto": "3183355722",
        "departamento": "Valle del Cauca",
        "direccion": "",
        "estado": "activo",
        "fecha_corte": "2026-08-21T20:18:08Z",
        "fuente": "haciendo-comunidad",
        "fuente_url": "https://personnofound.github.io/HaciendoComunidad/",
        "id": "haciendo-comunidad-a1fc3e49ea",
        "municipio": "",
        "necesita": [
          "Alimentos"
        ],
        "nombre": "Unidad Deportiva Alberto Galindo",
        "tipo": "acopio",
        "verificado": false
      },
      "type": "Feature"
    },
    {
      "geometry": {
        "coordinates": [
          -76.52956008911134,
          3.4765610749986267
        ],
        "type": "Point"
      },
      "properties": {
        "barrio": "Chipichape",
        "contacto": "",
        "departamento": "Valle del Cauca",
        "direccion": "",
        "estado": "activo",
        "fecha_corte": "2026-08-21T20:18:08Z",
        "fuente": "haciendo-comunidad",
        "fuente_url": "https://personnofound.github.io/HaciendoComunidad/",
        "id": "haciendo-comunidad-a30db3b26b",
        "municipio": "",
        "necesita": [
          "Colapso de infraestructura"
        ],
        "nombre": "Chipichape",
        "tipo": "rescate",
        "verificado": false
      },
      "type": "Feature"
    },
    {
      "geometry": {
        "coordinates": [
          -76.63826063275337,
          3.667526154436402
        ],
        "type": "Point"
      },
      "properties": {
        "barrio": "Vereda La Guaira",
        "contacto": "",
        "departamento": "Valle del Cauca",
        "direccion": "",
        "estado": "activo",
        "fecha_corte": "2026-08-21T20:18:08Z",
        "fuente": "haciendo-comunidad",
        "fuente_url": "https://personnofound.github.io/HaciendoComunidad/",
        "id": "haciendo-comunidad-a6b409ac4c",
        "municipio": "",
        "necesita": [
          "Alimentos"
        ],
        "nombre": "Vereda La Guaira",
        "tipo": "acopio",
        "verificado": false
      },
      "type": "Feature"
    },
    {
      "geometry": {
        "coordinates": [
          -76.54891222715379,
          3.4089595347973414
        ],
        "type": "Point"
      },
      "properties": {
        "barrio": "Edificio Ana Pilar, Cali",
        "contacto": "",
        "departamento": "Valle del Cauca",
        "direccion": "",
        "estado": "activo",
        "fecha_corte": "2026-08-21T20:18:08Z",
        "fuente": "haciendo-comunidad",
        "fuente_url": "https://personnofound.github.io/HaciendoComunidad/",
        "id": "haciendo-comunidad-a9efc3c3cb",
        "municipio": "",
        "necesita": [
          "Rescate de personas atrapadas"
        ],
        "nombre": "Edificio Ana Pilar, Cali",
        "tipo": "rescate",
        "verificado": false
      },
      "type": "Feature"
    },
    {
      "geometry": {
        "coordinates": [
          -76.6626728,
          3.593845
        ],
        "type": "Point"
      },
      "properties": {
        "barrio": "vía Cali - Loboguerrero, PR 36 ruta 1901, sector Puerto Kossón, corregimiento El Palmar",
        "contacto": "",
        "departamento": "Valle del Cauca",
        "direccion": "",
        "estado": "activo",
        "fecha_corte": "2026-08-21T20:18:08Z",
        "fuente": "haciendo-comunidad",
        "fuente_url": "https://personnofound.github.io/HaciendoComunidad/",
        "id": "haciendo-comunidad-af0c1fb9d5",
        "municipio": "",
        "necesita": [
          "Vía cerrada"
        ],
        "nombre": "vía Cali - Loboguerrero, PR 36 ruta 1901, sector Puerto Kossón, corregimiento El Palmar",
        "tipo": "info",
        "verificado": false
      },
      "type": "Feature"
    },
    {
      "geometry": {
        "coordinates": [
          -76.53478758703386,
          3.43439657293631
        ],
        "type": "Point"
      },
      "properties": {
        "barrio": "La alameda",
        "contacto": "",
        "departamento": "Valle del Cauca",
        "direccion": "",
        "estado": "activo",
        "fecha_corte": "2026-08-21T20:18:08Z",
        "fuente": "haciendo-comunidad",
        "fuente_url": "https://personnofound.github.io/HaciendoComunidad/",
        "id": "haciendo-comunidad-b1a1fb32c0",
        "municipio": "",
        "necesita": [
          "Colapso de infraestructura"
        ],
        "nombre": "La alameda",
        "tipo": "rescate",
        "verificado": false
      },
      "type": "Feature"
    },
    {
      "geometry": {
        "coordinates": [
          -76.53477028012277,
          3.4214595239773224
        ],
        "type": "Point"
      },
      "properties": {
        "barrio": "Apartahotel Molino Rojo",
        "contacto": "",
        "departamento": "Valle del Cauca",
        "direccion": "",
        "estado": "urgente",
        "fecha_corte": "2026-08-21T20:18:08Z",
        "fuente": "haciendo-comunidad",
        "fuente_url": "https://personnofound.github.io/HaciendoComunidad/",
        "id": "haciendo-comunidad-b40e93a48a",
        "municipio": "",
        "necesita": [
          "Colapso de infraestructura"
        ],
        "nombre": "Apartahotel Molino Rojo",
        "tipo": "rescate",
        "verificado": false
      },
      "type": "Feature"
    },
    {
      "geometry": {
        "coordinates": [
          -76.5491716,
          3.3920595
        ],
        "type": "Point"
      },
      "properties": {
        "barrio": "Barrio Buenos Aires, edificio mariana",
        "contacto": "",
        "departamento": "Valle del Cauca",
        "direccion": "",
        "estado": "activo",
        "fecha_corte": "2026-08-21T20:18:08Z",
        "fuente": "haciendo-comunidad",
        "fuente_url": "https://personnofound.github.io/HaciendoComunidad/",
        "id": "haciendo-comunidad-c7030add27",
        "municipio": "",
        "necesita": [
          "Colapso de infraestructura"
        ],
        "nombre": "Barrio Buenos Aires, edificio mariana",
        "tipo": "rescate",
        "verificado": false
      },
      "type": "Feature"
    },
    {
      "geometry": {
        "coordinates": [
          -76.54499351978303,
          3.430225718123678
        ],
        "type": "Point"
      },
      "properties": {
        "barrio": "Hospital Universitario",
        "contacto": "",
        "departamento": "Valle del Cauca",
        "direccion": "",
        "estado": "activo",
        "fecha_corte": "2026-08-21T20:18:08Z",
        "fuente": "haciendo-comunidad",
        "fuente_url": "https://personnofound.github.io/HaciendoComunidad/",
        "id": "haciendo-comunidad-c780a2ac84",
        "municipio": "",
        "necesita": [
          "Colapso de infraestructura"
        ],
        "nombre": "Hospital Universitario",
        "tipo": "rescate",
        "verificado": false
      },
      "type": "Feature"
    },
    {
      "geometry": {
        "coordinates": [
          -76.5526669,
          3.4191978
        ],
        "type": "Point"
      },
      "properties": {
        "barrio": "Cuarto de legua",
        "contacto": "",
        "departamento": "Valle del Cauca",
        "direccion": "",
        "estado": "activo",
        "fecha_corte": "2026-08-21T20:18:08Z",
        "fuente": "haciendo-comunidad",
        "fuente_url": "https://personnofound.github.io/HaciendoComunidad/",
        "id": "haciendo-comunidad-cac2c5b178",
        "municipio": "",
        "necesita": [
          "Alimentos"
        ],
        "nombre": "Cuarto de legua",
        "tipo": "acopio",
        "verificado": false
      },
      "type": "Feature"
    },
    {
      "geometry": {
        "coordinates": [
          -76.6313434,
          3.631383
        ],
        "type": "Point"
      },
      "properties": {
        "barrio": "Lomistas, la cumbre",
        "contacto": "3157264681",
        "departamento": "Valle del Cauca",
        "direccion": "",
        "estado": "activo",
        "fecha_corte": "2026-08-21T20:18:08Z",
        "fuente": "haciendo-comunidad",
        "fuente_url": "https://personnofound.github.io/HaciendoComunidad/",
        "id": "haciendo-comunidad-cb350d4e7e",
        "municipio": "",
        "necesita": [
          "Colapso de infraestructura"
        ],
        "nombre": "Lomistas, la cumbre",
        "tipo": "rescate",
        "verificado": false
      },
      "type": "Feature"
    },
    {
      "geometry": {
        "coordinates": [
          -76.54251515865327,
          3.436244502403138
        ],
        "type": "Point"
      },
      "properties": {
        "barrio": "Barrio San Fernando, Restaurante amasa",
        "contacto": "",
        "departamento": "Valle del Cauca",
        "direccion": "",
        "estado": "activo",
        "fecha_corte": "2026-08-21T20:18:08Z",
        "fuente": "haciendo-comunidad",
        "fuente_url": "https://personnofound.github.io/HaciendoComunidad/",
        "id": "haciendo-comunidad-cbac4baf1b",
        "municipio": "",
        "necesita": [
          "Alimentos"
        ],
        "nombre": "Barrio San Fernando, Restaurante amasa",
        "tipo": "acopio",
        "verificado": false
      },
      "type": "Feature"
    },
    {
      "geometry": {
        "coordinates": [
          -76.62293314933778,
          3.6313280269776427
        ],
        "type": "Point"
      },
      "properties": {
        "barrio": "Vereda Bellavista",
        "contacto": "3134223235",
        "departamento": "Valle del Cauca",
        "direccion": "",
        "estado": "activo",
        "fecha_corte": "2026-08-21T20:18:08Z",
        "fuente": "haciendo-comunidad",
        "fuente_url": "https://personnofound.github.io/HaciendoComunidad/",
        "id": "haciendo-comunidad-d6ceef022c",
        "municipio": "",
        "necesita": [
          "Refugio o techo"
        ],
        "nombre": "Vereda Bellavista",
        "tipo": "albergue",
        "verificado": false
      },
      "type": "Feature"
    },
    {
      "geometry": {
        "coordinates": [
          -76.5402513742447,
          3.4018341101260616
        ],
        "type": "Point"
      },
      "properties": {
        "barrio": "Edificio Vanessa",
        "contacto": "",
        "departamento": "Valle del Cauca",
        "direccion": "",
        "estado": "activo",
        "fecha_corte": "2026-08-21T20:18:08Z",
        "fuente": "haciendo-comunidad",
        "fuente_url": "https://personnofound.github.io/HaciendoComunidad/",
        "id": "haciendo-comunidad-d76d67907e",
        "municipio": "",
        "necesita": [
          "Colapso de infraestructura"
        ],
        "nombre": "Edificio Vanessa",
        "tipo": "rescate",
        "verificado": false
      },
      "type": "Feature"
    },
    {
      "geometry": {
        "coordinates": [
          -76.63471341133118,
          3.692032323253684
        ],
        "type": "Point"
      },
      "properties": {
        "barrio": "Vereda La María, La Cumbre, Valle del Cauca, Colombia",
        "contacto": "",
        "departamento": "Valle del Cauca",
        "direccion": "",
        "estado": "activo",
        "fecha_corte": "2026-08-21T20:18:08Z",
        "fuente": "haciendo-comunidad",
        "fuente_url": "https://personnofound.github.io/HaciendoComunidad/",
        "id": "haciendo-comunidad-d912e699a4",
        "municipio": "",
        "necesita": [
          "Colapso de infraestructura"
        ],
        "nombre": "Vereda La María, La Cumbre, Valle del Cauca, Colombia",
        "tipo": "rescate",
        "verificado": false
      },
      "type": "Feature"
    },
    {
      "geometry": {
        "coordinates": [
          -76.53428345918657,
          3.4335811682643853
        ],
        "type": "Point"
      },
      "properties": {
        "barrio": "Alameda",
        "contacto": "",
        "departamento": "Valle del Cauca",
        "direccion": "",
        "estado": "activo",
        "fecha_corte": "2026-08-21T20:18:08Z",
        "fuente": "haciendo-comunidad",
        "fuente_url": "https://personnofound.github.io/HaciendoComunidad/",
        "id": "haciendo-comunidad-dd2d99746c",
        "municipio": "",
        "necesita": [
          "Colapso de infraestructura"
        ],
        "nombre": "Alameda",
        "tipo": "rescate",
        "verificado": false
      },
      "type": "Feature"
    },
    {
      "geometry": {
        "coordinates": [
          -76.54060542583467,
          3.420222886076343
        ],
        "type": "Point"
      },
      "properties": {
        "barrio": "Los cambulos",
        "contacto": "",
        "departamento": "Valle del Cauca",
        "direccion": "",
        "estado": "activo",
        "fecha_corte": "2026-08-21T20:18:08Z",
        "fuente": "haciendo-comunidad",
        "fuente_url": "https://personnofound.github.io/HaciendoComunidad/",
        "id": "haciendo-comunidad-e7d2453fd2",
        "municipio": "",
        "necesita": [
          "Colapso de infraestructura"
        ],
        "nombre": "Los cambulos",
        "tipo": "rescate",
        "verificado": false
      },
      "type": "Feature"
    },
    {
      "geometry": {
        "coordinates": [
          -76.46752288860716,
          3.4332147802997985
        ],
        "type": "Point"
      },
      "properties": {
        "barrio": "Vallegrande apartamentos blancos",
        "contacto": "",
        "departamento": "Valle del Cauca",
        "direccion": "",
        "estado": "activo",
        "fecha_corte": "2026-08-21T20:18:08Z",
        "fuente": "haciendo-comunidad",
        "fuente_url": "https://personnofound.github.io/HaciendoComunidad/",
        "id": "haciendo-comunidad-ec19c6422a",
        "municipio": "",
        "necesita": [
          "Refugio o techo"
        ],
        "nombre": "Vallegrande apartamentos blancos",
        "tipo": "albergue",
        "verificado": false
      },
      "type": "Feature"
    },
    {
      "geometry": {
        "coordinates": [
          -76.58158153295518,
          3.57500813733583
        ],
        "type": "Point"
      },
      "properties": {
        "barrio": "Vereda chicoral corregimiento de la cumbre",
        "contacto": "",
        "departamento": "Valle del Cauca",
        "direccion": "",
        "estado": "activo",
        "fecha_corte": "2026-08-21T20:18:08Z",
        "fuente": "haciendo-comunidad",
        "fuente_url": "https://personnofound.github.io/HaciendoComunidad/",
        "id": "haciendo-comunidad-f276aee8f7",
        "municipio": "",
        "necesita": [
          "Colapso de infraestructura"
        ],
        "nombre": "Vereda chicoral corregimiento de la cumbre",
        "tipo": "rescate",
        "verificado": false
      },
      "type": "Feature"
    },
    {
      "geometry": {
        "coordinates": [
          -76.6353658,
          3.6919354
        ],
        "type": "Point"
      },
      "properties": {
        "barrio": "Corregimiento la maría de la cumbre",
        "contacto": "3163979091",
        "departamento": "Valle del Cauca",
        "direccion": "",
        "estado": "activo",
        "fecha_corte": "2026-08-21T20:18:08Z",
        "fuente": "haciendo-comunidad",
        "fuente_url": "https://personnofound.github.io/HaciendoComunidad/",
        "id": "haciendo-comunidad-f34faa928e",
        "municipio": "",
        "necesita": [
          "Alimentos"
        ],
        "nombre": "Corregimiento la maría de la cumbre",
        "tipo": "acopio",
        "verificado": false
      },
      "type": "Feature"
    },
    {
      "geometry": {
        "coordinates": [
          -76.62312710664851,
          3.6317883292246904
        ],
        "type": "Point"
      },
      "properties": {
        "barrio": "Vereda bellavista",
        "contacto": "3148088270",
        "departamento": "Valle del Cauca",
        "direccion": "",
        "estado": "activo",
        "fecha_corte": "2026-08-21T20:18:08Z",
        "fuente": "haciendo-comunidad",
        "fuente_url": "https://personnofound.github.io/HaciendoComunidad/",
        "id": "haciendo-comunidad-fcb0dfa687",
        "municipio": "",
        "necesita": [
          "Colapso de infraestructura"
        ],
        "nombre": "Vereda bellavista",
        "tipo": "rescate",
        "verificado": false
      },
      "type": "Feature"
    },
    {
      "geometry": {
        "coordinates": [
          -76.55135035514833,
          3.374532771432979
        ],
        "type": "Point"
      },
      "properties": {
        "barrio": "",
        "contacto": "",
        "departamento": "",
        "direccion": "Carrera 94 c",
        "estado": "urgente",
        "fecha_corte": "2026-08-21T20:18:08Z",
        "fuente": "mapa-emergencia",
        "fuente_url": "https://mapa-emergencia.artefactofilms.workers.dev/#p=camp5e9prmyu",
        "id": "mapa-emergencia-1b3cd953bc",
        "municipio": "",
        "necesita": [],
        "nombre": "Carrera 94 c",
        "tipo": "rescate",
        "verificado": false
      },
      "type": "Feature"
    },
    {
      "geometry": {
        "coordinates": [
          -74.0776054,
          4.6459495
        ],
        "type": "Point"
      },
      "properties": {
        "barrio": "",
        "contacto": "",
        "departamento": "",
        "direccion": "Campin, Bogotá",
        "estado": "por-confirmar",
        "fecha_corte": "2026-08-21T20:18:08Z",
        "fuente": "mapa-emergencia",
        "fuente_url": "https://mapa-emergencia.artefactofilms.workers.dev/#p=hw9w7cj26vwh",
        "id": "mapa-emergencia-2f225a94ff",
        "municipio": "",
        "necesita": [
          "Carpas",
          "Colchonetas",
          "Linternas"
        ],
        "nombre": "Campin, Bogotá",
        "tipo": "rescate",
        "verificado": false
      },
      "type": "Feature"
    },
    {
      "geometry": {
        "coordinates": [
          -76.5352988,
          3.4426439
        ],
        "type": "Point"
      },
      "properties": {
        "barrio": "San Bosco",
        "contacto": "311 2341267",
        "departamento": "",
        "direccion": "Carrera 14A 85-98",
        "estado": "por-confirmar",
        "fecha_corte": "2026-08-21T20:18:08Z",
        "fuente": "mapa-emergencia",
        "fuente_url": "https://mapa-emergencia.artefactofilms.workers.dev/#p=zimkegz2agg5",
        "id": "mapa-emergencia-36d1671fed",
        "municipio": "",
        "necesita": [
          "Agua",
          "Carpas",
          "Colchonetas",
          "Comida",
          "Linternas"
        ],
        "nombre": "Garec GPS (Fundacion Red de Apoyo SIC)",
        "tipo": "acopio",
        "verificado": false
      },
      "type": "Feature"
    },
    {
      "geometry": {
        "coordinates": [
          -76.5489367,
          3.2596045
        ],
        "type": "Point"
      },
      "properties": {
        "barrio": "",
        "contacto": "",
        "departamento": "",
        "direccion": "Los Naranjos, jamundi",
        "estado": "por-confirmar",
        "fecha_corte": "2026-08-21T20:18:08Z",
        "fuente": "mapa-emergencia",
        "fuente_url": "https://mapa-emergencia.artefactofilms.workers.dev/#p=g2idddxmw5j2",
        "id": "mapa-emergencia-4d957facd8",
        "municipio": "",
        "necesita": [],
        "nombre": "Los Naranjos, jamundi",
        "tipo": "rescate",
        "verificado": false
      },
      "type": "Feature"
    },
    {
      "geometry": {
        "coordinates": [
          -76.3839423,
          4.1071481
        ],
        "type": "Point"
      },
      "properties": {
        "barrio": "",
        "contacto": "",
        "departamento": "",
        "direccion": "Riofrio valle",
        "estado": "por-confirmar",
        "fecha_corte": "2026-08-21T20:18:08Z",
        "fuente": "mapa-emergencia",
        "fuente_url": "https://mapa-emergencia.artefactofilms.workers.dev/#p=2kzk3b8unask",
        "id": "mapa-emergencia-653dceef87",
        "municipio": "",
        "necesita": [
          "Agua",
          "Botiquín",
          "Carpas",
          "Colchonetas",
          "Comida",
          "Comida para animales",
          "Electrolitos",
          "Gafas de seguridad",
          "Guantes de obra",
          "Linternas",
          "Palas",
          "Picas",
          "Tapabocas",
          "Tapers"
        ],
        "nombre": "Riofrio valle",
        "tipo": "rescate",
        "verificado": false
      },
      "type": "Feature"
    },
    {
      "geometry": {
        "coordinates": [
          -76.4942897,
          3.4773984
        ],
        "type": "Point"
      },
      "properties": {
        "barrio": "",
        "contacto": "",
        "departamento": "",
        "direccion": "Chiminangos calle 62 1D",
        "estado": "por-confirmar",
        "fecha_corte": "2026-08-21T20:18:08Z",
        "fuente": "mapa-emergencia",
        "fuente_url": "https://mapa-emergencia.artefactofilms.workers.dev/#p=i59che3yqvhq",
        "id": "mapa-emergencia-91396edc8a",
        "municipio": "",
        "necesita": [
          "Botiquín",
          "Colchonetas",
          "Electrolitos",
          "Hielo",
          "Pañales",
          "Tapers",
          "juegos niños",
          "nevera hicopor"
        ],
        "nombre": "Chiminangos calle 62 1D",
        "tipo": "rescate",
        "verificado": false
      },
      "type": "Feature"
    },
    {
      "geometry": {
        "coordinates": [
          -74.0501927299403,
          4.704674634461918
        ],
        "type": "Point"
      },
      "properties": {
        "barrio": "",
        "contacto": "",
        "departamento": "",
        "direccion": "Calle 125 # 19a-11 Casa Delegada del Quindio Gobernación del Quindio",
        "estado": "por-confirmar",
        "fecha_corte": "2026-08-21T20:18:08Z",
        "fuente": "mapa-emergencia",
        "fuente_url": "https://mapa-emergencia.artefactofilms.workers.dev/#p=9xtitashddwm",
        "id": "mapa-emergencia-a3821c29a7",
        "municipio": "",
        "necesita": [
          "Agua",
          "Cajas que se pueden cerrar (con aletas)",
          "Comida",
          "Granos",
          "Linternas",
          "Pañales",
          "harina",
          "pañales para adultos"
        ],
        "nombre": "Calle 125 # 19a-11 Casa Delegada del Quindio Gobernación del Quindio",
        "tipo": "acopio",
        "verificado": false
      },
      "type": "Feature"
    },
    {
      "geometry": {
        "coordinates": [
          -76.5518327,
          3.455114
        ],
        "type": "Point"
      },
      "properties": {
        "barrio": "",
        "contacto": "",
        "departamento": "",
        "direccion": "Av 6 oeste #22 -40",
        "estado": "por-confirmar",
        "fecha_corte": "2026-08-21T20:18:08Z",
        "fuente": "mapa-emergencia",
        "fuente_url": "https://mapa-emergencia.artefactofilms.workers.dev/#p=vanx56e8e6tg",
        "id": "mapa-emergencia-aacec036e0",
        "municipio": "",
        "necesita": [
          "Agua",
          "Botiquín",
          "Carpas",
          "Colchonetas",
          "Comida para animales",
          "Electrolitos",
          "Pañales"
        ],
        "nombre": "Av 6 oeste #22 -40",
        "tipo": "rescate",
        "verificado": false
      },
      "type": "Feature"
    },
    {
      "geometry": {
        "coordinates": [
          -74.06641760375352,
          4.733376358817001
        ],
        "type": "Point"
      },
      "properties": {
        "barrio": "",
        "contacto": "",
        "departamento": "",
        "direccion": "Centro comercial parque La Colina Bogota",
        "estado": "por-confirmar",
        "fecha_corte": "2026-08-21T20:18:08Z",
        "fuente": "mapa-emergencia",
        "fuente_url": "https://mapa-emergencia.artefactofilms.workers.dev/#p=knp859rnx2cb",
        "id": "mapa-emergencia-b114800209",
        "municipio": "",
        "necesita": [],
        "nombre": "Centro comercial parque La Colina Bogota",
        "tipo": "rescate",
        "verificado": false
      },
      "type": "Feature"
    },
    {
      "geometry": {
        "coordinates": [
          -76.2899531,
          4.1557779
        ],
        "type": "Point"
      },
      "properties": {
        "barrio": "",
        "contacto": "",
        "departamento": "",
        "direccion": "Riofrio valle",
        "estado": "por-confirmar",
        "fecha_corte": "2026-08-21T20:18:08Z",
        "fuente": "mapa-emergencia",
        "fuente_url": "https://mapa-emergencia.artefactofilms.workers.dev/#p=387c278q25n6",
        "id": "mapa-emergencia-bc32521dbd",
        "municipio": "",
        "necesita": [
          "Agua",
          "Carpas",
          "Colchonetas",
          "Comida",
          "Comida para animales",
          "Electrolitos",
          "Guantes de obra",
          "Linternas",
          "Palas",
          "Pañales",
          "Picas"
        ],
        "nombre": "Riofrio valle",
        "tipo": "rescate",
        "verificado": false
      },
      "type": "Feature"
    },
    {
      "geometry": {
        "coordinates": [
          -76.54178011408604,
          3.388444987011278
        ],
        "type": "Point"
      },
      "properties": {
        "barrio": "Capri",
        "contacto": "",
        "departamento": "",
        "direccion": "Calle 10A # 78A-05 en el barrio Capri cali",
        "estado": "por-confirmar",
        "fecha_corte": "2026-08-21T20:18:08Z",
        "fuente": "mapa-emergencia",
        "fuente_url": "https://mapa-emergencia.artefactofilms.workers.dev/#p=myjvsrjr9jju",
        "id": "mapa-emergencia-da423d181c",
        "municipio": "",
        "necesita": [
          "Almohadas",
          "Tapabocas",
          "kit de aseo"
        ],
        "nombre": "Albergue temporal para damnificados sur",
        "tipo": "albergue",
        "verificado": false
      },
      "type": "Feature"
    },
    {
      "geometry": {
        "coordinates": [
          -76.536842,
          3.415684
        ],
        "type": "Point"
      },
      "properties": {
        "barrio": "",
        "contacto": "",
        "departamento": "Valle del Cauca",
        "direccion": "CARRERA 44 CON 9",
        "estado": "urgente",
        "fecha_corte": "2026-08-21T20:18:08Z",
        "fuente": "sismoinfo",
        "fuente_url": "https://sismoinfo.co/",
        "id": "sismoinfo-06d9908591",
        "municipio": "Cali",
        "necesita": [],
        "nombre": "EDIFICIO VANESSA",
        "tipo": "rescate",
        "verificado": false
      },
      "type": "Feature"
    },
    {
      "geometry": {
        "coordinates": [
          -76.539447,
          3.410076
        ],
        "type": "Point"
      },
      "properties": {
        "barrio": "",
        "contacto": "",
        "departamento": "Valle del Cauca",
        "direccion": "3.41008, -76.53945",
        "estado": "cubierto",
        "fecha_corte": "2026-08-21T20:18:08Z",
        "fuente": "sismoinfo",
        "fuente_url": "https://sismoinfo.co/",
        "id": "sismoinfo-1f204f879a",
        "municipio": "Cali",
        "necesita": [],
        "nombre": "Clinica Farallones",
        "tipo": "info",
        "verificado": false
      },
      "type": "Feature"
    },
    {
      "geometry": {
        "coordinates": [
          -76.538518,
          3.427267
        ],
        "type": "Point"
      },
      "properties": {
        "barrio": "",
        "contacto": "",
        "departamento": "",
        "direccion": "",
        "estado": "urgente",
        "fecha_corte": "2026-08-21T20:18:08Z",
        "fuente": "sismoinfo",
        "fuente_url": "https://sismoinfo.co/",
        "id": "sismoinfo-2243ffa861",
        "municipio": "",
        "necesita": [],
        "nombre": "CLINICA REY DAVID",
        "tipo": "rescate",
        "verificado": false
      },
      "type": "Feature"
    },
    {
      "geometry": {
        "coordinates": [
          -75.739195,
          4.813162
        ],
        "type": "Point"
      },
      "properties": {
        "barrio": "",
        "contacto": "",
        "departamento": "",
        "direccion": "",
        "estado": "activo",
        "fecha_corte": "2026-08-21T20:18:08Z",
        "fuente": "sismoinfo",
        "fuente_url": "https://sismoinfo.co/",
        "id": "sismoinfo-3a545ee524",
        "municipio": "",
        "necesita": [],
        "nombre": "PEREIRA: AEROPUERTO",
        "tipo": "rescate",
        "verificado": false
      },
      "type": "Feature"
    },
    {
      "geometry": {
        "coordinates": [
          -76.498189,
          3.427633
        ],
        "type": "Point"
      },
      "properties": {
        "barrio": "",
        "contacto": "",
        "departamento": "",
        "direccion": "",
        "estado": "urgente",
        "fecha_corte": "2026-08-21T20:18:08Z",
        "fuente": "sismoinfo",
        "fuente_url": "https://sismoinfo.co/",
        "id": "sismoinfo-5981fc911a",
        "municipio": "",
        "necesita": [],
        "nombre": "CRA 28D CON 72- NOTARIA 20",
        "tipo": "rescate",
        "verificado": false
      },
      "type": "Feature"
    },
    {
      "geometry": {
        "coordinates": [
          -75.68302,
          4.812543
        ],
        "type": "Point"
      },
      "properties": {
        "barrio": "",
        "contacto": "",
        "departamento": "Risaralda",
        "direccion": "",
        "estado": "cubierto",
        "fecha_corte": "2026-08-21T20:18:08Z",
        "fuente": "sismoinfo",
        "fuente_url": "https://sismoinfo.co/",
        "id": "sismoinfo-5f77c5d4e6",
        "municipio": "Pereira",
        "necesita": [],
        "nombre": "HOTEL DEIBENI",
        "tipo": "info",
        "verificado": false
      },
      "type": "Feature"
    },
    {
      "geometry": {
        "coordinates": [
          -76.532,
          3.4516
        ],
        "type": "Point"
      },
      "properties": {
        "barrio": "",
        "contacto": "",
        "departamento": "",
        "direccion": "",
        "estado": "urgente",
        "fecha_corte": "2026-08-21T20:18:08Z",
        "fuente": "sismoinfo",
        "fuente_url": "https://sismoinfo.co/",
        "id": "sismoinfo-5ffa06dec1",
        "municipio": "",
        "necesita": [],
        "nombre": "EDIFICIO MARISOL",
        "tipo": "rescate",
        "verificado": false
      },
      "type": "Feature"
    },
    {
      "geometry": {
        "coordinates": [
          -76.534752,
          3.434955
        ],
        "type": "Point"
      },
      "properties": {
        "barrio": "",
        "contacto": "",
        "departamento": "",
        "direccion": "",
        "estado": "activo",
        "fecha_corte": "2026-08-21T20:18:08Z",
        "fuente": "sismoinfo",
        "fuente_url": "https://sismoinfo.co/",
        "id": "sismoinfo-6a51eeab91",
        "municipio": "",
        "necesita": [],
        "nombre": "CALLE 9 CON 24",
        "tipo": "rescate",
        "verificado": false
      },
      "type": "Feature"
    },
    {
      "geometry": {
        "coordinates": [
          -75.691716,
          4.809406
        ],
        "type": "Point"
      },
      "properties": {
        "barrio": "",
        "contacto": "",
        "departamento": "Risaralda",
        "direccion": "",
        "estado": "por-confirmar",
        "fecha_corte": "2026-08-21T20:18:08Z",
        "fuente": "sismoinfo",
        "fuente_url": "https://sismoinfo.co/",
        "id": "sismoinfo-74c0a043a9",
        "municipio": "Pereira",
        "necesita": [],
        "nombre": "Iglesia de San José",
        "tipo": "rescate",
        "verificado": false
      },
      "type": "Feature"
    },
    {
      "geometry": {
        "coordinates": [
          -76.527496,
          3.431624
        ],
        "type": "Point"
      },
      "properties": {
        "barrio": "",
        "contacto": "",
        "departamento": "",
        "direccion": "",
        "estado": "urgente",
        "fecha_corte": "2026-08-21T20:18:08Z",
        "fuente": "sismoinfo",
        "fuente_url": "https://sismoinfo.co/",
        "id": "sismoinfo-7bdc0808e5",
        "municipio": "",
        "necesita": [],
        "nombre": "Sector La Luna",
        "tipo": "rescate",
        "verificado": false
      },
      "type": "Feature"
    },
    {
      "geometry": {
        "coordinates": [
          -76.490769,
          3.493151
        ],
        "type": "Point"
      },
      "properties": {
        "barrio": "",
        "contacto": "",
        "departamento": "Valle del Cauca",
        "direccion": "Carrera 2A oeste # 5 - 15",
        "estado": "por-confirmar",
        "fecha_corte": "2026-08-21T20:18:08Z",
        "fuente": "sismoinfo",
        "fuente_url": "https://sismoinfo.co/",
        "id": "sismoinfo-88fc7c25ac",
        "municipio": "Cali",
        "necesita": [],
        "nombre": "Edificio Kaoba",
        "tipo": "rescate",
        "verificado": false
      },
      "type": "Feature"
    },
    {
      "geometry": {
        "coordinates": [
          -76.546145617,
          3.3934102
        ],
        "type": "Point"
      },
      "properties": {
        "barrio": "",
        "contacto": "",
        "departamento": "",
        "direccion": "",
        "estado": "urgente",
        "fecha_corte": "2026-08-21T20:18:08Z",
        "fuente": "sismoinfo",
        "fuente_url": "https://sismoinfo.co/",
        "id": "sismoinfo-8d49c66f97",
        "municipio": "",
        "necesita": [],
        "nombre": "CALLE 10 con CRA 71",
        "tipo": "rescate",
        "verificado": false
      },
      "type": "Feature"
    },
    {
      "geometry": {
        "coordinates": [
          -76.521878,
          3.469344
        ],
        "type": "Point"
      },
      "properties": {
        "barrio": "",
        "contacto": "",
        "departamento": "",
        "direccion": "",
        "estado": "urgente",
        "fecha_corte": "2026-08-21T20:18:08Z",
        "fuente": "sismoinfo",
        "fuente_url": "https://sismoinfo.co/",
        "id": "sismoinfo-8ef058bccb",
        "municipio": "",
        "necesita": [],
        "nombre": "CLINICA CALI",
        "tipo": "rescate",
        "verificado": false
      },
      "type": "Feature"
    },
    {
      "geometry": {
        "coordinates": [
          -76.549731,
          3.406808
        ],
        "type": "Point"
      },
      "properties": {
        "barrio": "",
        "contacto": "",
        "departamento": "Valle del Cauca",
        "direccion": "Calle 3 # 55 B 72 Barrio Cuarto de Legua",
        "estado": "activo",
        "fecha_corte": "2026-08-21T20:18:08Z",
        "fuente": "sismoinfo",
        "fuente_url": "https://sismoinfo.co/",
        "id": "sismoinfo-8f0b250074",
        "municipio": "Cali",
        "necesita": [],
        "nombre": "Conjunto Residencial Guadalupe",
        "tipo": "rescate",
        "verificado": false
      },
      "type": "Feature"
    },
    {
      "geometry": {
        "coordinates": [
          -76.534801,
          3.455019
        ],
        "type": "Point"
      },
      "properties": {
        "barrio": "",
        "contacto": "",
        "departamento": "Valle del Cauca",
        "direccion": "",
        "estado": "por-confirmar",
        "fecha_corte": "2026-08-21T20:18:08Z",
        "fuente": "sismoinfo",
        "fuente_url": "https://sismoinfo.co/",
        "id": "sismoinfo-902e0a8d39",
        "municipio": "Cali",
        "necesita": [],
        "nombre": "PLAZOLETA JAIRO VARELA",
        "tipo": "rescate",
        "verificado": false
      },
      "type": "Feature"
    },
    {
      "geometry": {
        "coordinates": [
          -75.684332,
          4.81185
        ],
        "type": "Point"
      },
      "properties": {
        "barrio": "",
        "contacto": "",
        "departamento": "Risaralda",
        "direccion": "",
        "estado": "cubierto",
        "fecha_corte": "2026-08-21T20:18:08Z",
        "fuente": "sismoinfo",
        "fuente_url": "https://sismoinfo.co/",
        "id": "sismoinfo-99164f6469",
        "municipio": "Pereira",
        "necesita": [],
        "nombre": "carrera 9 calle 7 - Pereira",
        "tipo": "info",
        "verificado": false
      },
      "type": "Feature"
    },
    {
      "geometry": {
        "coordinates": [
          -76.665402,
          3.523564
        ],
        "type": "Point"
      },
      "properties": {
        "barrio": "",
        "contacto": "",
        "departamento": "",
        "direccion": "",
        "estado": "urgente",
        "fecha_corte": "2026-08-21T20:18:08Z",
        "fuente": "sismoinfo",
        "fuente_url": "https://sismoinfo.co/",
        "id": "sismoinfo-a0ca5acd97",
        "municipio": "",
        "necesita": [],
        "nombre": "CRA 41 CON SEPTIMA",
        "tipo": "rescate",
        "verificado": false
      },
      "type": "Feature"
    },
    {
      "geometry": {
        "coordinates": [
          -76.52808,
          3.461311
        ],
        "type": "Point"
      },
      "properties": {
        "barrio": "",
        "contacto": "",
        "departamento": "",
        "direccion": "",
        "estado": "por-confirmar",
        "fecha_corte": "2026-08-21T20:18:08Z",
        "fuente": "sismoinfo",
        "fuente_url": "https://sismoinfo.co/",
        "id": "sismoinfo-a64bf11a67",
        "municipio": "",
        "necesita": [],
        "nombre": "CLINICA ALBA",
        "tipo": "rescate",
        "verificado": false
      },
      "type": "Feature"
    },
    {
      "geometry": {
        "coordinates": [
          -76.533433,
          3.42579
        ],
        "type": "Point"
      },
      "properties": {
        "barrio": "",
        "contacto": "",
        "departamento": "",
        "direccion": "",
        "estado": "cubierto",
        "fecha_corte": "2026-08-21T20:18:08Z",
        "fuente": "sismoinfo",
        "fuente_url": "https://sismoinfo.co/",
        "id": "sismoinfo-b1f867978a",
        "municipio": "",
        "necesita": [],
        "nombre": "CLINICA NUESTRA SEÑORA DEL ROSARIO",
        "tipo": "info",
        "verificado": false
      },
      "type": "Feature"
    },
    {
      "geometry": {
        "coordinates": [
          -76.532,
          3.4516
        ],
        "type": "Point"
      },
      "properties": {
        "barrio": "",
        "contacto": "",
        "departamento": "Valle del Cauca",
        "direccion": "Carrera 39a # 5d",
        "estado": "cubierto",
        "fecha_corte": "2026-08-21T20:18:08Z",
        "fuente": "sismoinfo",
        "fuente_url": "https://sismoinfo.co/",
        "id": "sismoinfo-b73f9461b4",
        "municipio": "Cali",
        "necesita": [],
        "nombre": "EDIFICIO DE COLORES",
        "tipo": "info",
        "verificado": false
      },
      "type": "Feature"
    },
    {
      "geometry": {
        "coordinates": [
          -76.543932,
          3.422168
        ],
        "type": "Point"
      },
      "properties": {
        "barrio": "",
        "contacto": "",
        "departamento": "Valle del Cauca",
        "direccion": "",
        "estado": "activo",
        "fecha_corte": "2026-08-21T20:18:08Z",
        "fuente": "sismoinfo",
        "fuente_url": "https://sismoinfo.co/",
        "id": "sismoinfo-b8715f3012",
        "municipio": "Cali",
        "necesita": [],
        "nombre": "Carrera 39a#5d-09 edifico Mirasol",
        "tipo": "rescate",
        "verificado": false
      },
      "type": "Feature"
    },
    {
      "geometry": {
        "coordinates": [
          -76.536842,
          3.415684
        ],
        "type": "Point"
      },
      "properties": {
        "barrio": "",
        "contacto": "",
        "departamento": "",
        "direccion": "",
        "estado": "cubierto",
        "fecha_corte": "2026-08-21T20:18:08Z",
        "fuente": "sismoinfo",
        "fuente_url": "https://sismoinfo.co/",
        "id": "sismoinfo-babcfa3ee5",
        "municipio": "",
        "necesita": [],
        "nombre": "CARRERA 44 CON 9",
        "tipo": "info",
        "verificado": false
      },
      "type": "Feature"
    },
    {
      "geometry": {
        "coordinates": [
          -76.518675,
          3.375826
        ],
        "type": "Point"
      },
      "properties": {
        "barrio": "",
        "contacto": "",
        "departamento": "Valle del Cauca",
        "direccion": "Valle del Lili Frente a Residencias Posion",
        "estado": "por-confirmar",
        "fecha_corte": "2026-08-21T20:18:08Z",
        "fuente": "sismoinfo",
        "fuente_url": "https://sismoinfo.co/",
        "id": "sismoinfo-c727231c16",
        "municipio": "Cali",
        "necesita": [],
        "nombre": "Parroquia Juan Pablo II",
        "tipo": "rescate",
        "verificado": false
      },
      "type": "Feature"
    },
    {
      "geometry": {
        "coordinates": [
          -76.497915,
          3.45109
        ],
        "type": "Point"
      },
      "properties": {
        "barrio": "",
        "contacto": "",
        "departamento": "",
        "direccion": "",
        "estado": "cubierto",
        "fecha_corte": "2026-08-21T20:18:08Z",
        "fuente": "sismoinfo",
        "fuente_url": "https://sismoinfo.co/",
        "id": "sismoinfo-c8280e3dff",
        "municipio": "",
        "necesita": [],
        "nombre": "CARRERA 9 CON 53",
        "tipo": "info",
        "verificado": false
      },
      "type": "Feature"
    },
    {
      "geometry": {
        "coordinates": [
          -76.532,
          3.4516
        ],
        "type": "Point"
      },
      "properties": {
        "barrio": "",
        "contacto": "",
        "departamento": "",
        "direccion": "",
        "estado": "por-confirmar",
        "fecha_corte": "2026-08-21T20:18:08Z",
        "fuente": "sismoinfo",
        "fuente_url": "https://sismoinfo.co/",
        "id": "sismoinfo-d5d50b618c",
        "municipio": "",
        "necesita": [],
        "nombre": "CALLE 5 CON 57",
        "tipo": "rescate",
        "verificado": false
      },
      "type": "Feature"
    },
    {
      "geometry": {
        "coordinates": [
          -76.529072,
          3.389846
        ],
        "type": "Point"
      },
      "properties": {
        "barrio": "",
        "contacto": "",
        "departamento": "Valle del Cauca",
        "direccion": "Cra72#10 bis - 21",
        "estado": "urgente",
        "fecha_corte": "2026-08-21T20:18:08Z",
        "fuente": "sismoinfo",
        "fuente_url": "https://sismoinfo.co/",
        "id": "sismoinfo-e012c90bbf",
        "municipio": "Cali",
        "necesita": [],
        "nombre": "TORRES DEL LIMONAR",
        "tipo": "rescate",
        "verificado": false
      },
      "type": "Feature"
    },
    {
      "geometry": {
        "coordinates": [
          -76.542744,
          3.432621
        ],
        "type": "Point"
      },
      "properties": {
        "barrio": "",
        "contacto": "",
        "departamento": "",
        "direccion": "",
        "estado": "por-confirmar",
        "fecha_corte": "2026-08-21T20:18:08Z",
        "fuente": "sismoinfo",
        "fuente_url": "https://sismoinfo.co/",
        "id": "sismoinfo-e0ae6047e4",
        "municipio": "",
        "necesita": [],
        "nombre": "CALLE 5 con 34",
        "tipo": "rescate",
        "verificado": false
      },
      "type": "Feature"
    },
    {
      "geometry": {
        "coordinates": [
          -76.545757,
          3.419484
        ],
        "type": "Point"
      },
      "properties": {
        "barrio": "",
        "contacto": "",
        "departamento": "",
        "direccion": "",
        "estado": "cubierto",
        "fecha_corte": "2026-08-21T20:18:08Z",
        "fuente": "sismoinfo",
        "fuente_url": "https://sismoinfo.co/",
        "id": "sismoinfo-e83bfbbe10",
        "municipio": "",
        "necesita": [],
        "nombre": "CLINICA SANITAS TEQUENDAMA",
        "tipo": "info",
        "verificado": false
      },
      "type": "Feature"
    },
    {
      "geometry": {
        "coordinates": [
          -76.534902,
          3.434552
        ],
        "type": "Point"
      },
      "properties": {
        "barrio": "",
        "contacto": "",
        "departamento": "",
        "direccion": "",
        "estado": "por-confirmar",
        "fecha_corte": "2026-08-21T20:18:08Z",
        "fuente": "sismoinfo",
        "fuente_url": "https://sismoinfo.co/",
        "id": "sismoinfo-fbdd4f6c6f",
        "municipio": "",
        "necesita": [],
        "nombre": "CALLE 9 CON 24",
        "tipo": "rescate",
        "verificado": false
      },
      "type": "Feature"
    }
  ],
  "generado": "2026-08-21T20:18:08Z",
  "licencia": "CC BY 4.0 — datos abiertos de Alianzas por Colombia. Cita la fuente de cada ítem.",
  "type": "FeatureCollection"
}
