{
  "features": [
    {
      "geometry": {
        "coordinates": [
          -76.536979,
          3.4218678
        ],
        "type": "Point"
      },
      "properties": {
        "barrio": "Capri",
        "contacto": "Luz Dary — 3105068002",
        "departamento": "Valle del Cauca",
        "direccion": "Cra. 77N #10a - 27",
        "estado": "activo",
        "fecha_corte": "2026-08-12T20:54:30Z",
        "fuente": "aqui-hace-falta",
        "fuente_url": "https://aqui-hace-falta.web.app/",
        "id": "aqui-hace-falta-02ed8b55e8",
        "municipio": "Cali",
        "necesita": [
          "Almohadas, sábanas (faltan 100 unidades)",
          "Alojamiento",
          "Colchonetas, cobijas (faltan 100 unidades)",
          "Kit de aseo (champú, toalla) (faltan 100 unidades)",
          "Kit de aseo (crema dental, cepillo, jabón, papel higiénico, jabón) (faltan 100 unidades)",
          "Medicamentos",
          "Otras necesidades",
          "Ropa"
        ],
        "nombre": "Albergue en Capri",
        "tipo": "albergue",
        "verificado": true
      },
      "type": "Feature"
    },
    {
      "geometry": {
        "coordinates": [
          -76.5361552,
          3.4424578
        ],
        "type": "Point"
      },
      "properties": {
        "barrio": "San bosco",
        "contacto": "Bryan Morcillo Perdomo — WhatsApp 3154432006",
        "departamento": "Valle del Cauca",
        "direccion": "Calle 6 # 13-81",
        "estado": "activo",
        "fecha_corte": "2026-08-12T20:54:30Z",
        "fuente": "aqui-hace-falta",
        "fuente_url": "https://aqui-hace-falta.web.app/",
        "id": "aqui-hace-falta-0ca7b716e7",
        "municipio": "Cali",
        "necesita": [
          "Donaciones en efectivo",
          "Mano de obra",
          "Remoción de escombros",
          "Voluntarios de apoyo (faltan 3 personas)"
        ],
        "nombre": "Casa en mal estado",
        "tipo": "rescate",
        "verificado": false
      },
      "type": "Feature"
    },
    {
      "geometry": {
        "coordinates": [
          -76.53803050518037,
          3.4409105512783293
        ],
        "type": "Point"
      },
      "properties": {
        "barrio": "Comuna 3",
        "contacto": "https://www.instagram.com/casasotaventocali/ — WhatsApp https://www.instagram.com/casasotaventocali/",
        "departamento": "Valle del Cauca",
        "direccion": "Carrera 22 #4-39 - Casa Cultural Sotavento",
        "estado": "activo",
        "fecha_corte": "2026-08-12T20:54:30Z",
        "fuente": "aqui-hace-falta",
        "fuente_url": "https://aqui-hace-falta.web.app/",
        "id": "aqui-hace-falta-15cd50211e",
        "municipio": "Cali",
        "necesita": [
          "Agua (faltan 1000 unidades)",
          "Agua potable",
          "Alimentos",
          "Elementos para el refugio y descanso (faltan 1000 unidades)",
          "Enlatados (faltan 1000 unidades)",
          "Medicamentos, alcohol, gasa, etc. (faltan 1000 unidades)",
          "Ropa"
        ],
        "nombre": "Centro de Acopio para Buenaventura y Chocó - Casa Cultural Sotavento",
        "tipo": "acopio",
        "verificado": true
      },
      "type": "Feature"
    },
    {
      "geometry": {
        "coordinates": [
          -76.5481536,
          3.4073128
        ],
        "type": "Point"
      },
      "properties": {
        "barrio": "Cuarto de Legua",
        "contacto": "Anon",
        "departamento": "Valle del Cauca",
        "direccion": "Calle 4 #60A",
        "estado": "activo",
        "fecha_corte": "2026-08-12T20:54:30Z",
        "fuente": "aqui-hace-falta",
        "fuente_url": "https://aqui-hace-falta.web.app/",
        "id": "aqui-hace-falta-1b5fff18f5",
        "municipio": "Cali",
        "necesita": [
          "Almohadas (faltan 50 unidades)",
          "Alojamiento",
          "Cobijas (faltan 50 personas)",
          "Colchonetas (faltan 50 unidades)",
          "Elementos de aseo (faltan 50 unidades)",
          "Medicamentos",
          "Ropa"
        ],
        "nombre": "Recibimos ayudas en las carpas azules",
        "tipo": "rescate",
        "verificado": true
      },
      "type": "Feature"
    },
    {
      "geometry": {
        "coordinates": [
          -76.53505325317384,
          3.3979316710890015
        ],
        "type": "Point"
      },
      "properties": {
        "barrio": "Sur de Cali",
        "contacto": "Nataly Fernandez — WhatsApp 302 453 9953",
        "departamento": "Valle del Cauca",
        "direccion": "zona sur cali",
        "estado": "activo",
        "fecha_corte": "2026-08-12T20:54:30Z",
        "fuente": "aqui-hace-falta",
        "fuente_url": "https://aqui-hace-falta.web.app/",
        "id": "aqui-hace-falta-29f71cd05e",
        "municipio": "Cali",
        "necesita": [
          "Apoyo logístico",
          "Donaciones en efectivo",
          "Se recogen en donde informen para cualquier zona SUR",
          "Transporte"
        ],
        "nombre": "Distribución de ayudas en zona SUR",
        "tipo": "acopio",
        "verificado": true
      },
      "type": "Feature"
    },
    {
      "geometry": {
        "coordinates": [
          -76.5450985102305,
          3.3407438547487103
        ],
        "type": "Point"
      },
      "properties": {
        "barrio": "Pance",
        "contacto": "PARTICIPACIÓN CIUDADANA",
        "departamento": "Valle del Cauca",
        "direccion": "Calle 5 # 122-21",
        "estado": "activo",
        "fecha_corte": "2026-08-12T20:54:30Z",
        "fuente": "aqui-hace-falta",
        "fuente_url": "https://aqui-hace-falta.web.app/",
        "id": "aqui-hace-falta-2ac72ab8cd",
        "municipio": "Cali",
        "necesita": [
          "Agua embotellada (faltan 50000 unidades)",
          "Agua potable",
          "Alimentos",
          "Apoyo logístico",
          "Baños Móviles (faltan 10 unidades)",
          "Cascos, Linternas de cabeza, guantes de construcción, linternas normales (faltan 5000 unidades)",
          "Clasificación de donaciones",
          "Colchonetas, Bolsas (faltan 5000 unidades)",
          "Comida preparada tipo sandwich (faltan 100 unidades)",
          "Dulces, Víveres, Electrolit (faltan 1000 unidades)",
          "Gasas, Tapabocas, Vendas, Alcohol (faltan 50000 unidades)",
          "Medicamentos",
          "Sábanas, Cobijas, Ropa adultos y niños (faltan 5000 unidades)",
          "Voluntariado"
        ],
        "nombre": "COLEGIO BOLÍVAR",
        "tipo": "acopio",
        "verificado": true
      },
      "type": "Feature"
    },
    {
      "geometry": {
        "coordinates": [
          -76.4902710914612,
          3.4209364213197353
        ],
        "type": "Point"
      },
      "properties": {
        "barrio": "San Fernando",
        "contacto": "Anon",
        "departamento": "Valle del Cauca",
        "direccion": "Cra 28D #72W-14",
        "estado": "activo",
        "fecha_corte": "2026-08-12T20:54:30Z",
        "fuente": "aqui-hace-falta",
        "fuente_url": "https://aqui-hace-falta.web.app/",
        "id": "aqui-hace-falta-2e3b7ee593",
        "municipio": "Cali",
        "necesita": [
          "Cascos y herramientas (faltan 10 unidades)",
          "Remoción de escombros",
          "Rescate de personas atrapadas",
          "Voluntarios de apoyo (faltan 10 personas)"
        ],
        "nombre": "Notaria 20 - Remover escombros",
        "tipo": "rescate",
        "verificado": true
      },
      "type": "Feature"
    },
    {
      "geometry": {
        "coordinates": [
          -76.4901692,
          3.4205777
        ],
        "type": "Point"
      },
      "properties": {
        "barrio": "El Poblado",
        "contacto": "Anon",
        "departamento": "Valle del Cauca",
        "direccion": "El Poblado",
        "estado": "activo",
        "fecha_corte": "2026-08-12T20:54:30Z",
        "fuente": "aqui-hace-falta",
        "fuente_url": "https://aqui-hace-falta.web.app/",
        "id": "aqui-hace-falta-2e4d6928f1",
        "municipio": "Cali",
        "necesita": [
          "Remoción de escombros",
          "Voluntarios para remover escombros (faltan 10 personas)"
        ],
        "nombre": "Levantar escombros - El Poblado",
        "tipo": "necesidad",
        "verificado": true
      },
      "type": "Feature"
    },
    {
      "geometry": {
        "coordinates": [
          -76.5412,
          3.4325
        ],
        "type": "Point"
      },
      "properties": {
        "barrio": "Palmira y Pradera",
        "contacto": "Fundacion 7 estrellas — WhatsApp https://www.instagram.com/fundacion7estrellas?igsh=ZzFvM3phdWgxZTU2\u0026igsi=ZzFvM3phdWgxZTU2",
        "departamento": "Valle del Cauca",
        "direccion": "Palmira y Pradera",
        "estado": "activo",
        "fecha_corte": "2026-08-12T20:54:30Z",
        "fuente": "aqui-hace-falta",
        "fuente_url": "https://aqui-hace-falta.web.app/",
        "id": "aqui-hace-falta-2e87cef95b",
        "municipio": "Cali",
        "necesita": [
          "Agua potable",
          "Alimentos",
          "Apoyo logístico",
          "Clasificación de donaciones",
          "Donaciones en efectivo",
          "Herramientas",
          "Otras necesidades",
          "Voluntariado",
          "Voluntarios de apoyo (faltan 10 personas)"
        ],
        "nombre": "DONACIONES SI ESTAS FUERA O DENTRO DE COLOMBIA",
        "tipo": "acopio",
        "verificado": true
      },
      "type": "Feature"
    },
    {
      "geometry": {
        "coordinates": [
          -76.5440608,
          3.4392141
        ],
        "type": "Point"
      },
      "properties": {
        "barrio": "San Fernando",
        "contacto": "Víctor Martínez — WhatsApp 301 6262677",
        "departamento": "Valle del Cauca",
        "direccion": "Carrera 48 # 4 -163",
        "estado": "activo",
        "fecha_corte": "2026-08-12T20:54:30Z",
        "fuente": "aqui-hace-falta",
        "fuente_url": "https://aqui-hace-falta.web.app/",
        "id": "aqui-hace-falta-33360e7658",
        "municipio": "Cali",
        "necesita": [
          "Herramientas",
          "Mano de obra",
          "Remoción de escombros",
          "Voluntarios de apoyo (faltan 10 personas)"
        ],
        "nombre": "Unidad residencial Antonio Nariño etapa iv",
        "tipo": "rescate",
        "verificado": false
      },
      "type": "Feature"
    },
    {
      "geometry": {
        "coordinates": [
          -76.536979,
          3.4218678
        ],
        "type": "Point"
      },
      "properties": {
        "barrio": "Diamante de Béisbol",
        "contacto": "Anon",
        "departamento": "Valle del Cauca",
        "direccion": "Diamante de Béisbol",
        "estado": "activo",
        "fecha_corte": "2026-08-12T20:54:30Z",
        "fuente": "aqui-hace-falta",
        "fuente_url": "https://aqui-hace-falta.web.app/",
        "id": "aqui-hace-falta-3515c5d535",
        "municipio": "Cali",
        "necesita": [
          "Bolsas, costales, cajas para organizar (faltan 100 unidades)",
          "Ferretería es lo que menos llega (faltan 100 unidades)",
          "Herramientas",
          "Medicamentos",
          "Pañales, pañitos y todo para bebés (faltan 100 unidades)",
          "Pepel higiénico, cuchillas de afeitar, kits de aseo (faltan 100 unidades)",
          "Ropa"
        ],
        "nombre": "Donaciones - Diamante de Béisbol",
        "tipo": "acopio",
        "verificado": true
      },
      "type": "Feature"
    },
    {
      "geometry": {
        "coordinates": [
          -76.53022527694704,
          3.3412956736085966
        ],
        "type": "Point"
      },
      "properties": {
        "barrio": "Pance",
        "contacto": "Ana Lucía Paz — WhatsApp 3207163511",
        "departamento": "Valle del Cauca",
        "direccion": "Calle 18 # 122-135",
        "estado": "activo",
        "fecha_corte": "2026-08-12T20:54:30Z",
        "fuente": "aqui-hace-falta",
        "fuente_url": "https://aqui-hace-falta.web.app/",
        "id": "aqui-hace-falta-3543582d70",
        "municipio": "Cali",
        "necesita": [
          "Alimentos",
          "Donaciones en efectivo",
          "Herramientas",
          "Medicamentos"
        ],
        "nombre": "Centro de Acopio Universidad Icesi",
        "tipo": "acopio",
        "verificado": true
      },
      "type": "Feature"
    },
    {
      "geometry": {
        "coordinates": [
          -76.5443337,
          3.4364868
        ],
        "type": "Point"
      },
      "properties": {
        "barrio": "San Fernando",
        "contacto": "GESTIÓN DEL RIESGO - ALCALDÍA DE CALI",
        "departamento": "Valle del Cauca",
        "direccion": "Cra 38 bis # 5- 91",
        "estado": "activo",
        "fecha_corte": "2026-08-12T20:54:30Z",
        "fuente": "aqui-hace-falta",
        "fuente_url": "https://aqui-hace-falta.web.app/",
        "id": "aqui-hace-falta-3a3e387ae2",
        "municipio": "Cali",
        "necesita": [
          "Apoyo logístico",
          "Arquitectos (faltan 30 unPROFESIONALESidades)",
          "Ing. Estructurales (faltan 30 PROFESIONALES)",
          "Ing. civiles (faltan 30 PROFESIONALES)",
          "Voluntariado"
        ],
        "nombre": "CRUZ ROJA SECCIONAL VALLE / Ing. civiles, Ing. Estructurales y Arquitectos",
        "tipo": "acopio",
        "verificado": true
      },
      "type": "Feature"
    },
    {
      "geometry": {
        "coordinates": [
          -76.55788421630861,
          3.6046144473691935
        ],
        "type": "Point"
      },
      "properties": {
        "barrio": "Vereda Salazar - Yumbo",
        "contacto": "Anon",
        "departamento": "Valle del Cauca",
        "direccion": "Escuela Vereda Salazar",
        "estado": "urgente",
        "fecha_corte": "2026-08-12T20:54:30Z",
        "fuente": "aqui-hace-falta",
        "fuente_url": "https://aqui-hace-falta.web.app/",
        "id": "aqui-hace-falta-43e9959c0b",
        "municipio": "Cali",
        "necesita": [
          "Agua (faltan 100 unidades)",
          "Agua potable",
          "Alimentos (faltan 100 unidades)",
          "Alojamiento / Carpas (faltan 50 unidades)",
          "Aporte económico (faltan 1000 unidades)",
          "Donaciones en efectivo",
          "Herramientas (faltan 50 unidades)",
          "Mano de obra",
          "Medicamentos (faltan 100 unidades)",
          "Remoción de escombros",
          "Ropa y cobijas (faltan 100 unidades)",
          "Ropa y cobijas (faltan 20 unidades)",
          "Voluntariado",
          "Voluntarios de apoyo (faltan 20 unidades)"
        ],
        "nombre": "Se necesita todo tipo de ayuda - Vereda Salazar",
        "tipo": "necesidad",
        "verificado": true
      },
      "type": "Feature"
    },
    {
      "geometry": {
        "coordinates": [
          -76.54966056346895,
          3.4092634714085617
        ],
        "type": "Point"
      },
      "properties": {
        "barrio": "Cuarto de Legua",
        "contacto": "Anon",
        "departamento": "Valle del Cauca",
        "direccion": "Calle 3 con Carrera 56",
        "estado": "urgente",
        "fecha_corte": "2026-08-12T20:54:30Z",
        "fuente": "aqui-hace-falta",
        "fuente_url": "https://aqui-hace-falta.web.app/",
        "id": "aqui-hace-falta-48ad0e48ab",
        "municipio": "Cali",
        "necesita": [
          "Agua potable",
          "Alimentos",
          "Apoyo logístico",
          "Cascos, guantes de carnaza. (faltan 5 unidades)",
          "Hielo (faltan 20 personas)",
          "Linternas (faltan 20 unidades)",
          "Martillo neumático, discos de pulidora para concreto y hierro, taladros industriales, rotomartillos, picas (faltan 20 unidades)",
          "Medicamentos",
          "Remoción de escombros",
          "Sales de hidratación (faltan 100 unidades)",
          "Voluntariado"
        ],
        "nombre": "Cuarto de Legua - ELEMENTOS PARA REMOSIÒN DE ESCOMBROS",
        "tipo": "rescate",
        "verificado": true
      },
      "type": "Feature"
    },
    {
      "geometry": {
        "coordinates": [
          -76.5169304,
          3.4424234
        ],
        "type": "Point"
      },
      "properties": {
        "barrio": "Capri",
        "contacto": "Raissa Posada / John Cardona — https://chat.whatsapp.com/L4Losa65YxgK9ZCyiE76UJ — WhatsApp 3014371579",
        "departamento": "Valle del Cauca",
        "direccion": "Conjunto Residencial Torres del Limonar",
        "estado": "activo",
        "fecha_corte": "2026-08-12T20:54:30Z",
        "fuente": "aqui-hace-falta",
        "fuente_url": "https://aqui-hace-falta.web.app/",
        "id": "aqui-hace-falta-576d766a2c",
        "municipio": "Cali",
        "necesita": [
          "Cascos, linternas, cizalla, porras (faltan 50 unidades)",
          "Herramientas",
          "Mantas, carpas, colchonetas (faltan 50 personas)",
          "Otras necesidades"
        ],
        "nombre": "TORRES DEL LIMONAR - Necesitan elementos",
        "tipo": "acopio",
        "verificado": true
      },
      "type": "Feature"
    },
    {
      "geometry": {
        "coordinates": [
          -76.54039084911348,
          3.4169424020677828
        ],
        "type": "Point"
      },
      "properties": {
        "barrio": "Los Cámbulos",
        "contacto": "Anon",
        "departamento": "Valle del Cauca",
        "direccion": "Calle 9 con Carrera 44, esquina donde está \"De La Pava\"",
        "estado": "activo",
        "fecha_corte": "2026-08-12T20:54:30Z",
        "fuente": "aqui-hace-falta",
        "fuente_url": "https://aqui-hace-falta.web.app/",
        "id": "aqui-hace-falta-5812d8cfe1",
        "municipio": "Cali",
        "necesita": [
          "Agua (faltan 100 unidades)",
          "Agua potable",
          "Alimentos (faltan 100 unidades)",
          "Alojamiento / Carpas (faltan 5 unidades)",
          "Medicamentos (faltan 100 unidades)",
          "Ropa y cobijas (faltan 100 unidades)"
        ],
        "nombre": "Donaciones a Buenaventura - 9na con 44 (Mj Variedades)",
        "tipo": "acopio",
        "verificado": true
      },
      "type": "Feature"
    },
    {
      "geometry": {
        "coordinates": [
          -76.5412,
          3.4325
        ],
        "type": "Point"
      },
      "properties": {
        "barrio": "Diagonal al Edificio de Colores",
        "contacto": "Anon",
        "departamento": "Valle del Cauca",
        "direccion": "Calle 5C con Cr 40",
        "estado": "activo",
        "fecha_corte": "2026-08-12T20:54:30Z",
        "fuente": "aqui-hace-falta",
        "fuente_url": "https://aqui-hace-falta.web.app/",
        "id": "aqui-hace-falta-651a2fde14",
        "municipio": "Cali",
        "necesita": [
          "Agua potable",
          "Donar alimentos (faltan 10 unidades)",
          "Ropa"
        ],
        "nombre": "Hogar Geriátrico",
        "tipo": "rescate",
        "verificado": false
      },
      "type": "Feature"
    },
    {
      "geometry": {
        "coordinates": [
          -76.4901692,
          3.4205777
        ],
        "type": "Point"
      },
      "properties": {
        "barrio": "El Poblado",
        "contacto": "Anon",
        "departamento": "Valle del Cauca",
        "direccion": "El Poblado",
        "estado": "activo",
        "fecha_corte": "2026-08-12T20:54:30Z",
        "fuente": "aqui-hace-falta",
        "fuente_url": "https://aqui-hace-falta.web.app/",
        "id": "aqui-hace-falta-6cf19332d6",
        "municipio": "Cali",
        "necesita": [
          "Llevar comida e insumos hacia otros puntos (faltan 10 personas)",
          "Transporte"
        ],
        "nombre": "Se necesitan motorizados que lleven insumos - Desde El Poblado",
        "tipo": "necesidad",
        "verificado": true
      },
      "type": "Feature"
    },
    {
      "geometry": {
        "coordinates": [
          -76.54778838157654,
          3.398579624324128
        ],
        "type": "Point"
      },
      "properties": {
        "barrio": "El Refugio",
        "contacto": "Anon",
        "departamento": "Valle del Cauca",
        "direccion": "Carrera 66 Calle 3D",
        "estado": "activo",
        "fecha_corte": "2026-08-12T20:54:30Z",
        "fuente": "aqui-hace-falta",
        "fuente_url": "https://aqui-hace-falta.web.app/",
        "id": "aqui-hace-falta-6de243f7e9",
        "municipio": "Cali",
        "necesita": [
          "Voluntariado",
          "Voluntarios de apoyo (faltan 10 personas)"
        ],
        "nombre": "Voluntarios - Comuna 17",
        "tipo": "rescate",
        "verificado": true
      },
      "type": "Feature"
    },
    {
      "geometry": {
        "coordinates": [
          -76.53313279151917,
          3.4265540090511744
        ],
        "type": "Point"
      },
      "properties": {
        "barrio": "Autopista Sur - Comuna 10",
        "contacto": "Anon",
        "departamento": "Valle del Cauca",
        "direccion": "Calle 10 #32-29 Hero Electra",
        "estado": "activo",
        "fecha_corte": "2026-08-12T20:54:30Z",
        "fuente": "aqui-hace-falta",
        "fuente_url": "https://aqui-hace-falta.web.app/",
        "id": "aqui-hace-falta-893a738174",
        "municipio": "Cali",
        "necesita": [
          "Agua (faltan 100 unidades)",
          "Agua potable",
          "Alimentos (faltan 100 unidades)",
          "Herramientas para escombros (faltan 200 unidades)",
          "Medicamentos",
          "Ropa"
        ],
        "nombre": "Centro de Acopio - Hero Electra",
        "tipo": "acopio",
        "verificado": true
      },
      "type": "Feature"
    },
    {
      "geometry": {
        "coordinates": [
          -76.56498853072496,
          3.4213779620913574
        ],
        "type": "Point"
      },
      "properties": {
        "barrio": "La sultana",
        "contacto": "Paula Andrea Guampe — 320 6360119 — WhatsApp 3137632154",
        "departamento": "Valle del Cauca",
        "direccion": "Calle 22 oeste # 53b - 82",
        "estado": "activo",
        "fecha_corte": "2026-08-12T20:54:30Z",
        "fuente": "aqui-hace-falta",
        "fuente_url": "https://aqui-hace-falta.web.app/",
        "id": "aqui-hace-falta-9135d1bd34",
        "municipio": "Cali",
        "necesita": [
          "Alimentos",
          "Donar agua potable (faltan 10 unidades)"
        ],
        "nombre": "AGUA Y VIVERES",
        "tipo": "necesidad",
        "verificado": true
      },
      "type": "Feature"
    },
    {
      "geometry": {
        "coordinates": [
          -76.55072808265687,
          3.3777385174406813
        ],
        "type": "Point"
      },
      "properties": {
        "barrio": "Bajo Jordán / Meléndez",
        "contacto": "Anon",
        "departamento": "Valle del Cauca",
        "direccion": "Carrera 92 #2a-65",
        "estado": "urgente",
        "fecha_corte": "2026-08-12T20:54:30Z",
        "fuente": "aqui-hace-falta",
        "fuente_url": "https://aqui-hace-falta.web.app/",
        "id": "aqui-hace-falta-9be0fa8b00",
        "municipio": "Cali",
        "necesita": [
          "Agua potable",
          "Alimentos",
          "Atención a animales",
          "Herramientas (faltan 100 unidades)",
          "Mano de obra",
          "Medicamentos",
          "Movilización de animales (faltan 20 unidades)",
          "Remoción de escombros",
          "Voluntariado",
          "Voluntarios de apoyo (faltan 50 personas)"
        ],
        "nombre": "Se necesitan herramientas, mano de obra, de todo - Bajo Jordán / Meléndez",
        "tipo": "necesidad",
        "verificado": true
      },
      "type": "Feature"
    },
    {
      "geometry": {
        "coordinates": [
          -76.55760935838035,
          3.3717181931063402
        ],
        "type": "Point"
      },
      "properties": {
        "barrio": "Altos de Santa Helena",
        "contacto": "Erika Johana, Sandra Celada, Paola — https://chat.whatsapp.com/L4Losa65YxgK9ZCyiE76UJ — WhatsApp 321 624 0901",
        "departamento": "Valle del Cauca",
        "direccion": "CDI DE LA ZONA",
        "estado": "activo",
        "fecha_corte": "2026-08-12T20:54:30Z",
        "fuente": "aqui-hace-falta",
        "fuente_url": "https://aqui-hace-falta.web.app/",
        "id": "aqui-hace-falta-a161c2862b",
        "municipio": "Cali",
        "necesita": [
          "Alimentos",
          "Apoyo logístico",
          "Cobijas, colchonetas, linternas (faltan 50 personas)",
          "Mano de obra",
          "Otras necesidades",
          "Voluntariado"
        ],
        "nombre": "Altos de Santa Helena - Voluntariado en General y Materiales",
        "tipo": "necesidad",
        "verificado": true
      },
      "type": "Feature"
    },
    {
      "geometry": {
        "coordinates": [
          -76.5412,
          3.4325
        ],
        "type": "Point"
      },
      "properties": {
        "barrio": "Morichal de comfandi",
        "contacto": "Duvan Guaza — WhatsApp 3135739688",
        "departamento": "Valle del Cauca",
        "direccion": "Cl 56a, cra 42b",
        "estado": "activo",
        "fecha_corte": "2026-08-12T20:54:30Z",
        "fuente": "aqui-hace-falta",
        "fuente_url": "https://aqui-hace-falta.web.app/",
        "id": "aqui-hace-falta-a2a4db0764",
        "municipio": "Cali",
        "necesita": [
          "Alimentos",
          "Alojamiento",
          "Medicamentos",
          "Remoción de escombros",
          "Ropa",
          "Voluntariado",
          "Voluntarios de apoyo (faltan 10 personas)"
        ],
        "nombre": "Zona rural de buenaventura y choco",
        "tipo": "acopio",
        "verificado": false
      },
      "type": "Feature"
    },
    {
      "geometry": {
        "coordinates": [
          -76.54815398591765,
          3.39613546178466
        ],
        "type": "Point"
      },
      "properties": {
        "barrio": "Refugio",
        "contacto": "Cristian — https://chat.whatsapp.com/L4Losa65YxgK9ZCyiE76UJ — WhatsApp 3196902003",
        "departamento": "Valle del Cauca",
        "direccion": "Unidad Residencial Ariguani",
        "estado": "urgente",
        "fecha_corte": "2026-08-12T20:54:30Z",
        "fuente": "aqui-hace-falta",
        "fuente_url": "https://aqui-hace-falta.web.app/",
        "id": "aqui-hace-falta-a6c5e4c5c3",
        "municipio": "Cali",
        "necesita": [
          "Herramientas para quitar escombros (faltan 10 unidades)",
          "Mano de obra",
          "Operarios de maquinaria",
          "Operarios de maquinria pesada (faltan 3 personas)",
          "Picas y Porras (faltan 15 unidades)",
          "Remoción de escombros"
        ],
        "nombre": "Refugio - Operarios de maquinaria pesada",
        "tipo": "necesidad",
        "verificado": true
      },
      "type": "Feature"
    },
    {
      "geometry": {
        "coordinates": [
          -76.53479039669038,
          3.4550523335608028
        ],
        "type": "Point"
      },
      "properties": {
        "barrio": "Granada",
        "contacto": "Anon",
        "departamento": "Valle del Cauca",
        "direccion": "Plazoleta Jairo Varela",
        "estado": "activo",
        "fecha_corte": "2026-08-12T20:54:30Z",
        "fuente": "aqui-hace-falta",
        "fuente_url": "https://aqui-hace-falta.web.app/",
        "id": "aqui-hace-falta-a749504e2d",
        "municipio": "Cali",
        "necesita": [
          "Agua potable (faltan 200 unidades)",
          "Alimentos",
          "Alimentos no perecederos (faltan 200 unidades)",
          "Insumos médicos (faltan 200 unidades)",
          "Medicamentos",
          "Ropa y cobijas (faltan 100 unidades)"
        ],
        "nombre": "Jairo Varela - Centro de Acopio",
        "tipo": "acopio",
        "verificado": true
      },
      "type": "Feature"
    },
    {
      "geometry": {
        "coordinates": [
          -76.5425513,
          3.4329452
        ],
        "type": "Point"
      },
      "properties": {
        "barrio": "San Fernando",
        "contacto": "Anon",
        "departamento": "Valle del Cauca",
        "direccion": "Calle 5 carrera 44",
        "estado": "activo",
        "fecha_corte": "2026-08-12T20:54:30Z",
        "fuente": "aqui-hace-falta",
        "fuente_url": "https://aqui-hace-falta.web.app/",
        "id": "aqui-hace-falta-ac604b0e86",
        "municipio": "Cali",
        "necesita": [
          "Herramientas",
          "Mano de obra",
          "Voluntarios de apoyo (faltan 10 personas)"
        ],
        "nombre": "Calle 5 carrera 44",
        "tipo": "necesidad",
        "verificado": false
      },
      "type": "Feature"
    },
    {
      "geometry": {
        "coordinates": [
          -76.54131337134255,
          3.3927652102826626
        ],
        "type": "Point"
      },
      "properties": {
        "barrio": "Capri",
        "contacto": "Felipe Lozada Medico Coordinador puesto Norte de Capri — https://chat.whatsapp.com/L4Losa65YxgK9ZCyiE76UJ — WhatsApp 3176491947",
        "departamento": "Valle del Cauca",
        "direccion": "Carrera 71 A # 10 Bis Esquina",
        "estado": "urgente",
        "fecha_corte": "2026-08-12T20:54:30Z",
        "fuente": "aqui-hace-falta",
        "fuente_url": "https://aqui-hace-falta.web.app/",
        "id": "aqui-hace-falta-ad183ae47a",
        "municipio": "Cali",
        "necesita": [
          "4 auxiliares (faltan 4 personas)",
          "4 enfermeros (faltan 4 personas)",
          "4 estudiantes (faltan 4 personas)",
          "4 médicos (faltan 4 personas)",
          "Apoyo psicológico",
          "Atención médica",
          "Remoción de escombros",
          "Voluntariado"
        ],
        "nombre": "PUESTO NORTE DE CAPRI - Voluntarios Profesionales de Salud, Turno HOY AGOSTO 11, 6pm a 7am",
        "tipo": "acopio",
        "verificado": true
      },
      "type": "Feature"
    },
    {
      "geometry": {
        "coordinates": [
          -76.5433788,
          3.4176122
        ],
        "type": "Point"
      },
      "properties": {
        "barrio": "Nueva Tequendama",
        "contacto": "Anon",
        "departamento": "Valle del Cauca",
        "direccion": "Carrera 44 Calle 9",
        "estado": "activo",
        "fecha_corte": "2026-08-12T20:54:30Z",
        "fuente": "aqui-hace-falta",
        "fuente_url": "https://aqui-hace-falta.web.app/",
        "id": "aqui-hace-falta-b58678f338",
        "municipio": "Cali",
        "necesita": [
          "Bolsas (faltan 20 unidades)",
          "Hielo (faltan 10 unidades)",
          "Neveras de icopor (faltan 10 unidades)",
          "Otras necesidades",
          "Remoción de escombros",
          "Tarros de pintura para los escombros (faltan 20 unidades)"
        ],
        "nombre": "Se requiere hielo, neveras icopor, bolsas, costales, tarros para escombros - Nueva Tequendama",
        "tipo": "necesidad",
        "verificado": true
      },
      "type": "Feature"
    },
    {
      "geometry": {
        "coordinates": [
          -76.54245615005495,
          3.4227684953580275
        ],
        "type": "Point"
      },
      "properties": {
        "barrio": "San Fernando",
        "contacto": "Anon",
        "departamento": "Valle del Cauca",
        "direccion": "Cl. 5d # 38a-35",
        "estado": "activo",
        "fecha_corte": "2026-08-12T20:54:30Z",
        "fuente": "aqui-hace-falta",
        "fuente_url": "https://aqui-hace-falta.web.app/",
        "id": "aqui-hace-falta-b8ce811500",
        "municipio": "Cali",
        "necesita": [
          "Voluntariado",
          "Voluntarios de apoyo (faltan 10 personas)"
        ],
        "nombre": "Voluntarios - Edificio de colores",
        "tipo": "rescate",
        "verificado": true
      },
      "type": "Feature"
    },
    {
      "geometry": {
        "coordinates": [
          -76.54647409915766,
          3.42600281862434
        ],
        "type": "Point"
      },
      "properties": {
        "barrio": "San Fernando",
        "contacto": "Anon",
        "departamento": "Valle del Cauca",
        "direccion": "Frente al Éxito de la Calle 5",
        "estado": "activo",
        "fecha_corte": "2026-08-12T20:54:30Z",
        "fuente": "aqui-hace-falta",
        "fuente_url": "https://aqui-hace-falta.web.app/",
        "id": "aqui-hace-falta-bf0ef7a8f1",
        "municipio": "Cali",
        "necesita": [
          "Alojamiento",
          "Apoyo logístico",
          "Baños portátiles (faltan 4 unidades)",
          "Se necesitan carpas (faltan 10 unidades)"
        ],
        "nombre": "Se necesitan carpas para hospital campal, y baños portátiles - San Fernando",
        "tipo": "rescate",
        "verificado": true
      },
      "type": "Feature"
    },
    {
      "geometry": {
        "coordinates": [
          -76.47874296235388,
          3.441447257171381
        ],
        "type": "Point"
      },
      "properties": {
        "barrio": "Apartamentos Rio Cauca",
        "contacto": "Alicia Ortega — WhatsApp 323 9135617",
        "departamento": "Valle del Cauca",
        "direccion": "Cine Colombia rio cauca",
        "estado": "activo",
        "fecha_corte": "2026-08-12T20:54:30Z",
        "fuente": "aqui-hace-falta",
        "fuente_url": "https://aqui-hace-falta.web.app/",
        "id": "aqui-hace-falta-dcfd26b927",
        "municipio": "Cali",
        "necesita": [
          "Agua potable",
          "Alojamiento",
          "Donación de alimentos (faltan 10 personas)",
          "Remoción de escombros"
        ],
        "nombre": "Unidad Rio cauca - Donacion de alimentos.",
        "tipo": "necesidad",
        "verificado": true
      },
      "type": "Feature"
    },
    {
      "geometry": {
        "coordinates": [
          -76.54387772083284,
          3.39233105220888
        ],
        "type": "Point"
      },
      "properties": {
        "barrio": "Comuna 17",
        "contacto": "Anon",
        "departamento": "Valle del Cauca",
        "direccion": "Carrera 72 #10 BIS-21",
        "estado": "activo",
        "fecha_corte": "2026-08-12T20:54:30Z",
        "fuente": "aqui-hace-falta",
        "fuente_url": "https://aqui-hace-falta.web.app/",
        "id": "aqui-hace-falta-ddd7b167fb",
        "municipio": "Cali",
        "necesita": [
          "Voluntariado",
          "Voluntarios de apoyo (faltan 10 personas)"
        ],
        "nombre": "Voluntarios - Comuna 17",
        "tipo": "rescate",
        "verificado": true
      },
      "type": "Feature"
    },
    {
      "geometry": {
        "coordinates": [
          -76.49011967819726,
          3.4771766542570606
        ],
        "type": "Point"
      },
      "properties": {
        "barrio": "Chiminangos I",
        "contacto": "Anon",
        "departamento": "Valle del Cauca",
        "direccion": "Calle 64 Carrera 1c 5",
        "estado": "activo",
        "fecha_corte": "2026-08-12T20:54:30Z",
        "fuente": "aqui-hace-falta",
        "fuente_url": "https://aqui-hace-falta.web.app/",
        "id": "aqui-hace-falta-f217931d9b",
        "municipio": "Cali",
        "necesita": [
          "Agua potable",
          "Alimentos",
          "Alojamiento",
          "Apoyo logístico",
          "Cobijas, almohadas, colchonetas (faltan 10 unidades)",
          "Medicamentos",
          "Ropa"
        ],
        "nombre": "CHIMINANGOS I",
        "tipo": "acopio",
        "verificado": true
      },
      "type": "Feature"
    },
    {
      "geometry": {
        "coordinates": [
          -76.5206202864647,
          3.454840110223196
        ],
        "type": "Point"
      },
      "properties": {
        "barrio": "San Nicolás",
        "contacto": "Ingrid Brown — 311 899 1062 — WhatsApp 313 245 7978",
        "departamento": "Valle del Cauca",
        "direccion": "Calle 24 #6-103",
        "estado": "activo",
        "fecha_corte": "2026-08-12T20:54:30Z",
        "fuente": "aqui-hace-falta",
        "fuente_url": "https://aqui-hace-falta.web.app/",
        "id": "aqui-hace-falta-f3964e88fe",
        "municipio": "Cali",
        "necesita": [
          "Agua potable (faltan 10 unidades)",
          "Alimentos no perecederos y productos de primera necesidad (faltan 10 unidades)",
          "Donaciones en efectivo"
        ],
        "nombre": "Centro de acopio - Fundación Arquidiocesana Banco de Alimentos",
        "tipo": "acopio",
        "verificado": true
      },
      "type": "Feature"
    },
    {
      "geometry": {
        "coordinates": [
          -75.73271,
          4.79893
        ],
        "type": "Point"
      },
      "properties": {
        "barrio": "",
        "contacto": "",
        "departamento": "Risaralda",
        "direccion": "Parque El Oso, Pereira",
        "estado": "activo",
        "fecha_corte": "2026-08-11",
        "fuente": "curado",
        "fuente_url": "https://www.eldiario.com.co/actualidad/emergencia-en-pereira-avanzan-labores-de-busqueda-y-rescate/",
        "id": "curado-00535a0b45",
        "municipio": "Pereira",
        "necesita": [],
        "nombre": "Parque El Oso",
        "tipo": "albergue",
        "verificado": true
      },
      "type": "Feature"
    },
    {
      "geometry": {
        "coordinates": [
          -76.65313,
          5.69128
        ],
        "type": "Point"
      },
      "properties": {
        "barrio": "",
        "contacto": "Tel/WhatsApp 323 540 3547",
        "departamento": "Chocó",
        "direccion": "Calle 25 # 6-58, barrio Pandeyuca, Quibdó",
        "estado": "activo",
        "fecha_corte": "2026-08-11",
        "fuente": "curado",
        "fuente_url": "https://www.elcolombiano.com/colombia/donde-donar-choco-centros-acopio-cuentas-oficiales-terremoto-colombia-KB39837058",
        "id": "curado-02f5e67a70",
        "municipio": "Quibdó",
        "necesita": [],
        "nombre": "Reddhhpac (Red de DD.HH. del Pacífico) — oficina Quibdó",
        "tipo": "acopio",
        "verificado": true
      },
      "type": "Feature"
    },
    {
      "geometry": {
        "coordinates": [
          -75.61357,
          6.25479
        ],
        "type": "Point"
      },
      "properties": {
        "barrio": "",
        "contacto": "",
        "departamento": "Antioquia",
        "direccion": "Parque Biblioteca San Javier",
        "estado": "activo",
        "fecha_corte": "2026-08-11",
        "fuente": "curado",
        "fuente_url": "https://www.eltiempo.com/colombia/medellin/medellin-se-une-por-las-victimas-del-terremoto-en-colombia-conozca-los-10-puntos-para-entregar-sus-donaciones-3577553",
        "id": "curado-034b854bfc",
        "municipio": "Medellín",
        "necesita": [],
        "nombre": "Parque Biblioteca San Javier",
        "tipo": "acopio",
        "verificado": true
      },
      "type": "Feature"
    },
    {
      "geometry": {
        "coordinates": [
          -75.5765,
          6.22936
        ],
        "type": "Point"
      },
      "properties": {
        "barrio": "",
        "contacto": "",
        "departamento": "Antioquia",
        "direccion": "Carrera 50 #25-261",
        "estado": "urgente",
        "fecha_corte": "2026-08-10",
        "fuente": "curado",
        "fuente_url": "https://www.infobae.com/colombia/2026/08/10/centros-de-acopio-habilitados-en-colombia-tras-el-terremoto-guia-por-ciudad-para-donar-y-ayudar-a-las-victimas/",
        "id": "curado-05a98e78d3",
        "municipio": "Medellín",
        "necesita": [
          "Alimentos no perecederos",
          "Artículos de higiene personal",
          "Colchonetas y cobijas"
        ],
        "nombre": "Fundación Saciar",
        "tipo": "acopio",
        "verificado": true
      },
      "type": "Feature"
    },
    {
      "geometry": {
        "coordinates": [
          -75.5697,
          6.2777
        ],
        "type": "Point"
      },
      "properties": {
        "barrio": "",
        "contacto": "",
        "departamento": "Antioquia",
        "direccion": "Terminal de Transportes del Norte, local 9840",
        "estado": "activo",
        "fecha_corte": "2026-08-11",
        "fuente": "curado",
        "fuente_url": "https://www.eltiempo.com/colombia/medellin/medellin-se-une-por-las-victimas-del-terremoto-en-colombia-conozca-los-10-puntos-para-entregar-sus-donaciones-3577553",
        "id": "curado-09d5add500",
        "municipio": "Medellín",
        "necesita": [],
        "nombre": "Terminal del Norte - Local 9840",
        "tipo": "acopio",
        "verificado": true
      },
      "type": "Feature"
    },
    {
      "geometry": {
        "coordinates": [
          -76.65313,
          5.69128
        ],
        "type": "Point"
      },
      "properties": {
        "barrio": "",
        "contacto": "Gina Marcela Moreno (referente en sede, Calle 27 # 9-12, barrio El Silencio)",
        "departamento": "Chocó",
        "direccion": "Calle 27 # 9-12, barrio El Silencio, Quibdó",
        "estado": "activo",
        "fecha_corte": "2026-08-11",
        "fuente": "curado",
        "fuente_url": "https://www.elcolombiano.com/colombia/donde-donar-choco-centros-acopio-cuentas-oficiales-terremoto-colombia-KB39837058",
        "id": "curado-0a2fa2f0c0",
        "municipio": "Quibdó",
        "necesita": [],
        "nombre": "Fundación Innovación Social Paz y Desarrollo",
        "tipo": "acopio",
        "verificado": true
      },
      "type": "Feature"
    },
    {
      "geometry": {
        "coordinates": [
          -76.58121,
          3.41084
        ],
        "type": "Point"
      },
      "properties": {
        "barrio": "",
        "contacto": "Instagram @pastoralsocialcali",
        "departamento": "Valle del Cauca",
        "direccion": "Sector Puerto Resistencia (sin dirección exacta en la fuente)",
        "estado": "activo",
        "fecha_corte": "2026-08-11",
        "fuente": "curado",
        "fuente_url": "https://revistadiners.com.co/gastronomia/donde-comer/ollas-comunitarias-terremoto-cali",
        "id": "curado-0e3648835b",
        "municipio": "Cali",
        "necesita": [],
        "nombre": "Comedor comunitario Puerto Resistencia",
        "tipo": "olla",
        "verificado": true
      },
      "type": "Feature"
    },
    {
      "geometry": {
        "coordinates": [
          -75.49389,
          5.0556
        ],
        "type": "Point"
      },
      "properties": {
        "barrio": "",
        "contacto": "Web: ucaldas.edu.co",
        "departamento": "Caldas",
        "direccion": "",
        "estado": "activo",
        "fecha_corte": "2026-08-12",
        "fuente": "curado",
        "fuente_url": "https://www.lapatria.com/manizales/llueven-ayudas-en-manizales-tras-terremoto-comunidad-se-mueve-para-donar-conozca-puntos",
        "id": "curado-0e80777d2d",
        "municipio": "Manizales",
        "necesita": [],
        "nombre": "Universidad de Caldas",
        "tipo": "acopio",
        "verificado": true
      },
      "type": "Feature"
    },
    {
      "geometry": {
        "coordinates": [
          -76.51512,
          3.35024
        ],
        "type": "Point"
      },
      "properties": {
        "barrio": "",
        "contacto": "Web: valledellili.org",
        "departamento": "Valle del Cauca",
        "direccion": "Fundación Valle del Lili, sede principal, torre 2 piso 4, Cali",
        "estado": "activo",
        "fecha_corte": "2026-08-12",
        "fuente": "curado",
        "fuente_url": "https://www.eltiempo.com/colombia/otras-ciudades/como-ayudar-tras-terremoto-de-7-4-en-colombia-estos-son-los-centros-de-acopio-bancos-de-sangre-y-alimentos-canales-oficiales-y-puntos-de-donacion-3577631",
        "id": "curado-10476a3325",
        "municipio": "Cali",
        "necesita": [],
        "nombre": "Banco de Sangre Fundación Valle del Lili",
        "tipo": "sangre",
        "verificado": true
      },
      "type": "Feature"
    },
    {
      "geometry": {
        "coordinates": [
          -75.84072,
          4.80665
        ],
        "type": "Point"
      },
      "properties": {
        "barrio": "",
        "contacto": "",
        "departamento": "Risaralda",
        "direccion": "Plaza de Ferias, Pereira",
        "estado": "activo",
        "fecha_corte": "2026-08-11",
        "fuente": "curado",
        "fuente_url": "https://www.eldiario.com.co/actualidad/emergencia-en-pereira-avanzan-labores-de-busqueda-y-rescate/",
        "id": "curado-1170464a9d",
        "municipio": "Pereira",
        "necesita": [],
        "nombre": "Plaza de Ferias de Pereira",
        "tipo": "albergue",
        "verificado": true
      },
      "type": "Feature"
    },
    {
      "geometry": {
        "coordinates": [
          -75.50812,
          5.07437
        ],
        "type": "Point"
      },
      "properties": {
        "barrio": "",
        "contacto": "Alcaldía de Manizales: +57 (606) 892 8000 / línea gratuita 018000 968988",
        "departamento": "Caldas",
        "direccion": "Unidad Deportiva Palogrande, Manizales",
        "estado": "activo",
        "fecha_corte": "2026-08-12",
        "fuente": "curado",
        "fuente_url": "https://www.lapatria.com/manizales/llueven-ayudas-en-manizales-tras-terremoto-comunidad-se-mueve-para-donar-conozca-puntos",
        "id": "curado-124f2e90b3",
        "municipio": "Manizales",
        "necesita": [],
        "nombre": "Coliseo Menor Ramón Marín Vargas",
        "tipo": "acopio",
        "verificado": true
      },
      "type": "Feature"
    },
    {
      "geometry": {
        "coordinates": [
          -76.0603,
          4.93815
        ],
        "type": "Point"
      },
      "properties": {
        "barrio": "",
        "contacto": "",
        "departamento": "Valle del Cauca",
        "direccion": "Casa de la Cultura, El Águila, Valle del Cauca",
        "estado": "activo",
        "fecha_corte": "2026-08-12",
        "fuente": "curado",
        "fuente_url": "https://www.elpais.com.co/valle/el-aguila-el-cairo-buenaventura-y-roldanillo-entre-los-mas-afectados-asi-puede-ayudar-1233.html",
        "id": "curado-12fda434f4",
        "municipio": "El Águila",
        "necesita": [],
        "nombre": "Corpoáguila — campaña 'El Águila nos Necesita'",
        "tipo": "donacion-org",
        "verificado": true
      },
      "type": "Feature"
    },
    {
      "geometry": {
        "coordinates": [
          -75.78832,
          4.78546
        ],
        "type": "Point"
      },
      "properties": {
        "barrio": "",
        "contacto": "",
        "departamento": "Risaralda",
        "direccion": "Diagonal a la iglesia de los 2.500 Lotes",
        "estado": "activo",
        "fecha_corte": "2026-08-11",
        "fuente": "curado",
        "fuente_url": "https://www.eltiempo.com/colombia/otras-ciudades/como-ayudar-tras-terremoto-de-7-4-en-colombia-estos-son-los-centros-de-acopio-bancos-de-sangre-y-alimentos-canales-oficiales-y-puntos-de-donacion-3577631",
        "id": "curado-19a835b462",
        "municipio": "Pereira",
        "necesita": [],
        "nombre": "Café Perla del Otún",
        "tipo": "acopio",
        "verificado": true
      },
      "type": "Feature"
    },
    {
      "geometry": {
        "coordinates": [
          -77.07383,
          3.88819
        ],
        "type": "Point"
      },
      "properties": {
        "barrio": "",
        "contacto": "",
        "departamento": "Valle del Cauca",
        "direccion": "Avenida Simón Bolívar No. 47C-70, interior Colegio Seminario, Buenaventura",
        "estado": "activo",
        "fecha_corte": "2026-08-10",
        "fuente": "curado",
        "fuente_url": "https://www.semana.com/nacion/articulo/bancos-de-alimentos-activan-ayuda-para-damnificados-por-el-terremoto-en-colombia-asi-puede-donar/202641/",
        "id": "curado-1a3e67aa93",
        "municipio": "Buenaventura",
        "necesita": [],
        "nombre": "Banco de Alimentos de Buenaventura",
        "tipo": "donacion-org",
        "verificado": true
      },
      "type": "Feature"
    },
    {
      "geometry": {
        "coordinates": [
          -75.78832,
          4.78546
        ],
        "type": "Point"
      },
      "properties": {
        "barrio": "",
        "contacto": "",
        "departamento": "Risaralda",
        "direccion": "Parque El Vergel, Pereira",
        "estado": "activo",
        "fecha_corte": "2026-08-11",
        "fuente": "curado",
        "fuente_url": "https://www.eldiario.com.co/actualidad/emergencia-en-pereira-avanzan-labores-de-busqueda-y-rescate/",
        "id": "curado-1cc5fbdf8d",
        "municipio": "Pereira",
        "necesita": [],
        "nombre": "Parque El Vergel",
        "tipo": "albergue",
        "verificado": true
      },
      "type": "Feature"
    },
    {
      "geometry": {
        "coordinates": [
          -75.55403,
          6.2515
        ],
        "type": "Point"
      },
      "properties": {
        "barrio": "",
        "contacto": "",
        "departamento": "Antioquia",
        "direccion": "Parque Biblioteca León de Greiff (La Ladera)",
        "estado": "activo",
        "fecha_corte": "2026-08-11",
        "fuente": "curado",
        "fuente_url": "https://www.eltiempo.com/colombia/medellin/medellin-se-une-por-las-victimas-del-terremoto-en-colombia-conozca-los-10-puntos-para-entregar-sus-donaciones-3577553",
        "id": "curado-1d90db684d",
        "municipio": "Medellín",
        "necesita": [],
        "nombre": "Parque Biblioteca León de Greiff",
        "tipo": "acopio",
        "verificado": true
      },
      "type": "Feature"
    },
    {
      "geometry": {
        "coordinates": [
          -77.07383,
          3.88819
        ],
        "type": "Point"
      },
      "properties": {
        "barrio": "",
        "contacto": "Instagram: publicación de la red ABACO (https://www.instagram.com/p/Db3yn-LDvL-/)",
        "departamento": "Valle del Cauca",
        "direccion": "Avenida Simón Bolívar #47C-70",
        "estado": "activo",
        "fecha_corte": "2026-08-10",
        "fuente": "curado",
        "fuente_url": "https://cuidarcolombia.vercel.app/",
        "id": "curado-284f2080e2",
        "municipio": "Buenaventura",
        "necesita": [],
        "nombre": "Banco de Alimentos de Buenaventura — red ABACO",
        "tipo": "acopio",
        "verificado": true
      },
      "type": "Feature"
    },
    {
      "geometry": {
        "coordinates": [
          -76.5326,
          3.4553
        ],
        "type": "Point"
      },
      "properties": {
        "barrio": "",
        "contacto": "",
        "departamento": "Valle del Cauca",
        "direccion": "Av. 2 Nte. #10 Norte-1",
        "estado": "activo",
        "fecha_corte": "2026-08-11",
        "fuente": "curado",
        "fuente_url": "https://www.elpais.com.co/cali/alcaldia-habilita-nuevos-espacios-para-recibir-ayudas-y-atender-a-afectados-en-cali-1154.html",
        "id": "curado-2af98d4b7b",
        "municipio": "Cali",
        "necesita": [],
        "nombre": "Plazoleta Jairo Varela",
        "tipo": "acopio",
        "verificado": true
      },
      "type": "Feature"
    },
    {
      "geometry": {
        "coordinates": [
          -74.0693,
          4.6104
        ],
        "type": "Point"
      },
      "properties": {
        "barrio": "",
        "contacto": "",
        "departamento": "Bogotá D.C.",
        "direccion": "Carrera 4 #22-61",
        "estado": "activo",
        "fecha_corte": "2026-08-10",
        "fuente": "curado",
        "fuente_url": "https://bogota.gov.co/mi-ciudad/seguridad/puntos-de-donacion-en-bogota-para-damnificados-terremoto-en-colombia",
        "id": "curado-2bd3f9fe7e",
        "municipio": "Bogotá",
        "necesita": [],
        "nombre": "Universidad Jorge Tadeo Lozano (punto Cruz Roja)",
        "tipo": "acopio",
        "verificado": true
      },
      "type": "Feature"
    },
    {
      "geometry": {
        "coordinates": [
          -75.56962,
          6.25015
        ],
        "type": "Point"
      },
      "properties": {
        "barrio": "",
        "contacto": "",
        "departamento": "Antioquia",
        "direccion": "Carrera 52 #30A-97",
        "estado": "activo",
        "fecha_corte": "2026-08-10",
        "fuente": "curado",
        "fuente_url": "https://www.infobae.com/colombia/2026/08/10/centros-de-acopio-habilitados-en-colombia-tras-el-terremoto-guia-por-ciudad-para-donar-y-ayudar-a-las-victimas/",
        "id": "curado-2e0ffd5e3a",
        "municipio": "Medellín",
        "necesita": [],
        "nombre": "Fundación Banco Arquidiocesano de Alimentos de Medellín",
        "tipo": "acopio",
        "verificado": true
      },
      "type": "Feature"
    },
    {
      "geometry": {
        "coordinates": [
          -76.58121,
          3.41084
        ],
        "type": "Point"
      },
      "properties": {
        "barrio": "",
        "contacto": "",
        "departamento": "Valle del Cauca",
        "direccion": "Calle 38 N # 3N-21, Prados del Norte",
        "estado": "activo",
        "fecha_corte": "2026-08-11",
        "fuente": "curado",
        "fuente_url": "https://www.eltiempo.com/colombia/otras-ciudades/ayudas-tras-terremoto-en-colombia-centros-de-acopio-bancos-de-sangre-bancos-de-alimentos-canales-oficiales-y-puntos-de-donaciones-en-el-pais-3577631",
        "id": "curado-3037725598",
        "municipio": "Cali",
        "necesita": [],
        "nombre": "Banco de sangre Hemolife",
        "tipo": "sangre",
        "verificado": true
      },
      "type": "Feature"
    },
    {
      "geometry": {
        "coordinates": [
          -75.82652,
          4.33546
        ],
        "type": "Point"
      },
      "properties": {
        "barrio": "",
        "contacto": "Web www.valledelcauca.gov.co",
        "departamento": "Valle del Cauca",
        "direccion": "Antiguas bodegas Industria de Licores del Valle, Carrera 1 # 26-85, Cali; Casa del Valle, Calle 34 # 5-50, Bogotá",
        "estado": "activo",
        "fecha_corte": "2026-08-12",
        "fuente": "curado",
        "fuente_url": "https://www.eltiempo.com/colombia/cali/la-solidaridad-se-moviliza-en-el-valle-del-cauca-habilitan-tres-puntos-clave-en-cali-para-donaciones-tras-el-sismo-de-magnitud-7-3577852",
        "id": "curado-3c261bee67",
        "municipio": "Valle del Cauca",
        "necesita": [],
        "nombre": "Gobernación del Valle del Cauca – Campaña 'Todos Somos Valle'",
        "tipo": "donacion-org",
        "verificado": true
      },
      "type": "Feature"
    },
    {
      "geometry": {
        "coordinates": [
          -75.78832,
          4.78546
        ],
        "type": "Point"
      },
      "properties": {
        "barrio": "",
        "contacto": "",
        "departamento": "Risaralda",
        "direccion": "Avenida principal barrio El Remanso, al lado del centro de salud",
        "estado": "activo",
        "fecha_corte": "2026-08-11",
        "fuente": "curado",
        "fuente_url": "https://www.eltiempo.com/colombia/otras-ciudades/como-ayudar-tras-terremoto-de-7-4-en-colombia-estos-son-los-centros-de-acopio-bancos-de-sangre-y-alimentos-canales-oficiales-y-puntos-de-donacion-3577631",
        "id": "curado-3d09899e7d",
        "municipio": "Pereira",
        "necesita": [],
        "nombre": "Café El Remanso",
        "tipo": "acopio",
        "verificado": true
      },
      "type": "Feature"
    },
    {
      "geometry": {
        "coordinates": [
          -76.5432,
          3.4297
        ],
        "type": "Point"
      },
      "properties": {
        "barrio": "",
        "contacto": "",
        "departamento": "Valle del Cauca",
        "direccion": "Calle 9 con Carrera 37A/39, Unidad Deportiva Panamericana",
        "estado": "activo",
        "fecha_corte": "2026-08-11",
        "fuente": "curado",
        "fuente_url": "https://www.elpais.com.co/cali/terremoto-en-cali-estos-son-los-lugares-habilitados-para-recibir-a-los-damnificados-1038.html",
        "id": "curado-3f08e5253f",
        "municipio": "Cali",
        "necesita": [],
        "nombre": "Coliseo de Hockey Miguel Calero (Canchas Panamericanas)",
        "tipo": "albergue",
        "verificado": true
      },
      "type": "Feature"
    },
    {
      "geometry": {
        "coordinates": [
          -76.53698,
          3.42187
        ],
        "type": "Point"
      },
      "properties": {
        "barrio": "",
        "contacto": "",
        "departamento": "Valle del Cauca",
        "direccion": "Carrera 39 con Calle 9",
        "estado": "activo",
        "fecha_corte": "2026-08-11",
        "fuente": "curado",
        "fuente_url": "https://www.elpais.com.co/cali/alcaldia-habilita-nuevos-espacios-para-recibir-ayudas-y-atender-a-afectados-en-cali-1154.html",
        "id": "curado-3fa31c2c02",
        "municipio": "Cali",
        "necesita": [],
        "nombre": "Diamante de Béisbol (Canchas Panamericanas)",
        "tipo": "albergue",
        "verificado": true
      },
      "type": "Feature"
    },
    {
      "geometry": {
        "coordinates": [
          -75.73713,
          4.81673
        ],
        "type": "Point"
      },
      "properties": {
        "barrio": "",
        "contacto": "",
        "departamento": "Risaralda",
        "direccion": "",
        "estado": "activo",
        "fecha_corte": "2026-08-11",
        "fuente": "curado",
        "fuente_url": "https://www.semana.com/nacion/articulo/pereira-confirmo-la-muerte-de-72-personas-tras-el-terremoto-en-colombia-el-10-de-agosto/202651/",
        "id": "curado-3fb215ef13",
        "municipio": "Pereira",
        "necesita": [],
        "nombre": "Sociedad de Mejoras de Pereira",
        "tipo": "donacion-org",
        "verificado": true
      },
      "type": "Feature"
    },
    {
      "geometry": {
        "coordinates": [
          -75.69628,
          4.80943
        ],
        "type": "Point"
      },
      "properties": {
        "barrio": "",
        "contacto": "",
        "departamento": "Risaralda",
        "direccion": "Parque Olaya Herrera, Pereira",
        "estado": "activo",
        "fecha_corte": "2026-08-11",
        "fuente": "curado",
        "fuente_url": "https://www.eldiario.com.co/actualidad/emergencia-en-pereira-avanzan-labores-de-busqueda-y-rescate/",
        "id": "curado-40af7bed2a",
        "municipio": "Pereira",
        "necesita": [],
        "nombre": "Parque Olaya Herrera",
        "tipo": "albergue",
        "verificado": true
      },
      "type": "Feature"
    },
    {
      "geometry": {
        "coordinates": [
          -76.5370157,
          3.4263251
        ],
        "type": "Point"
      },
      "properties": {
        "barrio": "Escuela Nacional del Deporte",
        "contacto": "",
        "departamento": "Valle del Cauca",
        "direccion": "Calle 9 # 34-01",
        "estado": "activo",
        "fecha_corte": "2026-08-11",
        "fuente": "curado",
        "fuente_url": "https://www.elpais.com.co/cali/alcaldia-habilita-nuevos-espacios-para-recibir-ayudas-y-atender-a-afectados-en-cali-1154.html",
        "id": "curado-40d8cf477a",
        "municipio": "Cali",
        "necesita": [
          "Alimentos"
        ],
        "nombre": "Escuela Nacional del Deporte",
        "tipo": "acopio",
        "verificado": true
      },
      "type": "Feature"
    },
    {
      "geometry": {
        "coordinates": [
          -75.59813,
          6.22402
        ],
        "type": "Point"
      },
      "properties": {
        "barrio": "",
        "contacto": "",
        "departamento": "Antioquia",
        "direccion": "Parque Biblioteca Belén",
        "estado": "activo",
        "fecha_corte": "2026-08-11",
        "fuente": "curado",
        "fuente_url": "https://www.eltiempo.com/colombia/medellin/medellin-se-une-por-las-victimas-del-terremoto-en-colombia-conozca-los-10-puntos-para-entregar-sus-donaciones-3577553",
        "id": "curado-40e1652d52",
        "municipio": "Medellín",
        "necesita": [],
        "nombre": "Parque Biblioteca Belén",
        "tipo": "acopio",
        "verificado": true
      },
      "type": "Feature"
    },
    {
      "geometry": {
        "coordinates": [
          -74.0525,
          4.7027
        ],
        "type": "Point"
      },
      "properties": {
        "barrio": "",
        "contacto": "",
        "departamento": "Bogotá D.C.",
        "direccion": "Carrera 15 #124-30",
        "estado": "activo",
        "fecha_corte": "2026-08-10",
        "fuente": "curado",
        "fuente_url": "https://bogota.gov.co/mi-ciudad/seguridad/puntos-de-donacion-en-bogota-para-damnificados-terremoto-en-colombia",
        "id": "curado-4a52fa09b4",
        "municipio": "Bogotá",
        "necesita": [],
        "nombre": "Centro Comercial Unicentro (punto Cruz Roja)",
        "tipo": "acopio",
        "verificado": true
      },
      "type": "Feature"
    },
    {
      "geometry": {
        "coordinates": [
          -74.08272,
          4.61716
        ],
        "type": "Point"
      },
      "properties": {
        "barrio": "",
        "contacto": "www.cruzrojacolombiana.org",
        "departamento": "Bogotá D.C.",
        "direccion": "Carrera 24 #73-38",
        "estado": "activo",
        "fecha_corte": "2026-08-10",
        "fuente": "curado",
        "fuente_url": "https://bogota.gov.co/mi-ciudad/seguridad/puntos-de-donacion-en-bogota-para-damnificados-terremoto-en-colombia",
        "id": "curado-4e4aa12808",
        "municipio": "Bogotá",
        "necesita": [],
        "nombre": "Cruz Roja - Sede administrativa Seccional Cundinamarca y Bogotá",
        "tipo": "acopio",
        "verificado": true
      },
      "type": "Feature"
    },
    {
      "geometry": {
        "coordinates": [
          -76.54544,
          3.43018
        ],
        "type": "Point"
      },
      "properties": {
        "barrio": "",
        "contacto": "",
        "departamento": "Valle del Cauca",
        "direccion": "Calle 5 #36-08",
        "estado": "activo",
        "fecha_corte": "2026-08-12",
        "fuente": "curado",
        "fuente_url": "https://cuidarcolombia.vercel.app/",
        "id": "curado-52ec2b1fe4",
        "municipio": "Cali",
        "necesita": [],
        "nombre": "Hospital Universitario del Valle — banco de sangre",
        "tipo": "sangre",
        "verificado": true
      },
      "type": "Feature"
    },
    {
      "geometry": {
        "coordinates": [
          -76.58121,
          3.41084
        ],
        "type": "Point"
      },
      "properties": {
        "barrio": "",
        "contacto": "",
        "departamento": "Valle del Cauca",
        "direccion": "",
        "estado": "activo",
        "fecha_corte": "2026-08-12",
        "fuente": "curado",
        "fuente_url": "https://www.cali.gov.co/gobierno/publicaciones/193607/terremoto-de-cali-repositorio-oficial-de-informacion/",
        "id": "curado-5399bed5e0",
        "municipio": "Cali",
        "necesita": [],
        "nombre": "Complejo Deportivo Alberto Galindo",
        "tipo": "acopio",
        "verificado": true
      },
      "type": "Feature"
    },
    {
      "geometry": {
        "coordinates": [
          -75.7414,
          4.49199
        ],
        "type": "Point"
      },
      "properties": {
        "barrio": "",
        "contacto": "Tel: 3164781842 / 3006481293",
        "departamento": "Quindío",
        "direccion": "Avenida Bolívar # 23 Norte-60",
        "estado": "activo",
        "fecha_corte": "2026-08-10",
        "fuente": "curado",
        "fuente_url": "https://www.semana.com/nacion/articulo/los-tipos-de-sangre-mas-solicitados-tras-el-terremoto-la-cruz-roja-hizo-llamado-de-auxilio-puntos-para-donar/202653/",
        "id": "curado-559fd3d36a",
        "municipio": "Armenia",
        "necesita": [],
        "nombre": "Cruz Roja Colombiana - Banco Regional de sangre Armenia",
        "tipo": "sangre",
        "verificado": true
      },
      "type": "Feature"
    },
    {
      "geometry": {
        "coordinates": [
          -75.60256,
          6.26973
        ],
        "type": "Point"
      },
      "properties": {
        "barrio": "",
        "contacto": "",
        "departamento": "Antioquia",
        "direccion": "Biblioteca Pública El Poblado (red de bibliotecas de Medellín)",
        "estado": "activo",
        "fecha_corte": "2026-08-11",
        "fuente": "curado",
        "fuente_url": "https://www.eltiempo.com/colombia/medellin/medellin-se-une-por-las-victimas-del-terremoto-en-colombia-conozca-los-10-puntos-para-entregar-sus-donaciones-3577553",
        "id": "curado-66d97707b3",
        "municipio": "Medellín",
        "necesita": [],
        "nombre": "Biblioteca Pública El Poblado",
        "tipo": "acopio",
        "verificado": true
      },
      "type": "Feature"
    },
    {
      "geometry": {
        "coordinates": [
          -75.50812,
          5.07437
        ],
        "type": "Point"
      },
      "properties": {
        "barrio": "",
        "contacto": "Alcaldía de Manizales: +57 (606) 892 8000",
        "departamento": "Caldas",
        "direccion": "Canchas auxiliares contiguas a la estación de Bomberos Palogrande, sector Palogrande, Manizales",
        "estado": "activo",
        "fecha_corte": "2026-08-10",
        "fuente": "curado",
        "fuente_url": "https://www.lapatria.com/manizales/en-manizales-hacen-un-llamado-donar-sangre-tras-terremoto-conozca-los-puntos-habilitados",
        "id": "curado-6946e9891c",
        "municipio": "Manizales",
        "necesita": [],
        "nombre": "Canchas auxiliares junto a Estación de Bomberos Palogrande",
        "tipo": "sangre",
        "verificado": true
      },
      "type": "Feature"
    },
    {
      "geometry": {
        "coordinates": [
          -75.78832,
          4.78546
        ],
        "type": "Point"
      },
      "properties": {
        "barrio": "",
        "contacto": "",
        "departamento": "Risaralda",
        "direccion": "Carrera 14 bis # 28-38, antigua estación de Policía",
        "estado": "urgente",
        "fecha_corte": "2026-08-11",
        "fuente": "curado",
        "fuente_url": "https://www.eltiempo.com/colombia/otras-ciudades/como-ayudar-tras-terremoto-de-7-4-en-colombia-estos-son-los-centros-de-acopio-bancos-de-sangre-y-alimentos-canales-oficiales-y-puntos-de-donacion-3577631",
        "id": "curado-6b4d33d151",
        "municipio": "Pereira",
        "necesita": [
          "Agua potable",
          "Alimentos no perecederos",
          "Colchonetas, cobijas y mantas"
        ],
        "nombre": "Café San Nicolás",
        "tipo": "acopio",
        "verificado": true
      },
      "type": "Feature"
    },
    {
      "geometry": {
        "coordinates": [
          -75.76313,
          4.62245
        ],
        "type": "Point"
      },
      "properties": {
        "barrio": "",
        "contacto": "",
        "departamento": "Quindío",
        "direccion": "",
        "estado": "activo",
        "fecha_corte": "2026-08-12",
        "fuente": "curado",
        "fuente_url": "https://www.eltiempo.com/justicia/investigacion/el-drama-de-familias-en-quimbaya-quindio-tras-el-terremoto-que-dejo-1-000-viviendas-afectadas-450-destruidas-y-800-damnificados-3577820",
        "id": "curado-76ea922128",
        "municipio": "Quimbaya",
        "necesita": [],
        "nombre": "Albergue municipal de Quimbaya (habilitado por la alcaldía)",
        "tipo": "albergue",
        "verificado": true
      },
      "type": "Feature"
    },
    {
      "geometry": {
        "coordinates": [
          -75.5786,
          6.1996
        ],
        "type": "Point"
      },
      "properties": {
        "barrio": "",
        "contacto": "",
        "departamento": "Antioquia",
        "direccion": "Universidad EAFIT, placa cubierta",
        "estado": "activo",
        "fecha_corte": "2026-08-11",
        "fuente": "curado",
        "fuente_url": "https://www.eltiempo.com/colombia/medellin/medellin-se-une-por-las-victimas-del-terremoto-en-colombia-conozca-los-10-puntos-para-entregar-sus-donaciones-3577553",
        "id": "curado-77c37b5736",
        "municipio": "Medellín",
        "necesita": [],
        "nombre": "Universidad EAFIT - Placa cubierta",
        "tipo": "acopio",
        "verificado": true
      },
      "type": "Feature"
    },
    {
      "geometry": {
        "coordinates": [
          -75.78832,
          4.78546
        ],
        "type": "Point"
      },
      "properties": {
        "barrio": "",
        "contacto": "+57 316 478 1821",
        "departamento": "Risaralda",
        "direccion": "",
        "estado": "activo",
        "fecha_corte": "2026-08-11",
        "fuente": "curado",
        "fuente_url": "https://www.eldiario.com.co/actualidad/emergencia-en-pereira-avanzan-labores-de-busqueda-y-rescate/",
        "id": "curado-7953d10bb3",
        "municipio": "Pereira",
        "necesita": [],
        "nombre": "Cruz Roja Colombiana — línea de desaparecidos Pereira",
        "tipo": "donacion-org",
        "verificado": true
      },
      "type": "Feature"
    },
    {
      "geometry": {
        "coordinates": [
          -75.78832,
          4.78546
        ],
        "type": "Point"
      },
      "properties": {
        "barrio": "",
        "contacto": "",
        "departamento": "Risaralda",
        "direccion": "Parque principal de Kennedy",
        "estado": "activo",
        "fecha_corte": "2026-08-11",
        "fuente": "curado",
        "fuente_url": "https://www.eltiempo.com/colombia/otras-ciudades/como-ayudar-tras-terremoto-de-7-4-en-colombia-estos-son-los-centros-de-acopio-bancos-de-sangre-y-alimentos-canales-oficiales-y-puntos-de-donacion-3577631",
        "id": "curado-7a66f6202a",
        "municipio": "Pereira",
        "necesita": [],
        "nombre": "Café Kennedy",
        "tipo": "acopio",
        "verificado": true
      },
      "type": "Feature"
    },
    {
      "geometry": {
        "coordinates": [
          -75.70901,
          4.81509
        ],
        "type": "Point"
      },
      "properties": {
        "barrio": "",
        "contacto": "",
        "departamento": "Risaralda",
        "direccion": "Coliseo Mayor, Pereira",
        "estado": "activo",
        "fecha_corte": "2026-08-11",
        "fuente": "curado",
        "fuente_url": "https://www.eldiario.com.co/actualidad/emergencia-en-pereira-avanzan-labores-de-busqueda-y-rescate/",
        "id": "curado-7c5f51fc68",
        "municipio": "Pereira",
        "necesita": [],
        "nombre": "Coliseo Mayor de Pereira",
        "tipo": "albergue",
        "verificado": true
      },
      "type": "Feature"
    },
    {
      "geometry": {
        "coordinates": [
          -76.532,
          3.4516
        ],
        "type": "Point"
      },
      "properties": {
        "barrio": "",
        "contacto": "Tel Gobernación +57 (602) 620 00 00, contactenos@valledelcauca.gov.co",
        "departamento": "Valle del Cauca",
        "direccion": "Carrera 6 con Calle 10, Edificio Palacio de San Francisco",
        "estado": "activo",
        "fecha_corte": "2026-08-11",
        "fuente": "curado",
        "fuente_url": "https://www.valledelcauca.gov.co/publicaciones/90172/campana-el-valle-somos-todos-estos-son-los-elementos-que-se-pueden-donar-para-los-damnificados-por-el-sismo/",
        "id": "curado-7e911f23af",
        "municipio": "Cali",
        "necesita": [],
        "nombre": "Gobernación del Valle del Cauca - Palacio de San Francisco (parqueadero)",
        "tipo": "acopio",
        "verificado": true
      },
      "type": "Feature"
    },
    {
      "geometry": {
        "coordinates": [
          -76.58121,
          3.41084
        ],
        "type": "Point"
      },
      "properties": {
        "barrio": "",
        "contacto": "",
        "departamento": "Valle del Cauca",
        "direccion": "Carrera 38 bis # 5B2-04, Santa Isabel",
        "estado": "activo",
        "fecha_corte": "2026-08-11",
        "fuente": "curado",
        "fuente_url": "https://www.eltiempo.com/colombia/otras-ciudades/ayudas-tras-terremoto-en-colombia-centros-de-acopio-bancos-de-sangre-bancos-de-alimentos-canales-oficiales-y-puntos-de-donaciones-en-el-pais-3577631",
        "id": "curado-820874a1dc",
        "municipio": "Cali",
        "necesita": [],
        "nombre": "Banco de sangre Imbanaco",
        "tipo": "sangre",
        "verificado": true
      },
      "type": "Feature"
    },
    {
      "geometry": {
        "coordinates": [
          -76.65313,
          5.69128
        ],
        "type": "Point"
      },
      "properties": {
        "barrio": "",
        "contacto": "Sedes y canales oficiales de la Cruz Roja Colombiana (www.cruzrojacolombiana.org)",
        "departamento": "Chocó",
        "direccion": "",
        "estado": "activo",
        "fecha_corte": "2026-08-12",
        "fuente": "curado",
        "fuente_url": "https://www.elcolombiano.com/colombia/choco-necesita-nevera-para-almacenar-sangre-heridos-terremotos-MH39857957",
        "id": "curado-87cab0ed2a",
        "municipio": "Quibdó",
        "necesita": [],
        "nombre": "Cruz Roja Colombiana — donación de sangre para heridos del Chocó (#TodosPorColombia)",
        "tipo": "sangre",
        "verificado": true
      },
      "type": "Feature"
    },
    {
      "geometry": {
        "coordinates": [
          -76.58121,
          3.41084
        ],
        "type": "Point"
      },
      "properties": {
        "barrio": "",
        "contacto": "",
        "departamento": "Valle del Cauca",
        "direccion": "",
        "estado": "activo",
        "fecha_corte": "2026-08-11",
        "fuente": "curado",
        "fuente_url": "https://cuidarcolombia.vercel.app/",
        "id": "curado-889ed6255f",
        "municipio": "Cali",
        "necesita": [],
        "nombre": "Coliseo de Hockey Miguel Calero (acopio y punto de salud)",
        "tipo": "acopio",
        "verificado": true
      },
      "type": "Feature"
    },
    {
      "geometry": {
        "coordinates": [
          -74.12292,
          4.62755
        ],
        "type": "Point"
      },
      "properties": {
        "barrio": "",
        "contacto": "",
        "departamento": "Bogotá D.C.",
        "direccion": "Avenida Carrera 68 #31-41 sur",
        "estado": "activo",
        "fecha_corte": "2026-08-10",
        "fuente": "curado",
        "fuente_url": "https://www.infobae.com/colombia/2026/08/10/centros-de-acopio-habilitados-en-colombia-tras-el-terremoto-guia-por-ciudad-para-donar-y-ayudar-a-las-victimas/",
        "id": "curado-88dad4ad3f",
        "municipio": "Bogotá",
        "necesita": [],
        "nombre": "Cruz Roja - Samu Sur",
        "tipo": "acopio",
        "verificado": true
      },
      "type": "Feature"
    },
    {
      "geometry": {
        "coordinates": [
          -77.07552,
          3.89056
        ],
        "type": "Point"
      },
      "properties": {
        "barrio": "",
        "contacto": "Reencuentro familiar: rcf@cruzrojacolombiana.org, WhatsApp 321 213 9525; web www.cruzrojacolombiana.org",
        "departamento": "Valle del Cauca",
        "direccion": "",
        "estado": "activo",
        "fecha_corte": "2026-08-10",
        "fuente": "curado",
        "fuente_url": "https://www.cruzrojacolombiana.org/cruz-roja-colombiana-despliega-capacidades-para-dar-respuesta-tras-las-afectaciones-por-sismo-en-colombia/",
        "id": "curado-8cc838dba2",
        "municipio": "Valle del Cauca",
        "necesita": [],
        "nombre": "Cruz Roja Colombiana (respuesta nacional al sismo)",
        "tipo": "donacion-org",
        "verificado": true
      },
      "type": "Feature"
    },
    {
      "geometry": {
        "coordinates": [
          -75.82652,
          4.33546
        ],
        "type": "Point"
      },
      "properties": {
        "barrio": "",
        "contacto": "Steven González 324 566 6775 / Lorena Tabares 312 833 8340",
        "departamento": "Valle del Cauca",
        "direccion": "Carrera 4 No. 22-07, barrio San Nicolás, Cali",
        "estado": "activo",
        "fecha_corte": "2026-08-11",
        "fuente": "curado",
        "fuente_url": "https://www.elpais.com.co/cali/propacifico-activa-campana-de-solidaridad-para-atender-a-damnificados-por-el-terremoto-1129.html",
        "id": "curado-9975b909ce",
        "municipio": "Valle del Cauca",
        "necesita": [],
        "nombre": "Propacífico — campaña 'Solidaridad con el Pacífico'",
        "tipo": "donacion-org",
        "verificado": true
      },
      "type": "Feature"
    },
    {
      "geometry": {
        "coordinates": [
          -75.6713,
          4.83396
        ],
        "type": "Point"
      },
      "properties": {
        "barrio": "",
        "contacto": "",
        "departamento": "Risaralda",
        "direccion": "Transversal 5 # 6-30, La Badea",
        "estado": "activo",
        "fecha_corte": "2026-08-12",
        "fuente": "curado",
        "fuente_url": "https://www.eltiempo.com/datos/este-es-el-mapa-completo-de-los-centros-de-acopio-habilitados-en-colombia-para-ayudar-a-los-damnificados-del-terremoto-de-magnitud-7-3577654",
        "id": "curado-9a2fe18406",
        "municipio": "Dosquebradas",
        "necesita": [],
        "nombre": "Banco de Alimentos — punto alterno La Badea",
        "tipo": "acopio",
        "verificado": true
      },
      "type": "Feature"
    },
    {
      "geometry": {
        "coordinates": [
          -76.65313,
          5.69128
        ],
        "type": "Point"
      },
      "properties": {
        "barrio": "",
        "contacto": "Convocatoria por redes sociales (Instagram) de Jhon Arias y Alejandra Ayala",
        "departamento": "Chocó",
        "direccion": "",
        "estado": "activo",
        "fecha_corte": "2026-08-11",
        "fuente": "curado",
        "fuente_url": "https://www.elespectador.com/deportes/futbol-mundial/jhon-arias-movilizo-ayuda-para-quibdo-tras-el-terremoto-insumos-medicos-y-rescatistas/",
        "id": "curado-9ae98084ab",
        "municipio": "Quibdó",
        "necesita": [],
        "nombre": "Puente aéreo humanitario de Jhon Arias y Alejandra Ayala",
        "tipo": "donacion-org",
        "verificado": true
      },
      "type": "Feature"
    },
    {
      "geometry": {
        "coordinates": [
          -75.73199,
          4.82238
        ],
        "type": "Point"
      },
      "properties": {
        "barrio": "",
        "contacto": "",
        "departamento": "Risaralda",
        "direccion": "Carrera 3 con calle 59 A, sector Parque Industrial",
        "estado": "activo",
        "fecha_corte": "2026-08-11",
        "fuente": "curado",
        "fuente_url": "https://www.eltiempo.com/colombia/otras-ciudades/como-ayudar-tras-terremoto-de-7-4-en-colombia-estos-son-los-centros-de-acopio-bancos-de-sangre-y-alimentos-canales-oficiales-y-puntos-de-donacion-3577631",
        "id": "curado-a38cb0fcfe",
        "municipio": "Pereira",
        "necesita": [],
        "nombre": "Café Comuna del Café",
        "tipo": "acopio",
        "verificado": true
      },
      "type": "Feature"
    },
    {
      "geometry": {
        "coordinates": [
          -75.48769,
          5.06406
        ],
        "type": "Point"
      },
      "properties": {
        "barrio": "",
        "contacto": "Cruz Roja Seccional Caldas, sede Av. Kevin Ángel (dirección física)",
        "departamento": "Caldas",
        "direccion": "Avenida Kevin Ángel, Carrera 21 # 69-350, Manizales",
        "estado": "activo",
        "fecha_corte": "2026-08-11",
        "fuente": "curado",
        "fuente_url": "https://www.lapatria.com/manizales/ayudas-para-damnificados-en-manizales-por-el-terremoto-que-donar-y-donde-llevarlo",
        "id": "curado-a839bd55c8",
        "municipio": "Manizales",
        "necesita": [],
        "nombre": "Cruz Roja Colombiana Seccional Caldas — sede administrativa",
        "tipo": "acopio",
        "verificado": true
      },
      "type": "Feature"
    },
    {
      "geometry": {
        "coordinates": [
          -75.72274,
          4.81016
        ],
        "type": "Point"
      },
      "properties": {
        "barrio": "",
        "contacto": "",
        "departamento": "Risaralda",
        "direccion": "Mz 7 y Mz 8, Villa Consota, Cuba",
        "estado": "activo",
        "fecha_corte": "2026-08-11",
        "fuente": "curado",
        "fuente_url": "https://www.eltiempo.com/colombia/otras-ciudades/como-ayudar-tras-terremoto-de-7-4-en-colombia-estos-son-los-centros-de-acopio-bancos-de-sangre-y-alimentos-canales-oficiales-y-puntos-de-donacion-3577631",
        "id": "curado-a976221a35",
        "municipio": "Pereira",
        "necesita": [],
        "nombre": "Café Consota (Centro de Desarrollo Empresarial)",
        "tipo": "acopio",
        "verificado": true
      },
      "type": "Feature"
    },
    {
      "geometry": {
        "coordinates": [
          -76.58121,
          3.41084
        ],
        "type": "Point"
      },
      "properties": {
        "barrio": "",
        "contacto": "",
        "departamento": "Valle del Cauca",
        "direccion": "Plazoleta del CAM (Centro Administrativo Municipal)",
        "estado": "activo",
        "fecha_corte": "2026-08-11",
        "fuente": "curado",
        "fuente_url": "https://www.eltiempo.com/colombia/otras-ciudades/ayudas-tras-terremoto-en-colombia-centros-de-acopio-bancos-de-sangre-bancos-de-alimentos-canales-oficiales-y-puntos-de-donaciones-en-el-pais-3577631",
        "id": "curado-a9cf0794b3",
        "municipio": "Cali",
        "necesita": [],
        "nombre": "Punto temporal de donación de sangre - Plazoleta del CAM",
        "tipo": "sangre",
        "verificado": true
      },
      "type": "Feature"
    },
    {
      "geometry": {
        "coordinates": [
          -74.0776,
          4.6459
        ],
        "type": "Point"
      },
      "properties": {
        "barrio": "",
        "contacto": "",
        "departamento": "Bogotá D.C.",
        "direccion": "Avenida NQS (Carrera 30) entre calles 53B Bis y 57",
        "estado": "activo",
        "fecha_corte": "2026-08-10",
        "fuente": "curado",
        "fuente_url": "https://bogota.gov.co/mi-ciudad/seguridad/puntos-de-donacion-en-bogota-para-damnificados-terremoto-en-colombia",
        "id": "curado-af54e2025e",
        "municipio": "Bogotá",
        "necesita": [],
        "nombre": "Estadio El Campín (punto Cruz Roja)",
        "tipo": "acopio",
        "verificado": true
      },
      "type": "Feature"
    },
    {
      "geometry": {
        "coordinates": [
          -75.67088,
          4.80699
        ],
        "type": "Point"
      },
      "properties": {
        "barrio": "",
        "contacto": "",
        "departamento": "Risaralda",
        "direccion": "Estadio Mora Mora, Pereira",
        "estado": "activo",
        "fecha_corte": "2026-08-11",
        "fuente": "curado",
        "fuente_url": "https://www.eldiario.com.co/actualidad/emergencia-en-pereira-avanzan-labores-de-busqueda-y-rescate/",
        "id": "curado-afe9e18090",
        "municipio": "Pereira",
        "necesita": [],
        "nombre": "Estadio Mora Mora",
        "tipo": "albergue",
        "verificado": true
      },
      "type": "Feature"
    },
    {
      "geometry": {
        "coordinates": [
          -75.7414,
          4.49199
        ],
        "type": "Point"
      },
      "properties": {
        "barrio": "",
        "contacto": "",
        "departamento": "Quindío",
        "direccion": "",
        "estado": "activo",
        "fecha_corte": "2026-08-12",
        "fuente": "curado",
        "fuente_url": "https://www.eltiempo.com/datos/este-es-el-mapa-completo-de-los-centros-de-acopio-habilitados-en-colombia-para-ayudar-a-los-damnificados-del-terremoto-de-magnitud-7-3577654",
        "id": "curado-b13950d9d7",
        "municipio": "Armenia",
        "necesita": [],
        "nombre": "Banco de Alimentos Monseñor Roberto López Londoño (Pastoral Social, Diócesis de Armenia)",
        "tipo": "acopio",
        "verificado": true
      },
      "type": "Feature"
    },
    {
      "geometry": {
        "coordinates": [
          -76.54364,
          3.42359
        ],
        "type": "Point"
      },
      "properties": {
        "barrio": "",
        "contacto": "Tel. 311 625 8815",
        "departamento": "Valle del Cauca",
        "direccion": "Cra. 38 Bis #5-91, barrio San Fernando",
        "estado": "activo",
        "fecha_corte": "2026-08-12",
        "fuente": "curado",
        "fuente_url": "https://cuidarcolombia.vercel.app/",
        "id": "curado-b1dfcdce3b",
        "municipio": "Cali",
        "necesita": [],
        "nombre": "Banco Regional de Sangre Cruz Roja Valle",
        "tipo": "sangre",
        "verificado": true
      },
      "type": "Feature"
    },
    {
      "geometry": {
        "coordinates": [
          -76.65313,
          5.69128
        ],
        "type": "Point"
      },
      "properties": {
        "barrio": "",
        "contacto": "Gobernación del Chocó (edificio La Confianza, Calle 31, Quibdó)",
        "departamento": "Chocó",
        "direccion": "Calle 31, edificio La Confianza, Quibdó",
        "estado": "activo",
        "fecha_corte": "2026-08-12",
        "fuente": "curado",
        "fuente_url": "https://www.pulzo.com/nacion/como-ayudar-choco-destruccion-luego-terremoto-74-colombia-PP5272714",
        "id": "curado-b56c49f15a",
        "municipio": "Quibdó",
        "necesita": [],
        "nombre": "Gobernación del Chocó — punto de recepción de ayudas",
        "tipo": "acopio",
        "verificado": true
      },
      "type": "Feature"
    },
    {
      "geometry": {
        "coordinates": [
          -75.78832,
          4.78546
        ],
        "type": "Point"
      },
      "properties": {
        "barrio": "",
        "contacto": "",
        "departamento": "Risaralda",
        "direccion": "Calle 3 bis # 5-38, avenida del Río",
        "estado": "urgente",
        "fecha_corte": "2026-08-11",
        "fuente": "curado",
        "fuente_url": "https://www.eltiempo.com/colombia/otras-ciudades/como-ayudar-tras-terremoto-de-7-4-en-colombia-estos-son-los-centros-de-acopio-bancos-de-sangre-y-alimentos-canales-oficiales-y-puntos-de-donacion-3577631",
        "id": "curado-b76a3cafd8",
        "municipio": "Pereira",
        "necesita": [
          "Agua potable",
          "Alimentos no perecederos",
          "Colchonetas, cobijas y mantas"
        ],
        "nombre": "Café Ormaza",
        "tipo": "acopio",
        "verificado": true
      },
      "type": "Feature"
    },
    {
      "geometry": {
        "coordinates": [
          -76.58121,
          3.41084
        ],
        "type": "Point"
      },
      "properties": {
        "barrio": "",
        "contacto": "Instagram @la_ollarodante",
        "departamento": "Valle del Cauca",
        "direccion": "Carrera 9 # 4-25, barrio San Antonio",
        "estado": "activo",
        "fecha_corte": "2026-08-11",
        "fuente": "curado",
        "fuente_url": "https://revistadiners.com.co/gastronomia/donde-comer/ollas-comunitarias-terremoto-cali",
        "id": "curado-b7d01e718b",
        "municipio": "Cali",
        "necesita": [],
        "nombre": "Artefacto Social — Olla Rodante",
        "tipo": "olla",
        "verificado": true
      },
      "type": "Feature"
    },
    {
      "geometry": {
        "coordinates": [
          -76.531,
          3.4589
        ],
        "type": "Point"
      },
      "properties": {
        "barrio": "",
        "contacto": "",
        "departamento": "Valle del Cauca",
        "direccion": "Centro Comercial Único y Plazoleta Jairo Varela, Cali",
        "estado": "activo",
        "fecha_corte": "2026-08-11",
        "fuente": "curado",
        "fuente_url": "https://www.elpais.com.co/valle/en-vivo-terremoto-en-el-valle-deja-hasta-el-momento-27-muertos-tres-de-las-victimas-eran-ninos-1056.html",
        "id": "curado-b852f3bb3d",
        "municipio": "Buenaventura",
        "necesita": [],
        "nombre": "Puntos de acopio en Cali para damnificados de Buenaventura",
        "tipo": "acopio",
        "verificado": true
      },
      "type": "Feature"
    },
    {
      "geometry": {
        "coordinates": [
          -76.65313,
          5.69128
        ],
        "type": "Point"
      },
      "properties": {
        "barrio": "",
        "contacto": "Diócesis de Quibdó; coordinación nacional ABACO WhatsApp 313 245 7978",
        "departamento": "Chocó",
        "direccion": "Calle 21 con carrera 4ª No. 4-82, Quibdó",
        "estado": "activo",
        "fecha_corte": "2026-08-11",
        "fuente": "curado",
        "fuente_url": "https://www.cablenoticias.com/noticias/abaco-corredor-humanitario-sismo-choco-colombia",
        "id": "curado-b9d278e311",
        "municipio": "Quibdó",
        "necesita": [],
        "nombre": "Banco de Alimentos — Diócesis de Quibdó",
        "tipo": "acopio",
        "verificado": true
      },
      "type": "Feature"
    },
    {
      "geometry": {
        "coordinates": [
          -76.65313,
          5.69128
        ],
        "type": "Point"
      },
      "properties": {
        "barrio": "",
        "contacto": "Fondo Departamental de Gestión del Riesgo del Chocó / Gobernación del Chocó",
        "departamento": "Chocó",
        "direccion": "Antigua bodega Postobón, km 4 vía Quibdó–Yuto",
        "estado": "activo",
        "fecha_corte": "2026-08-12",
        "fuente": "curado",
        "fuente_url": "https://www.pulzo.com/nacion/como-ayudar-choco-destruccion-luego-terremoto-74-colombia-PP5272714",
        "id": "curado-baff833a47",
        "municipio": "Quibdó",
        "necesita": [],
        "nombre": "Centro Logístico Humanitario del Departamento del Chocó",
        "tipo": "acopio",
        "verificado": true
      },
      "type": "Feature"
    },
    {
      "geometry": {
        "coordinates": [
          -76.54478,
          3.42726
        ],
        "type": "Point"
      },
      "properties": {
        "barrio": "",
        "contacto": "Tel 311 625 8815; web www.cruzrojacolombiana.org",
        "departamento": "Valle del Cauca",
        "direccion": "Carrera 38 Bis # 5-91, barrio San Fernando, Cali (banco de sangre); acopio en parqueadero Cruz Roja Valle, Carrera 38 Bis # 5B",
        "estado": "activo",
        "fecha_corte": "2026-08-11",
        "fuente": "curado",
        "fuente_url": "https://cwmas.com.co/suroccidente/cali/2026/08/11/donde-donar-sangre-en-cali-tras-terremoto-conozca-puntos-habilitados/",
        "id": "curado-bfcb7489fe",
        "municipio": "Cali",
        "necesita": [],
        "nombre": "Cruz Roja Colombiana – Seccional Valle del Cauca",
        "tipo": "donacion-org",
        "verificado": true
      },
      "type": "Feature"
    },
    {
      "geometry": {
        "coordinates": [
          -76.58121,
          3.41084
        ],
        "type": "Point"
      },
      "properties": {
        "barrio": "",
        "contacto": "",
        "departamento": "Valle del Cauca",
        "direccion": "Cra. 8 #39-01",
        "estado": "activo",
        "fecha_corte": "2026-08-12",
        "fuente": "curado",
        "fuente_url": "https://www.cali.gov.co/gobierno/publicaciones/193607/terremoto-de-cali-repositorio-oficial-de-informacion/",
        "id": "curado-bff6e4b644",
        "municipio": "Cali",
        "necesita": [],
        "nombre": "Parque de la Caña",
        "tipo": "acopio",
        "verificado": true
      },
      "type": "Feature"
    },
    {
      "geometry": {
        "coordinates": [
          -76.58121,
          3.41084
        ],
        "type": "Point"
      },
      "properties": {
        "barrio": "",
        "contacto": "Twitter/X @MafeCarrascal",
        "departamento": "Valle del Cauca",
        "direccion": "Barrio Salomia (sin dirección exacta en la fuente)",
        "estado": "activo",
        "fecha_corte": "2026-08-11",
        "fuente": "curado",
        "fuente_url": "https://revistadiners.com.co/gastronomia/donde-comer/ollas-comunitarias-terremoto-cali",
        "id": "curado-c9f6d50826",
        "municipio": "Cali",
        "necesita": [],
        "nombre": "Olla comunitaria Salomia",
        "tipo": "olla",
        "verificado": true
      },
      "type": "Feature"
    },
    {
      "geometry": {
        "coordinates": [
          -76.5325,
          3.4517
        ],
        "type": "Point"
      },
      "properties": {
        "barrio": "",
        "contacto": "",
        "departamento": "Valle del Cauca",
        "direccion": "Plaza de Cayzedo, centro de Cali",
        "estado": "activo",
        "fecha_corte": "2026-08-11",
        "fuente": "curado",
        "fuente_url": "https://www.eltiempo.com/colombia/otras-ciudades/ayudas-tras-terremoto-en-colombia-centros-de-acopio-bancos-de-sangre-bancos-de-alimentos-canales-oficiales-y-puntos-de-donaciones-en-el-pais-3577631",
        "id": "curado-d04806f2ad",
        "municipio": "Cali",
        "necesita": [],
        "nombre": "Punto temporal de donación de sangre - Plaza de Cayzedo",
        "tipo": "sangre",
        "verificado": true
      },
      "type": "Feature"
    },
    {
      "geometry": {
        "coordinates": [
          -75.67097,
          4.83377
        ],
        "type": "Point"
      },
      "properties": {
        "barrio": "",
        "contacto": "",
        "departamento": "Risaralda",
        "direccion": "Centro Administrativo Municipal (CAM), Dosquebradas",
        "estado": "activo",
        "fecha_corte": "2026-08-11",
        "fuente": "curado",
        "fuente_url": "https://www.eldiario.com.co/actualidad/dosquebradas-fortalece-atencion-de-la-emergencia-con-apoyo-nacional-y-departamental/",
        "id": "curado-d2d2435e45",
        "municipio": "Dosquebradas",
        "necesita": [],
        "nombre": "Carpa de atención Gestión del Riesgo — CAM Dosquebradas",
        "tipo": "albergue",
        "verificado": true
      },
      "type": "Feature"
    },
    {
      "geometry": {
        "coordinates": [
          -75.78832,
          4.78546
        ],
        "type": "Point"
      },
      "properties": {
        "barrio": "",
        "contacto": "A través de la red de bancos de alimentos ABACO (punto físico alterno en Dosquebradas: Transversal 5 # 6-30, La Badea)",
        "departamento": "Risaralda",
        "direccion": "",
        "estado": "activo",
        "fecha_corte": "2026-08-11",
        "fuente": "curado",
        "fuente_url": "https://www.semana.com/nacion/articulo/bancos-de-alimentos-activan-ayuda-para-damnificados-por-el-terremoto-en-colombia-asi-puede-donar/202641/",
        "id": "curado-d2dd419dc0",
        "municipio": "Pereira",
        "necesita": [],
        "nombre": "ABACO — Asociación de Bancos de Alimentos de Colombia (centro de distribución Pereira)",
        "tipo": "donacion-org",
        "verificado": true
      },
      "type": "Feature"
    },
    {
      "geometry": {
        "coordinates": [
          -74.08363,
          4.65338
        ],
        "type": "Point"
      },
      "properties": {
        "barrio": "",
        "contacto": "Tel Gobernación +57 (602) 620 00 00",
        "departamento": "Bogotá D.C.",
        "direccion": "Calle 34 No. 5-50, barrio La Merced, localidad de Santa Fe",
        "estado": "activo",
        "fecha_corte": "2026-08-11",
        "fuente": "curado",
        "fuente_url": "https://www.valledelcauca.gov.co/publicaciones/90172/campana-el-valle-somos-todos-estos-son-los-elementos-que-se-pueden-donar-para-los-damnificados-por-el-sismo/",
        "id": "curado-d3956fdb26",
        "municipio": "Bogotá",
        "necesita": [],
        "nombre": "Casa del Valle en Bogotá",
        "tipo": "acopio",
        "verificado": true
      },
      "type": "Feature"
    },
    {
      "geometry": {
        "coordinates": [
          -74.13451,
          4.66375
        ],
        "type": "Point"
      },
      "properties": {
        "barrio": "",
        "contacto": "www.bancodealimentos.org.co",
        "departamento": "Bogotá D.C.",
        "direccion": "Calle 19A #32-50",
        "estado": "activo",
        "fecha_corte": "2026-08-11",
        "fuente": "curado",
        "fuente_url": "https://www.eltiempo.com/colombia/otras-ciudades/ayudas-tras-terremoto-en-colombia-centros-de-acopio-bancos-de-sangre-bancos-de-alimentos-canales-oficiales-y-puntos-de-donaciones-en-el-pais-3577631",
        "id": "curado-d89a85448f",
        "municipio": "Bogotá",
        "necesita": [],
        "nombre": "Banco de Alimentos de Bogotá",
        "tipo": "acopio",
        "verificado": true
      },
      "type": "Feature"
    },
    {
      "geometry": {
        "coordinates": [
          -76.538772,
          3.388852
        ],
        "type": "Point"
      },
      "properties": {
        "barrio": "",
        "contacto": "Instagram: publicación oficial de LAIKA (https://www.instagram.com/p/Db3ZsFjEV_0/)",
        "departamento": "Valle del Cauca",
        "direccion": "Calle 13 #75-110",
        "estado": "activo",
        "fecha_corte": "2026-08-10",
        "fuente": "curado",
        "fuente_url": "https://cuidarcolombia.vercel.app/",
        "id": "curado-d99d8ebd6a",
        "municipio": "Cali",
        "necesita": [],
        "nombre": "LAIKA — tienda Capry (acopio para personas y animales)",
        "tipo": "acopio",
        "verificado": true
      },
      "type": "Feature"
    },
    {
      "geometry": {
        "coordinates": [
          -76.51997,
          3.43197
        ],
        "type": "Point"
      },
      "properties": {
        "barrio": "",
        "contacto": "",
        "departamento": "Valle del Cauca",
        "direccion": "Calle 24 #6-103",
        "estado": "activo",
        "fecha_corte": "2026-08-11",
        "fuente": "curado",
        "fuente_url": "https://cuidarcolombia.vercel.app/",
        "id": "curado-ddc5cc89ae",
        "municipio": "Cali",
        "necesita": [],
        "nombre": "Banco de Alimentos de Cali",
        "tipo": "acopio",
        "verificado": true
      },
      "type": "Feature"
    },
    {
      "geometry": {
        "coordinates": [
          -74.0878,
          4.66086
        ],
        "type": "Point"
      },
      "properties": {
        "barrio": "",
        "contacto": "",
        "departamento": "Bogotá D.C.",
        "direccion": "Avenida La Esmeralda #63-81",
        "estado": "activo",
        "fecha_corte": "2026-08-10",
        "fuente": "curado",
        "fuente_url": "https://www.infobae.com/colombia/2026/08/10/centros-de-acopio-habilitados-en-colombia-tras-el-terremoto-guia-por-ciudad-para-donar-y-ayudar-a-las-victimas/",
        "id": "curado-dec3218848",
        "municipio": "Bogotá",
        "necesita": [],
        "nombre": "Cruz Roja - Centro de Salvamento Acuático",
        "tipo": "acopio",
        "verificado": true
      },
      "type": "Feature"
    },
    {
      "geometry": {
        "coordinates": [
          -76.55142,
          3.41308
        ],
        "type": "Point"
      },
      "properties": {
        "barrio": "",
        "contacto": "",
        "departamento": "Valle del Cauca",
        "direccion": "Carrera 52 entre calles 2 y 3",
        "estado": "activo",
        "fecha_corte": "2026-08-11",
        "fuente": "curado",
        "fuente_url": "https://cuidarcolombia.vercel.app/",
        "id": "curado-df3831db3f",
        "municipio": "Cali",
        "necesita": [],
        "nombre": "Ciudadela Petronio — Unidad Deportiva Alberto Galindo",
        "tipo": "acopio",
        "verificado": true
      },
      "type": "Feature"
    },
    {
      "geometry": {
        "coordinates": [
          -74.05462,
          4.64441
        ],
        "type": "Point"
      },
      "properties": {
        "barrio": "",
        "contacto": "",
        "departamento": "Bogotá D.C.",
        "direccion": "Calle 63 #59A-06",
        "estado": "activo",
        "fecha_corte": "2026-08-10",
        "fuente": "curado",
        "fuente_url": "https://www.infobae.com/colombia/2026/08/10/centros-de-acopio-habilitados-en-colombia-tras-el-terremoto-guia-por-ciudad-para-donar-y-ayudar-a-las-victimas/",
        "id": "curado-e1ff88f1b3",
        "municipio": "Bogotá",
        "necesita": [],
        "nombre": "Palacio de los Deportes (punto Cruz Roja)",
        "tipo": "acopio",
        "verificado": true
      },
      "type": "Feature"
    },
    {
      "geometry": {
        "coordinates": [
          -75.65097,
          4.56129
        ],
        "type": "Point"
      },
      "properties": {
        "barrio": "",
        "contacto": "",
        "departamento": "Quindío",
        "direccion": "",
        "estado": "activo",
        "fecha_corte": "2026-08-12",
        "fuente": "curado",
        "fuente_url": "https://cronicadelquindio.com/quindio/gobierno-anuncia-ayudas-para-familias-afectadas-por-terremoto-en-quindio/",
        "id": "curado-e32e3ff125",
        "municipio": "Armenia",
        "necesita": [],
        "nombre": "Centro Cultural Metropolitano de Convenciones",
        "tipo": "acopio",
        "verificado": true
      },
      "type": "Feature"
    },
    {
      "geometry": {
        "coordinates": [
          -76.5198802,
          3.4610172
        ],
        "type": "Point"
      },
      "properties": {
        "barrio": "",
        "contacto": "Tel Gobernación +57 (602) 620 00 00",
        "departamento": "Valle del Cauca",
        "direccion": "Carrera 1 No. 26-85",
        "estado": "activo",
        "fecha_corte": "2026-08-11",
        "fuente": "curado",
        "fuente_url": "https://www.valledelcauca.gov.co/publicaciones/90172/campana-el-valle-somos-todos-estos-son-los-elementos-que-se-pueden-donar-para-los-damnificados-por-el-sismo/",
        "id": "curado-e39dee984d",
        "municipio": "Cali",
        "necesita": [],
        "nombre": "Centro de acopio Antigua Licorera del Valle",
        "tipo": "acopio",
        "verificado": true
      },
      "type": "Feature"
    },
    {
      "geometry": {
        "coordinates": [
          -76.58121,
          3.41084
        ],
        "type": "Point"
      },
      "properties": {
        "barrio": "",
        "contacto": "Instagram @pastoralsocialcali",
        "departamento": "Valle del Cauca",
        "direccion": "Barrio Colseguros (sin dirección exacta en la fuente)",
        "estado": "activo",
        "fecha_corte": "2026-08-11",
        "fuente": "curado",
        "fuente_url": "https://revistadiners.com.co/gastronomia/donde-comer/ollas-comunitarias-terremoto-cali",
        "id": "curado-e57b9cf69b",
        "municipio": "Cali",
        "necesita": [],
        "nombre": "Olla Pastoral Social / Secretaría de Bienestar — barrio Colseguros",
        "tipo": "olla",
        "verificado": true
      },
      "type": "Feature"
    },
    {
      "geometry": {
        "coordinates": [
          -75.82652,
          4.33546
        ],
        "type": "Point"
      },
      "properties": {
        "barrio": "",
        "contacto": "Web donar.caritascolombiana.org",
        "departamento": "Valle del Cauca",
        "direccion": "",
        "estado": "activo",
        "fecha_corte": "2026-08-11",
        "fuente": "curado",
        "fuente_url": "https://www.religiondigital.org/america/iglesia-catolica-colombia-moviliza-solidaridad_1_1463404.html",
        "id": "curado-eb7cbc5480",
        "municipio": "Valle del Cauca",
        "necesita": [],
        "nombre": "Secretariado Nacional de Pastoral Social – Cáritas Colombiana",
        "tipo": "donacion-org",
        "verificado": true
      },
      "type": "Feature"
    },
    {
      "geometry": {
        "coordinates": [
          -76.52036,
          3.454
        ],
        "type": "Point"
      },
      "properties": {
        "barrio": "",
        "contacto": "Web www.bancodealimentos.org",
        "departamento": "Valle del Cauca",
        "direccion": "Calle 24 # 6-103, barrio San Nicolás, Cali",
        "estado": "activo",
        "fecha_corte": "2026-08-11",
        "fuente": "curado",
        "fuente_url": "https://www.elpais.com.co/cali/banco-de-alimentos-activa-red-de-emergencia-tras-sismo-y-lanza-llamado-urgente-a-donantes-y-voluntarios-1132.html",
        "id": "curado-eec93eceef",
        "municipio": "Cali",
        "necesita": [],
        "nombre": "Fundación Arquidiocesana Banco de Alimentos de Cali",
        "tipo": "donacion-org",
        "verificado": true
      },
      "type": "Feature"
    },
    {
      "geometry": {
        "coordinates": [
          -75.5736,
          6.2447
        ],
        "type": "Point"
      },
      "properties": {
        "barrio": "",
        "contacto": "",
        "departamento": "Antioquia",
        "direccion": "Centro administrativo La Alpujarra, Calle 44 #52-165",
        "estado": "activo",
        "fecha_corte": "2026-08-11",
        "fuente": "curado",
        "fuente_url": "https://www.eltiempo.com/colombia/medellin/medellin-se-une-por-las-victimas-del-terremoto-en-colombia-conozca-los-10-puntos-para-entregar-sus-donaciones-3577553",
        "id": "curado-eeea47bdf7",
        "municipio": "Medellín",
        "necesita": [],
        "nombre": "Alcaldía de Medellín - Hall principal",
        "tipo": "acopio",
        "verificado": true
      },
      "type": "Feature"
    },
    {
      "geometry": {
        "coordinates": [
          -74.06242,
          4.62237
        ],
        "type": "Point"
      },
      "properties": {
        "barrio": "",
        "contacto": "WhatsApp 313 245 7978",
        "departamento": "Nacional",
        "direccion": "",
        "estado": "activo",
        "fecha_corte": "2026-08-11",
        "fuente": "curado",
        "fuente_url": "https://www.eltiempo.com/colombia/otras-ciudades/ayudas-tras-terremoto-en-colombia-centros-de-acopio-bancos-de-sangre-bancos-de-alimentos-canales-oficiales-y-puntos-de-donaciones-en-el-pais-3577631",
        "id": "curado-f1aadda3a9",
        "municipio": "Nacional",
        "necesita": [],
        "nombre": "Asociación de Bancos de Alimentos de Colombia (Abaco)",
        "tipo": "donacion-org",
        "verificado": true
      },
      "type": "Feature"
    },
    {
      "geometry": {
        "coordinates": [
          -75.50812,
          5.07437
        ],
        "type": "Point"
      },
      "properties": {
        "barrio": "",
        "contacto": "Alcaldía de Manizales: +57 (606) 892 8000 / línea gratuita 018000 968988",
        "departamento": "Caldas",
        "direccion": "Unidad Deportiva Palogrande, Manizales",
        "estado": "activo",
        "fecha_corte": "2026-08-12",
        "fuente": "curado",
        "fuente_url": "https://www.lapatria.com/manizales/llueven-ayudas-en-manizales-tras-terremoto-comunidad-se-mueve-para-donar-conozca-puntos",
        "id": "curado-f278d32fd1",
        "municipio": "Manizales",
        "necesita": [],
        "nombre": "Coliseo Mayor Jorge Arango Uribe",
        "tipo": "albergue",
        "verificado": true
      },
      "type": "Feature"
    },
    {
      "geometry": {
        "coordinates": [
          -75.57776,
          6.30433
        ],
        "type": "Point"
      },
      "properties": {
        "barrio": "",
        "contacto": "",
        "departamento": "Antioquia",
        "direccion": "Parque Biblioteca Gabriel García Márquez",
        "estado": "activo",
        "fecha_corte": "2026-08-11",
        "fuente": "curado",
        "fuente_url": "https://www.eltiempo.com/colombia/medellin/medellin-se-une-por-las-victimas-del-terremoto-en-colombia-conozca-los-10-puntos-para-entregar-sus-donaciones-3577553",
        "id": "curado-f49fc809b1",
        "municipio": "Medellín",
        "necesita": [],
        "nombre": "Parque Biblioteca Gabriel García Márquez",
        "tipo": "acopio",
        "verificado": true
      },
      "type": "Feature"
    },
    {
      "geometry": {
        "coordinates": [
          -75.4825,
          5.05163
        ],
        "type": "Point"
      },
      "properties": {
        "barrio": "",
        "contacto": "Alcaldía de Manizales: +57 (606) 892 8000",
        "departamento": "Caldas",
        "direccion": "",
        "estado": "activo",
        "fecha_corte": "2026-08-10",
        "fuente": "curado",
        "fuente_url": "https://www.lapatria.com/manizales/en-manizales-hacen-un-llamado-donar-sangre-tras-terremoto-conozca-los-puntos-habilitados",
        "id": "curado-f73d6c6a20",
        "municipio": "Manizales",
        "necesita": [],
        "nombre": "Hemocentro del Café",
        "tipo": "sangre",
        "verificado": true
      },
      "type": "Feature"
    },
    {
      "geometry": {
        "coordinates": [
          -74.06242,
          4.62237
        ],
        "type": "Point"
      },
      "properties": {
        "barrio": "",
        "contacto": "ayuda.cruzrojacolombiana.org / www.cruzrojacolombiana.org",
        "departamento": "Nacional",
        "direccion": "",
        "estado": "activo",
        "fecha_corte": "2026-08-11",
        "fuente": "curado",
        "fuente_url": "https://www.lafm.com.co/actualidad/terremto-colombia-donaciones-canales-oficiales-cruz-roja-407490",
        "id": "curado-f7c449e729",
        "municipio": "Nacional",
        "necesita": [],
        "nombre": "Cruz Roja Colombiana - Emergencia Sismo",
        "tipo": "donacion-org",
        "verificado": true
      },
      "type": "Feature"
    },
    {
      "geometry": {
        "coordinates": [
          -76.53632,
          3.4238
        ],
        "type": "Point"
      },
      "properties": {
        "barrio": "",
        "contacto": "",
        "departamento": "Valle del Cauca",
        "direccion": "",
        "estado": "activo",
        "fecha_corte": "2026-08-11",
        "fuente": "curado",
        "fuente_url": "https://www.elpais.com.co/cali/terremoto-en-cali-estos-son-los-lugares-habilitados-para-recibir-a-los-damnificados-1038.html",
        "id": "curado-f95cea5484",
        "municipio": "Cali",
        "necesita": [],
        "nombre": "Unidad Deportiva Jaime Aparicio",
        "tipo": "albergue",
        "verificado": true
      },
      "type": "Feature"
    },
    {
      "geometry": {
        "coordinates": [
          -76.50420516729356,
          3.4163118199601232
        ],
        "type": "Point"
      },
      "properties": {
        "barrio": "Antonio Nariño",
        "contacto": "",
        "departamento": "Valle del Cauca",
        "direccion": "",
        "estado": "activo",
        "fecha_corte": "2026-08-12T20:54:31Z",
        "fuente": "haciendo-comunidad",
        "fuente_url": "https://personnofound.github.io/HaciendoComunidad/",
        "id": "haciendo-comunidad-050c0caefc",
        "municipio": "",
        "necesita": [
          "Colapso de infraestructura"
        ],
        "nombre": "Antonio Nariño",
        "tipo": "rescate",
        "verificado": false
      },
      "type": "Feature"
    },
    {
      "geometry": {
        "coordinates": [
          -76.57283019740136,
          3.4051135398309214
        ],
        "type": "Point"
      },
      "properties": {
        "barrio": "Carrera 1b # 57-102 torres de comfandi,conjunto h torre10 apto 102o H torre",
        "contacto": "",
        "departamento": "Valle del Cauca",
        "direccion": "",
        "estado": "activo",
        "fecha_corte": "2026-08-12T20:54:31Z",
        "fuente": "haciendo-comunidad",
        "fuente_url": "https://personnofound.github.io/HaciendoComunidad/",
        "id": "haciendo-comunidad-0b02ea05e3",
        "municipio": "",
        "necesita": [
          "Otro"
        ],
        "nombre": "Carrera 1b # 57-102 torres de comfandi,conjunto h torre10 apto 102o H torre",
        "tipo": "otro",
        "verificado": false
      },
      "type": "Feature"
    },
    {
      "geometry": {
        "coordinates": [
          -76.55419081449509,
          3.377236432170557
        ],
        "type": "Point"
      },
      "properties": {
        "barrio": "Bajo jordan",
        "contacto": "",
        "departamento": "Valle del Cauca",
        "direccion": "",
        "estado": "activo",
        "fecha_corte": "2026-08-12T20:54:31Z",
        "fuente": "haciendo-comunidad",
        "fuente_url": "https://personnofound.github.io/HaciendoComunidad/",
        "id": "haciendo-comunidad-19d77f55a7",
        "municipio": "",
        "necesita": [
          "Colapso de infraestructura"
        ],
        "nombre": "Bajo jordan",
        "tipo": "rescate",
        "verificado": false
      },
      "type": "Feature"
    },
    {
      "geometry": {
        "coordinates": [
          -76.54793053865434,
          3.42004952236759
        ],
        "type": "Point"
      },
      "properties": {
        "barrio": "Tequendama, Cali",
        "contacto": "",
        "departamento": "Valle del Cauca",
        "direccion": "",
        "estado": "activo",
        "fecha_corte": "2026-08-12T20:54:31Z",
        "fuente": "haciendo-comunidad",
        "fuente_url": "https://personnofound.github.io/HaciendoComunidad/",
        "id": "haciendo-comunidad-2bb91e771b",
        "municipio": "",
        "necesita": [
          "Rescate de personas atrapadas"
        ],
        "nombre": "Tequendama, Cali",
        "tipo": "rescate",
        "verificado": false
      },
      "type": "Feature"
    },
    {
      "geometry": {
        "coordinates": [
          -76.54860913753511,
          3.4233608307196444
        ],
        "type": "Point"
      },
      "properties": {
        "barrio": "Nueva Granada, Cali",
        "contacto": "",
        "departamento": "Valle del Cauca",
        "direccion": "",
        "estado": "activo",
        "fecha_corte": "2026-08-12T20:54:31Z",
        "fuente": "haciendo-comunidad",
        "fuente_url": "https://personnofound.github.io/HaciendoComunidad/",
        "id": "haciendo-comunidad-303080aede",
        "municipio": "",
        "necesita": [
          "Colapso de infraestructura"
        ],
        "nombre": "Nueva Granada, Cali",
        "tipo": "rescate",
        "verificado": false
      },
      "type": "Feature"
    },
    {
      "geometry": {
        "coordinates": [
          -76.55172765276804,
          3.37467607660152
        ],
        "type": "Point"
      },
      "properties": {
        "barrio": "Reservas de Meléndez etapa 1 - Comuna 18",
        "contacto": "",
        "departamento": "Valle del Cauca",
        "direccion": "",
        "estado": "activo",
        "fecha_corte": "2026-08-12T20:54:31Z",
        "fuente": "haciendo-comunidad",
        "fuente_url": "https://personnofound.github.io/HaciendoComunidad/",
        "id": "haciendo-comunidad-38acd1eb96",
        "municipio": "",
        "necesita": [
          "Refugio o techo"
        ],
        "nombre": "Reservas de Meléndez etapa 1 - Comuna 18",
        "tipo": "albergue",
        "verificado": false
      },
      "type": "Feature"
    },
    {
      "geometry": {
        "coordinates": [
          -76.54309767653105,
          3.422528660915573
        ],
        "type": "Point"
      },
      "properties": {
        "barrio": "Barrio tequendama",
        "contacto": "316 2 11 41 34",
        "departamento": "Valle del Cauca",
        "direccion": "",
        "estado": "activo",
        "fecha_corte": "2026-08-12T20:54:31Z",
        "fuente": "haciendo-comunidad",
        "fuente_url": "https://personnofound.github.io/HaciendoComunidad/",
        "id": "haciendo-comunidad-57156e3cb6",
        "municipio": "",
        "necesita": [
          "Rescate de personas atrapadas"
        ],
        "nombre": "Barrio tequendama",
        "tipo": "rescate",
        "verificado": false
      },
      "type": "Feature"
    },
    {
      "geometry": {
        "coordinates": [
          -76.5570688,
          3.3758903
        ],
        "type": "Point"
      },
      "properties": {
        "barrio": "Alto Jordán",
        "contacto": "",
        "departamento": "Valle del Cauca",
        "direccion": "",
        "estado": "activo",
        "fecha_corte": "2026-08-12T20:54:31Z",
        "fuente": "haciendo-comunidad",
        "fuente_url": "https://personnofound.github.io/HaciendoComunidad/",
        "id": "haciendo-comunidad-592e060967",
        "municipio": "",
        "necesita": [
          "Agua"
        ],
        "nombre": "Alto Jordán",
        "tipo": "agua",
        "verificado": false
      },
      "type": "Feature"
    },
    {
      "geometry": {
        "coordinates": [
          -76.53560400009157,
          3.421193454523058
        ],
        "type": "Point"
      },
      "properties": {
        "barrio": "Autopista con 39",
        "contacto": "3112222931",
        "departamento": "Valle del Cauca",
        "direccion": "",
        "estado": "activo",
        "fecha_corte": "2026-08-12T20:54:31Z",
        "fuente": "haciendo-comunidad",
        "fuente_url": "https://personnofound.github.io/HaciendoComunidad/",
        "id": "haciendo-comunidad-5942db6874",
        "municipio": "",
        "necesita": [
          "Alimentos"
        ],
        "nombre": "Autopista con 39",
        "tipo": "acopio",
        "verificado": false
      },
      "type": "Feature"
    },
    {
      "geometry": {
        "coordinates": [
          -76.4927226,
          3.4776492
        ],
        "type": "Point"
      },
      "properties": {
        "barrio": "Chiminangos 2 comuna 5",
        "contacto": "",
        "departamento": "Valle del Cauca",
        "direccion": "",
        "estado": "activo",
        "fecha_corte": "2026-08-12T20:54:31Z",
        "fuente": "haciendo-comunidad",
        "fuente_url": "https://personnofound.github.io/HaciendoComunidad/",
        "id": "haciendo-comunidad-770a6527fd",
        "municipio": "",
        "necesita": [
          "Vía cerrada"
        ],
        "nombre": "Chiminangos 2 comuna 5",
        "tipo": "info",
        "verificado": false
      },
      "type": "Feature"
    },
    {
      "geometry": {
        "coordinates": [
          -76.5497785806656,
          3.409684457620054
        ],
        "type": "Point"
      },
      "properties": {
        "barrio": "Conjunto Residencial Guadalupe",
        "contacto": "",
        "departamento": "Valle del Cauca",
        "direccion": "",
        "estado": "activo",
        "fecha_corte": "2026-08-12T20:54:31Z",
        "fuente": "haciendo-comunidad",
        "fuente_url": "https://personnofound.github.io/HaciendoComunidad/",
        "id": "haciendo-comunidad-928bedbe0e",
        "municipio": "",
        "necesita": [
          "Colapso de infraestructura"
        ],
        "nombre": "Conjunto Residencial Guadalupe",
        "tipo": "rescate",
        "verificado": false
      },
      "type": "Feature"
    },
    {
      "geometry": {
        "coordinates": [
          -76.53851330280305,
          3.4223005707098153
        ],
        "type": "Point"
      },
      "properties": {
        "barrio": "Cerca a las canchas panamericanas",
        "contacto": "",
        "departamento": "Valle del Cauca",
        "direccion": "",
        "estado": "activo",
        "fecha_corte": "2026-08-12T20:54:31Z",
        "fuente": "haciendo-comunidad",
        "fuente_url": "https://personnofound.github.io/HaciendoComunidad/",
        "id": "haciendo-comunidad-9afe0cecb8",
        "municipio": "",
        "necesita": [
          "Colapso de infraestructura"
        ],
        "nombre": "Cerca a las canchas panamericanas",
        "tipo": "rescate",
        "verificado": false
      },
      "type": "Feature"
    },
    {
      "geometry": {
        "coordinates": [
          -76.54251515865327,
          3.436244502403138
        ],
        "type": "Point"
      },
      "properties": {
        "barrio": "Barrio San Fernando, Restaurante amasa",
        "contacto": "",
        "departamento": "Valle del Cauca",
        "direccion": "",
        "estado": "activo",
        "fecha_corte": "2026-08-12T20:54:31Z",
        "fuente": "haciendo-comunidad",
        "fuente_url": "https://personnofound.github.io/HaciendoComunidad/",
        "id": "haciendo-comunidad-cbac4baf1b",
        "municipio": "",
        "necesita": [
          "Alimentos"
        ],
        "nombre": "Barrio San Fernando, Restaurante amasa",
        "tipo": "acopio",
        "verificado": false
      },
      "type": "Feature"
    },
    {
      "geometry": {
        "coordinates": [
          -76.5402513742447,
          3.4018341101260616
        ],
        "type": "Point"
      },
      "properties": {
        "barrio": "Edificio Vanessa",
        "contacto": "",
        "departamento": "Valle del Cauca",
        "direccion": "",
        "estado": "activo",
        "fecha_corte": "2026-08-12T20:54:31Z",
        "fuente": "haciendo-comunidad",
        "fuente_url": "https://personnofound.github.io/HaciendoComunidad/",
        "id": "haciendo-comunidad-d76d67907e",
        "municipio": "",
        "necesita": [
          "Colapso de infraestructura"
        ],
        "nombre": "Edificio Vanessa",
        "tipo": "rescate",
        "verificado": false
      },
      "type": "Feature"
    },
    {
      "geometry": {
        "coordinates": [
          -76.53428345918657,
          3.4335811682643853
        ],
        "type": "Point"
      },
      "properties": {
        "barrio": "Alameda",
        "contacto": "",
        "departamento": "Valle del Cauca",
        "direccion": "",
        "estado": "activo",
        "fecha_corte": "2026-08-12T20:54:31Z",
        "fuente": "haciendo-comunidad",
        "fuente_url": "https://personnofound.github.io/HaciendoComunidad/",
        "id": "haciendo-comunidad-dd2d99746c",
        "municipio": "",
        "necesita": [
          "Colapso de infraestructura"
        ],
        "nombre": "Alameda",
        "tipo": "rescate",
        "verificado": false
      },
      "type": "Feature"
    },
    {
      "geometry": {
        "coordinates": [
          -76.54060542583467,
          3.420222886076343
        ],
        "type": "Point"
      },
      "properties": {
        "barrio": "Los cambulos",
        "contacto": "",
        "departamento": "Valle del Cauca",
        "direccion": "",
        "estado": "activo",
        "fecha_corte": "2026-08-12T20:54:31Z",
        "fuente": "haciendo-comunidad",
        "fuente_url": "https://personnofound.github.io/HaciendoComunidad/",
        "id": "haciendo-comunidad-e7d2453fd2",
        "municipio": "",
        "necesita": [
          "Colapso de infraestructura"
        ],
        "nombre": "Los cambulos",
        "tipo": "rescate",
        "verificado": false
      },
      "type": "Feature"
    },
    {
      "geometry": {
        "coordinates": [
          -76.46752288860716,
          3.4332147802997985
        ],
        "type": "Point"
      },
      "properties": {
        "barrio": "Vallegrande apartamentos blancos",
        "contacto": "",
        "departamento": "Valle del Cauca",
        "direccion": "",
        "estado": "activo",
        "fecha_corte": "2026-08-12T20:54:31Z",
        "fuente": "haciendo-comunidad",
        "fuente_url": "https://personnofound.github.io/HaciendoComunidad/",
        "id": "haciendo-comunidad-ec19c6422a",
        "municipio": "",
        "necesita": [
          "Refugio o techo"
        ],
        "nombre": "Vallegrande apartamentos blancos",
        "tipo": "albergue",
        "verificado": false
      },
      "type": "Feature"
    },
    {
      "geometry": {
        "coordinates": [
          -76.5452027,
          3.3780431
        ],
        "type": "Point"
      },
      "properties": {
        "barrio": "El jordan/alto melendez",
        "contacto": "Johana mellizo",
        "departamento": "",
        "direccion": "Cra 94 D #2 - 09",
        "estado": "activo",
        "fecha_corte": "2026-08-12T20:54:31Z",
        "fuente": "mapa-emergencia",
        "fuente_url": "https://mapa-emergencia.artefactofilms.workers.dev/#p=eqbdzxu9dasx",
        "id": "mapa-emergencia-0004c51d14",
        "municipio": "",
        "necesita": [
          "Baldes",
          "Barras de demolición",
          "Botiquín",
          "Cintas de seguridad",
          "Costales",
          "Discos de pulidora",
          "Electrolitos",
          "Guantes de obra",
          "Linternas",
          "Palas",
          "Tapabocas",
          "Volquetas!"
        ],
        "nombre": "Alto melendez muchas casas se van a caer, necesitamos volquetas",
        "tipo": "albergue",
        "verificado": false
      },
      "type": "Feature"
    },
    {
      "geometry": {
        "coordinates": [
          -75.1833609837049,
          4.417627265908368
        ],
        "type": "Point"
      },
      "properties": {
        "barrio": "",
        "contacto": "",
        "departamento": "",
        "direccion": "Hotel dibeni Pereira",
        "estado": "urgente",
        "fecha_corte": "2026-08-12T20:54:31Z",
        "fuente": "mapa-emergencia",
        "fuente_url": "https://mapa-emergencia.artefactofilms.workers.dev/#p=mudnupwbydbr",
        "id": "mapa-emergencia-00771add81",
        "municipio": "",
        "necesita": [
          "Se busca desaparecido"
        ],
        "nombre": "Hotel dibeni Pereira",
        "tipo": "rescate",
        "verificado": false
      },
      "type": "Feature"
    },
    {
      "geometry": {
        "coordinates": [
          -76.4985331,
          3.4653829
        ],
        "type": "Point"
      },
      "properties": {
        "barrio": "",
        "contacto": "Camila Sánchez — 314 8875589",
        "departamento": "Valle del Cauca",
        "direccion": "Carrera 4 #58-18",
        "estado": "urgente",
        "fecha_corte": "2026-08-12T20:54:31Z",
        "fuente": "mapa-emergencia",
        "fuente_url": "https://mapa-emergencia.artefactofilms.workers.dev/#p=uy94ywwr",
        "id": "mapa-emergencia-00e64e5d3f",
        "municipio": "Cali",
        "necesita": [],
        "nombre": "Edificio Elvira",
        "tipo": "rescate",
        "verificado": false
      },
      "type": "Feature"
    },
    {
      "geometry": {
        "coordinates": [
          -76.4901692,
          3.4205777
        ],
        "type": "Point"
      },
      "properties": {
        "barrio": "",
        "contacto": "",
        "departamento": "",
        "direccion": "Poblado 2",
        "estado": "urgente",
        "fecha_corte": "2026-08-12T20:54:31Z",
        "fuente": "mapa-emergencia",
        "fuente_url": "https://mapa-emergencia.artefactofilms.workers.dev/#p=ez4s76tujpeq",
        "id": "mapa-emergencia-01871fc5e2",
        "municipio": "",
        "necesita": [
          "Cinceles",
          "Comida para animales",
          "Linternas",
          "Picas"
        ],
        "nombre": "Poblado 2",
        "tipo": "rescate",
        "verificado": false
      },
      "type": "Feature"
    },
    {
      "geometry": {
        "coordinates": [
          -77.50731740538367,
          1.3334602717892476
        ],
        "type": "Point"
      },
      "properties": {
        "barrio": "",
        "contacto": "",
        "departamento": "",
        "direccion": "",
        "estado": "por-confirmar",
        "fecha_corte": "2026-08-12T20:54:31Z",
        "fuente": "mapa-emergencia",
        "fuente_url": "https://mapa-emergencia.artefactofilms.workers.dev/#p=pa2ejiy9vnt3",
        "id": "mapa-emergencia-0285d344d0",
        "municipio": "",
        "necesita": [],
        "nombre": "Linares",
        "tipo": "rescate",
        "verificado": false
      },
      "type": "Feature"
    },
    {
      "geometry": {
        "coordinates": [
          -75.6436997,
          4.9475699
        ],
        "type": "Point"
      },
      "properties": {
        "barrio": "",
        "contacto": "",
        "departamento": "",
        "direccion": "Casa verde",
        "estado": "por-confirmar",
        "fecha_corte": "2026-08-12T20:54:31Z",
        "fuente": "mapa-emergencia",
        "fuente_url": "https://mapa-emergencia.artefactofilms.workers.dev/#p=eitkgw4rrbkp",
        "id": "mapa-emergencia-02e07d2676",
        "municipio": "",
        "necesita": [
          "Agua",
          "Barras de demolición",
          "Botiquín",
          "Carpas",
          "Cintas de seguridad",
          "Colchonetas",
          "Comida",
          "Electrolitos",
          "Gafas de seguridad",
          "Guantes de obra",
          "Palas",
          "Pañales",
          "Percutores",
          "Picas",
          "Tapabocas",
          "Tapers"
        ],
        "nombre": "Casa verde",
        "tipo": "rescate",
        "verificado": false
      },
      "type": "Feature"
    },
    {
      "geometry": {
        "coordinates": [
          -76.5591623,
          3.448548
        ],
        "type": "Point"
      },
      "properties": {
        "barrio": "",
        "contacto": "",
        "departamento": "",
        "direccion": "Zoológico de Cali",
        "estado": "urgente",
        "fecha_corte": "2026-08-12T20:54:31Z",
        "fuente": "mapa-emergencia",
        "fuente_url": "https://mapa-emergencia.artefactofilms.workers.dev/#p=xyd4hb834s3g",
        "id": "mapa-emergencia-034e378a03",
        "municipio": "",
        "necesita": [
          "Kit de aseo personal (40 unidades)"
        ],
        "nombre": "Zoológico de Cali",
        "tipo": "rescate",
        "verificado": false
      },
      "type": "Feature"
    },
    {
      "geometry": {
        "coordinates": [
          -76.52215719223024,
          3.490482791272181
        ],
        "type": "Point"
      },
      "properties": {
        "barrio": "",
        "contacto": "",
        "departamento": "",
        "direccion": "Cl 58 Nte #5b N - 62",
        "estado": "urgente",
        "fecha_corte": "2026-08-12T20:54:31Z",
        "fuente": "mapa-emergencia",
        "fuente_url": "https://mapa-emergencia.artefactofilms.workers.dev/#p=q8svc5wqe7hb",
        "id": "mapa-emergencia-03dcd28300",
        "municipio": "",
        "necesita": [],
        "nombre": "Cl 58 Nte #5b N - 62",
        "tipo": "rescate",
        "verificado": false
      },
      "type": "Feature"
    },
    {
      "geometry": {
        "coordinates": [
          -72.48572336949796,
          7.887804808693662
        ],
        "type": "Point"
      },
      "properties": {
        "barrio": "",
        "contacto": "",
        "departamento": "",
        "direccion": "Calle 5 con Carrera 44 - Cali",
        "estado": "cerrado",
        "fecha_corte": "2026-08-12T20:54:31Z",
        "fuente": "mapa-emergencia",
        "fuente_url": "https://mapa-emergencia.artefactofilms.workers.dev/#p=uwbt3xnjw9dz",
        "id": "mapa-emergencia-046502e497",
        "municipio": "",
        "necesita": [
          "Carpas",
          "Colchonetas"
        ],
        "nombre": "Calle 5 con Carrera 44 - Cali diagonal oxxo",
        "tipo": "rescate",
        "verificado": false
      },
      "type": "Feature"
    },
    {
      "geometry": {
        "coordinates": [
          -76.47796670663091,
          3.4380436179743463
        ],
        "type": "Point"
      },
      "properties": {
        "barrio": "",
        "contacto": "",
        "departamento": "",
        "direccion": "Calle 5 39-40",
        "estado": "urgente",
        "fecha_corte": "2026-08-12T20:54:31Z",
        "fuente": "mapa-emergencia",
        "fuente_url": "https://mapa-emergencia.artefactofilms.workers.dev/#p=xi8ywqy882b8",
        "id": "mapa-emergencia-05a988fc99",
        "municipio": "",
        "necesita": [],
        "nombre": "Calle 5 39-40",
        "tipo": "rescate",
        "verificado": false
      },
      "type": "Feature"
    },
    {
      "geometry": {
        "coordinates": [
          -76.5511572,
          3.3752132
        ],
        "type": "Point"
      },
      "properties": {
        "barrio": "",
        "contacto": "",
        "departamento": "",
        "direccion": "Carrera 94B 1, 2-10",
        "estado": "por-confirmar",
        "fecha_corte": "2026-08-12T20:54:31Z",
        "fuente": "mapa-emergencia",
        "fuente_url": "https://mapa-emergencia.artefactofilms.workers.dev/#p=bqrbm8b9t628",
        "id": "mapa-emergencia-07c06543db",
        "municipio": "",
        "necesita": [
          "Agua",
          "Botiquín",
          "Carpas",
          "Colchonetas",
          "Comida",
          "Comida para animales",
          "Linternas",
          "Pañales"
        ],
        "nombre": "Carrera 94B 1, 2-10",
        "tipo": "rescate",
        "verificado": false
      },
      "type": "Feature"
    },
    {
      "geometry": {
        "coordinates": [
          -76.51436805725099,
          3.346608115716625
        ],
        "type": "Point"
      },
      "properties": {
        "barrio": "León Trece",
        "contacto": "‪321 7773660‬",
        "departamento": "",
        "direccion": "Calle 34a No.29A-35",
        "estado": "urgente",
        "fecha_corte": "2026-08-12T20:54:31Z",
        "fuente": "mapa-emergencia",
        "fuente_url": "https://mapa-emergencia.artefactofilms.workers.dev/#p=swidtt9w6s25",
        "id": "mapa-emergencia-083e6bb96e",
        "municipio": "",
        "necesita": [
          "Agua",
          "Baldes",
          "Botiquín",
          "Carpas",
          "Cintas de seguridad",
          "Colchonetas",
          "Comida",
          "Comida para animales",
          "Electrolitos",
          "Guantes de obra",
          "Linternas",
          "Palas",
          "Pañales",
          "Picas",
          "Porras",
          "Productos de Aseo y del Cuidado",
          "Tapabocas",
          "Tapers"
        ],
        "nombre": "Calle 34a No.29A-35 Barrio León Trece",
        "tipo": "rescate",
        "verificado": false
      },
      "type": "Feature"
    },
    {
      "geometry": {
        "coordinates": [
          -76.54856153552828,
          3.409014620690817
        ],
        "type": "Point"
      },
      "properties": {
        "barrio": "",
        "contacto": "",
        "departamento": "",
        "direccion": "Cra 56 #3-88",
        "estado": "urgente",
        "fecha_corte": "2026-08-12T20:54:31Z",
        "fuente": "mapa-emergencia",
        "fuente_url": "https://mapa-emergencia.artefactofilms.workers.dev/#p=z4fs5gma9vyt",
        "id": "mapa-emergencia-085b98730c",
        "municipio": "",
        "necesita": [
          "Baterías",
          "Linternas",
          "Palas",
          "Tapabocas",
          "gasolina 2 tiempos"
        ],
        "nombre": "Cra 56 #3-88",
        "tipo": "acopio",
        "verificado": false
      },
      "type": "Feature"
    },
    {
      "geometry": {
        "coordinates": [
          -76.54188627979315,
          3.413800446886627
        ],
        "type": "Point"
      },
      "properties": {
        "barrio": "",
        "contacto": "",
        "departamento": "",
        "direccion": "Torres de Alcalá II",
        "estado": "urgente",
        "fecha_corte": "2026-08-12T20:54:31Z",
        "fuente": "mapa-emergencia",
        "fuente_url": "https://mapa-emergencia.artefactofilms.workers.dev/#p=t7z6cmn8ziw2",
        "id": "mapa-emergencia-08c1de49d8",
        "municipio": "",
        "necesita": [
          "Discos de pulidora",
          "Gasolina"
        ],
        "nombre": "Torres de Alcalá II",
        "tipo": "rescate",
        "verificado": false
      },
      "type": "Feature"
    },
    {
      "geometry": {
        "coordinates": [
          -76.47430697732135,
          3.43821843130955
        ],
        "type": "Point"
      },
      "properties": {
        "barrio": "",
        "contacto": "",
        "departamento": "",
        "direccion": "Afuera del Río Cauca",
        "estado": "urgente",
        "fecha_corte": "2026-08-12T20:54:31Z",
        "fuente": "mapa-emergencia",
        "fuente_url": "https://mapa-emergencia.artefactofilms.workers.dev/#p=rrwyyn3fkdnf",
        "id": "mapa-emergencia-0996d8d070",
        "municipio": "",
        "necesita": [
          "Agua",
          "Carpas",
          "Colchonetas",
          "Comida para animales",
          "Pañales"
        ],
        "nombre": "Afuera del Río Cauca",
        "tipo": "rescate",
        "verificado": false
      },
      "type": "Feature"
    },
    {
      "geometry": {
        "coordinates": [
          -76.54078245162965,
          3.3995274559585607
        ],
        "type": "Point"
      },
      "properties": {
        "barrio": "El limonar",
        "contacto": "",
        "departamento": "",
        "direccion": "CRA 65A #10A - 147",
        "estado": "urgente",
        "fecha_corte": "2026-08-12T20:54:31Z",
        "fuente": "mapa-emergencia",
        "fuente_url": "https://mapa-emergencia.artefactofilms.workers.dev/#p=a6v2bdc6hh3d",
        "id": "mapa-emergencia-09ff9254bc",
        "municipio": "",
        "necesita": [
          "Botiquín",
          "Este punto NO EXISTE",
          "Ropa - Alcohol - Medicamentos",
          "Tapabocas"
        ],
        "nombre": "CRA 65A #10A - 147",
        "tipo": "acopio",
        "verificado": false
      },
      "type": "Feature"
    },
    {
      "geometry": {
        "coordinates": [
          -76.48404182580641,
          3.4884899940624976
        ],
        "type": "Point"
      },
      "properties": {
        "barrio": "",
        "contacto": "",
        "departamento": "",
        "direccion": "Calle 84 con Carrera 1A1 Calimio Note",
        "estado": "urgente",
        "fecha_corte": "2026-08-12T20:54:31Z",
        "fuente": "mapa-emergencia",
        "fuente_url": "https://mapa-emergencia.artefactofilms.workers.dev/#p=5ph4shnge3pu",
        "id": "mapa-emergencia-0d9cddc7a1",
        "municipio": "",
        "necesita": [
          "Carpas",
          "Colchonetas",
          "Comida para animales",
          "Pañales"
        ],
        "nombre": "Calle 84 con Carrera 1A1 Calimio Note",
        "tipo": "rescate",
        "verificado": false
      },
      "type": "Feature"
    },
    {
      "geometry": {
        "coordinates": [
          -76.55778778902868,
          3.4138859044268077
        ],
        "type": "Point"
      },
      "properties": {
        "barrio": "",
        "contacto": "",
        "departamento": "",
        "direccion": "Calle 5 #38d-104 San Fernando",
        "estado": "urgente",
        "fecha_corte": "2026-08-12T20:54:31Z",
        "fuente": "mapa-emergencia",
        "fuente_url": "https://mapa-emergencia.artefactofilms.workers.dev/#p=7vp3w2jt7ns9",
        "id": "mapa-emergencia-0e3d55a348",
        "municipio": "",
        "necesita": [],
        "nombre": "Calle 5 #38d-104 San Fernando",
        "tipo": "rescate",
        "verificado": false
      },
      "type": "Feature"
    },
    {
      "geometry": {
        "coordinates": [
          -76.4704925,
          3.4250958
        ],
        "type": "Point"
      },
      "properties": {
        "barrio": "",
        "contacto": "",
        "departamento": "",
        "direccion": "Carrera 26d # 112-23",
        "estado": "urgente",
        "fecha_corte": "2026-08-12T20:54:31Z",
        "fuente": "mapa-emergencia",
        "fuente_url": "https://mapa-emergencia.artefactofilms.workers.dev/#p=abqfgfc8ptyq",
        "id": "mapa-emergencia-0f249606eb",
        "municipio": "",
        "necesita": [
          "Agua",
          "Carpas",
          "Colchonetas",
          "Comida",
          "Comida para animales",
          "Linternas"
        ],
        "nombre": "Carrera 26d # 112-23",
        "tipo": "rescate",
        "verificado": false
      },
      "type": "Feature"
    },
    {
      "geometry": {
        "coordinates": [
          -76.6498174,
          5.7146085
        ],
        "type": "Point"
      },
      "properties": {
        "barrio": "",
        "contacto": "",
        "departamento": "",
        "direccion": "Quibdó chocó casa blanca zona norte",
        "estado": "urgente",
        "fecha_corte": "2026-08-12T20:54:31Z",
        "fuente": "mapa-emergencia",
        "fuente_url": "https://mapa-emergencia.artefactofilms.workers.dev/#p=k2dhgyzxc2it",
        "id": "mapa-emergencia-0f3871324a",
        "municipio": "",
        "necesita": [
          "Barras de demolición",
          "Colchonetas",
          "Comida",
          "Guantes de obra",
          "Linternas",
          "Palas",
          "Voluntarios"
        ],
        "nombre": "Quibdó chocó casa blanca zona norte",
        "tipo": "rescate",
        "verificado": false
      },
      "type": "Feature"
    },
    {
      "geometry": {
        "coordinates": [
          -76.54832275831446,
          3.4204200406915173
        ],
        "type": "Point"
      },
      "properties": {
        "barrio": "",
        "contacto": "",
        "departamento": "",
        "direccion": "Calle 5 # 43-70",
        "estado": "urgente",
        "fecha_corte": "2026-08-12T20:54:31Z",
        "fuente": "mapa-emergencia",
        "fuente_url": "https://mapa-emergencia.artefactofilms.workers.dev/#p=q7cp3tyf52hn",
        "id": "mapa-emergencia-0f86f41aec",
        "municipio": "",
        "necesita": [
          "Brocas de Tusteno Retromartillo",
          "Brocas de Tusteno de taladro",
          "Cintas de enmascarar",
          "Destornillador de estrias",
          "Destornillador de pala",
          "Esparadrapo",
          "Vigas de madera"
        ],
        "nombre": "Calle 5 con 44",
        "tipo": "acopio",
        "verificado": false
      },
      "type": "Feature"
    },
    {
      "geometry": {
        "coordinates": [
          -75.65142568650961,
          4.636623578336953
        ],
        "type": "Point"
      },
      "properties": {
        "barrio": "",
        "contacto": "",
        "departamento": "",
        "direccion": "Circasia quindio, vereda membrillal",
        "estado": "urgente",
        "fecha_corte": "2026-08-12T20:54:31Z",
        "fuente": "mapa-emergencia",
        "fuente_url": "https://mapa-emergencia.artefactofilms.workers.dev/#p=ncks8rtutmq8",
        "id": "mapa-emergencia-0fff2bb686",
        "municipio": "",
        "necesita": [
          "Agua",
          "Colchonetas",
          "Comida",
          "Comida para animales",
          "Linternas"
        ],
        "nombre": "Circasia quindio, vereda membrillal",
        "tipo": "rescate",
        "verificado": false
      },
      "type": "Feature"
    },
    {
      "geometry": {
        "coordinates": [
          -76.5439731,
          3.4266703
        ],
        "type": "Point"
      },
      "properties": {
        "barrio": "",
        "contacto": "",
        "departamento": "",
        "direccion": "Cra 38 #5-25 san fernando",
        "estado": "urgente",
        "fecha_corte": "2026-08-12T20:54:31Z",
        "fuente": "mapa-emergencia",
        "fuente_url": "https://mapa-emergencia.artefactofilms.workers.dev/#p=zzm9ywh94nu2",
        "id": "mapa-emergencia-110ff0d6c7",
        "municipio": "",
        "necesita": [
          "Se necesita bomberos o personal profesional el edificio está desalojado y necesitamos saber si se puede vivir!"
        ],
        "nombre": "Cra 38 #5-25 san fernando",
        "tipo": "rescate",
        "verificado": false
      },
      "type": "Feature"
    },
    {
      "geometry": {
        "coordinates": [
          -76.5347011,
          3.4216545
        ],
        "type": "Point"
      },
      "properties": {
        "barrio": "Apartahotel Molino Rojo",
        "contacto": "",
        "departamento": "Valle del Cauca",
        "direccion": "Motel molino rojo",
        "estado": "urgente",
        "fecha_corte": "2026-08-12T20:54:31Z",
        "fuente": "mapa-emergencia",
        "fuente_url": "https://mapa-emergencia.artefactofilms.workers.dev/#p=62qpghdhu6w9",
        "id": "mapa-emergencia-11a8a88369",
        "municipio": "",
        "necesita": [
          "5 y 7 pulgadas",
          "Baldes",
          "Barras de demolición",
          "Cascos",
          "Cinceles",
          "Colapso de infraestructura",
          "Costales",
          "Discos de corte de 4",
          "Discos de pulidora",
          "Picas",
          "Porras",
          "Seguetas"
        ],
        "nombre": "Motel molino rojo",
        "tipo": "rescate",
        "verificado": false
      },
      "type": "Feature"
    },
    {
      "geometry": {
        "coordinates": [
          -76.5357635,
          3.4219199
        ],
        "type": "Point"
      },
      "properties": {
        "barrio": "",
        "contacto": "",
        "departamento": "",
        "direccion": "Diamante de Softbol",
        "estado": "urgente",
        "fecha_corte": "2026-08-12T20:54:31Z",
        "fuente": "mapa-emergencia",
        "fuente_url": "https://mapa-emergencia.artefactofilms.workers.dev/#p=n2pddj26767p",
        "id": "mapa-emergencia-124641f06d",
        "municipio": "",
        "necesita": [
          "Baldes",
          "Botiquín",
          "Carpas",
          "Cascos",
          "Colchonetas",
          "Comida",
          "Comida para animales",
          "Costales",
          "Electrolitos",
          "Gafas de seguridad",
          "Guantes de obra",
          "Linternas",
          "Pañales",
          "Tapabocas"
        ],
        "nombre": "Diamante de Softbol",
        "tipo": "rescate",
        "verificado": false
      },
      "type": "Feature"
    },
    {
      "geometry": {
        "coordinates": [
          -76.12384709995241,
          4.7208515394562385
        ],
        "type": "Point"
      },
      "properties": {
        "barrio": "",
        "contacto": "",
        "departamento": "",
        "direccion": "Argelia",
        "estado": "por-confirmar",
        "fecha_corte": "2026-08-12T20:54:31Z",
        "fuente": "mapa-emergencia",
        "fuente_url": "https://mapa-emergencia.artefactofilms.workers.dev/#p=fxd6gmi3gs4b",
        "id": "mapa-emergencia-1269918602",
        "municipio": "",
        "necesita": [
          "Agua",
          "Botiquín",
          "Comida",
          "Voluntarios"
        ],
        "nombre": "Argelia",
        "tipo": "rescate",
        "verificado": false
      },
      "type": "Feature"
    },
    {
      "geometry": {
        "coordinates": [
          -76.54094412182842,
          3.4127265875999275
        ],
        "type": "Point"
      },
      "properties": {
        "barrio": "",
        "contacto": "",
        "departamento": "",
        "direccion": "Al lado del Movistar de la 9",
        "estado": "por-confirmar",
        "fecha_corte": "2026-08-12T20:54:31Z",
        "fuente": "mapa-emergencia",
        "fuente_url": "https://mapa-emergencia.artefactofilms.workers.dev/#p=87k7iibh87p9",
        "id": "mapa-emergencia-13225b46d6",
        "municipio": "",
        "necesita": [
          "Baldes",
          "Comida para animales",
          "Gafas de seguridad",
          "Linternas",
          "Percutores",
          "Picas"
        ],
        "nombre": "Al lado del Movistar de la 9",
        "tipo": "rescate",
        "verificado": false
      },
      "type": "Feature"
    },
    {
      "geometry": {
        "coordinates": [
          -76.54008507728578,
          3.4169070546837093
        ],
        "type": "Point"
      },
      "properties": {
        "barrio": "Los cambulos",
        "contacto": "3187767565",
        "departamento": "",
        "direccion": "Carrera 44 #8a - 03",
        "estado": "activo",
        "fecha_corte": "2026-08-12T20:54:31Z",
        "fuente": "mapa-emergencia",
        "fuente_url": "https://mapa-emergencia.artefactofilms.workers.dev/#p=cv8u23kj35kr",
        "id": "mapa-emergencia-144bf32d89",
        "municipio": "",
        "necesita": [
          "Agua",
          "Alimentos no perecederos",
          "Baldes",
          "Botiquín",
          "Carpas",
          "Cintas de seguridad",
          "Cobijas",
          "Colchonetas",
          "Comida",
          "Comida para animales",
          "Costales",
          "Electrolitos",
          "Enlatados",
          "Gafas de seguridad",
          "Guantes de obra",
          "Linternas",
          "Medicamentos en buen estado",
          "Pañales",
          "Tapabocas",
          "Tapers"
        ],
        "nombre": "ACOPIO MI DON PARA SERVIR",
        "tipo": "acopio",
        "verificado": false
      },
      "type": "Feature"
    },
    {
      "geometry": {
        "coordinates": [
          -76.5523823,
          3.4050395
        ],
        "type": "Point"
      },
      "properties": {
        "barrio": "",
        "contacto": "",
        "departamento": "",
        "direccion": "Calle 2 # 66b -89",
        "estado": "activo",
        "fecha_corte": "2026-08-12T20:54:31Z",
        "fuente": "mapa-emergencia",
        "fuente_url": "https://mapa-emergencia.artefactofilms.workers.dev/#p=qxmkyk39as87",
        "id": "mapa-emergencia-1487bae760",
        "municipio": "",
        "necesita": [],
        "nombre": "Calle 2 # 66b -89",
        "tipo": "rescate",
        "verificado": false
      },
      "type": "Feature"
    },
    {
      "geometry": {
        "coordinates": [
          -76.53228503869245,
          3.4447315309338293
        ],
        "type": "Point"
      },
      "properties": {
        "barrio": "San Bosco",
        "contacto": "",
        "departamento": "",
        "direccion": "Calle 10 #12-63 edificio cuellar",
        "estado": "urgente",
        "fecha_corte": "2026-08-12T20:54:31Z",
        "fuente": "mapa-emergencia",
        "fuente_url": "https://mapa-emergencia.artefactofilms.workers.dev/#p=m9f92i8z6aaa",
        "id": "mapa-emergencia-1606497996",
        "municipio": "",
        "necesita": [
          "Agua",
          "Carpas",
          "Colchonetas",
          "Comida",
          "Comida para animales"
        ],
        "nombre": "Calle 10 #12-63 edificio cuellar",
        "tipo": "rescate",
        "verificado": false
      },
      "type": "Feature"
    },
    {
      "geometry": {
        "coordinates": [
          -76.5369148,
          3.3867271
        ],
        "type": "Point"
      },
      "properties": {
        "barrio": "",
        "contacto": "",
        "departamento": "",
        "direccion": "Carrera 80 N.13-130 apto 301",
        "estado": "urgente",
        "fecha_corte": "2026-08-12T20:54:31Z",
        "fuente": "mapa-emergencia",
        "fuente_url": "https://mapa-emergencia.artefactofilms.workers.dev/#p=phahqj5cti8n",
        "id": "mapa-emergencia-1629da7452",
        "municipio": "",
        "necesita": [
          "Baldes",
          "Linternas"
        ],
        "nombre": "Carrera 80 N.13-130 apto 301",
        "tipo": "rescate",
        "verificado": false
      },
      "type": "Feature"
    },
    {
      "geometry": {
        "coordinates": [
          -76.2904983,
          3.8965324
        ],
        "type": "Point"
      },
      "properties": {
        "barrio": "",
        "contacto": "",
        "departamento": "",
        "direccion": "carrera 1 7-50 buga valle",
        "estado": "urgente",
        "fecha_corte": "2026-08-12T20:54:31Z",
        "fuente": "mapa-emergencia",
        "fuente_url": "https://mapa-emergencia.artefactofilms.workers.dev/#p=tdfyh3zquwih",
        "id": "mapa-emergencia-16cab2d282",
        "municipio": "",
        "necesita": [],
        "nombre": "carrera 1 7-50 buga valle",
        "tipo": "rescate",
        "verificado": false
      },
      "type": "Feature"
    },
    {
      "geometry": {
        "coordinates": [
          -76.5322716,
          3.4154276
        ],
        "type": "Point"
      },
      "properties": {
        "barrio": "",
        "contacto": "",
        "departamento": "",
        "direccion": "Cr 44",
        "estado": "urgente",
        "fecha_corte": "2026-08-12T20:54:31Z",
        "fuente": "mapa-emergencia",
        "fuente_url": "https://mapa-emergencia.artefactofilms.workers.dev/#p=yqwaqeer4k8v",
        "id": "mapa-emergencia-16ce64f6da",
        "municipio": "",
        "necesita": [
          "Agua",
          "Comida",
          "Tenemos comida preparada y agua para entregar"
        ],
        "nombre": "Cr 44",
        "tipo": "rescate",
        "verificado": false
      },
      "type": "Feature"
    },
    {
      "geometry": {
        "coordinates": [
          -76.54693625755098,
          3.394821263410527
        ],
        "type": "Point"
      },
      "properties": {
        "barrio": "",
        "contacto": "",
        "departamento": "",
        "direccion": "Refugio 67 #3c-15 Y 3",
        "estado": "urgente",
        "fecha_corte": "2026-08-12T20:54:31Z",
        "fuente": "mapa-emergencia",
        "fuente_url": "https://mapa-emergencia.artefactofilms.workers.dev/#p=dpsngpv66sxk",
        "id": "mapa-emergencia-16f1b1922d",
        "municipio": "",
        "necesita": [
          "Botiquín",
          "Electrolitos",
          "Gafas de seguridad",
          "Guantes de obra",
          "Linternas",
          "REFLECTORES",
          "Tapabocas"
        ],
        "nombre": "Refugio 67 #3c-15 Y 3",
        "tipo": "rescate",
        "verificado": false
      },
      "type": "Feature"
    },
    {
      "geometry": {
        "coordinates": [
          -76.545,
          3.4045
        ],
        "type": "Point"
      },
      "properties": {
        "barrio": "Pampalinda",
        "contacto": "Miguel Riascos / Paola · 312 2645909",
        "departamento": "",
        "direccion": "Carrera 59 con Calle 4 (rescate) · acopio en Cra 62 #2A-197",
        "estado": "por-confirmar",
        "fecha_corte": "2026-08-12T20:54:31Z",
        "fuente": "mapa-emergencia",
        "fuente_url": "https://mapa-emergencia.artefactofilms.workers.dev/#p=5xxaw4sk",
        "id": "mapa-emergencia-18040d5af3",
        "municipio": "",
        "necesita": [
          "Baldes",
          "Carpas",
          "Cobijas",
          "Colchonetas",
          "Costales",
          "Insumos médicos",
          "Losartán y medicamentos de tensión",
          "Mano de obra",
          "Volqueta",
          "Voluntarios"
        ],
        "nombre": "Pampalinda",
        "tipo": "rescate",
        "verificado": false
      },
      "type": "Feature"
    },
    {
      "geometry": {
        "coordinates": [
          -76.3139519,
          3.2107119
        ],
        "type": "Point"
      },
      "properties": {
        "barrio": "",
        "contacto": "",
        "departamento": "",
        "direccion": "Notaria 20 Cali valle",
        "estado": "por-confirmar",
        "fecha_corte": "2026-08-12T20:54:31Z",
        "fuente": "mapa-emergencia",
        "fuente_url": "https://mapa-emergencia.artefactofilms.workers.dev/#p=zxjykm7bn79s",
        "id": "mapa-emergencia-18ce05a65e",
        "municipio": "",
        "necesita": [],
        "nombre": "Notaria 20 Cali valle",
        "tipo": "rescate",
        "verificado": false
      },
      "type": "Feature"
    },
    {
      "geometry": {
        "coordinates": [
          -76.5068795,
          3.418288
        ],
        "type": "Point"
      },
      "properties": {
        "barrio": "",
        "contacto": "",
        "departamento": "",
        "direccion": "CRA 39 #40-13 Antonio Nariño",
        "estado": "urgente",
        "fecha_corte": "2026-08-12T20:54:31Z",
        "fuente": "mapa-emergencia",
        "fuente_url": "https://mapa-emergencia.artefactofilms.workers.dev/#p=7x8gnjqx7d3s",
        "id": "mapa-emergencia-18e32af5f2",
        "municipio": "",
        "necesita": [
          "Voluntarios"
        ],
        "nombre": "CRA 39 #40-13 Antonio Nariño",
        "tipo": "rescate",
        "verificado": false
      },
      "type": "Feature"
    },
    {
      "geometry": {
        "coordinates": [
          -76.56921386718751,
          3.648311867857069
        ],
        "type": "Point"
      },
      "properties": {
        "barrio": "",
        "contacto": "",
        "departamento": "",
        "direccion": "La Cumbre Valle del",
        "estado": "urgente",
        "fecha_corte": "2026-08-12T20:54:31Z",
        "fuente": "mapa-emergencia",
        "fuente_url": "https://mapa-emergencia.artefactofilms.workers.dev/#p=q5msbgijsx4i",
        "id": "mapa-emergencia-19973251bd",
        "municipio": "",
        "necesita": [
          "Agua",
          "Baldes",
          "Barras de demolición",
          "Carpas",
          "Cinceles",
          "Cintas de seguridad",
          "Colchonetas",
          "Comida",
          "Costales",
          "Discos de pulidora",
          "Electrolitos",
          "Linternas",
          "Pañales",
          "Percutores",
          "Picas",
          "Porras",
          "Seguetas"
        ],
        "nombre": "La Cumbre Valle del",
        "tipo": "rescate",
        "verificado": false
      },
      "type": "Feature"
    },
    {
      "geometry": {
        "coordinates": [
          -76.4914423,
          3.4143665
        ],
        "type": "Point"
      },
      "properties": {
        "barrio": "",
        "contacto": "",
        "departamento": "",
        "direccion": "Carrera 79",
        "estado": "urgente",
        "fecha_corte": "2026-08-12T20:54:31Z",
        "fuente": "mapa-emergencia",
        "fuente_url": "https://mapa-emergencia.artefactofilms.workers.dev/#p=fz4fhmea56zc",
        "id": "mapa-emergencia-19bc65823f",
        "municipio": "",
        "necesita": [],
        "nombre": "Carrera 79",
        "tipo": "rescate",
        "verificado": false
      },
      "type": "Feature"
    },
    {
      "geometry": {
        "coordinates": [
          -76.28963470458986,
          3.5199354643524035
        ],
        "type": "Point"
      },
      "properties": {
        "barrio": "",
        "contacto": "3147347031",
        "departamento": "",
        "direccion": "",
        "estado": "urgente",
        "fecha_corte": "2026-08-12T20:54:31Z",
        "fuente": "mapa-emergencia",
        "fuente_url": "https://mapa-emergencia.artefactofilms.workers.dev/#p=xmup5jdd7mpa",
        "id": "mapa-emergencia-1a33101949",
        "municipio": "",
        "necesita": [
          "Agua",
          "Barras de demolición",
          "Cinceles",
          "Comida",
          "Comida para animales",
          "Electrolitos",
          "Gafas de seguridad",
          "Guantes de obra",
          "Linternas",
          "Pañales",
          "Picas",
          "Tapabocas"
        ],
        "nombre": "Carrera 16A #21B - 78",
        "tipo": "acopio",
        "verificado": false
      },
      "type": "Feature"
    },
    {
      "geometry": {
        "coordinates": [
          -76.4942858,
          3.4231022
        ],
        "type": "Point"
      },
      "properties": {
        "barrio": "",
        "contacto": "",
        "departamento": "",
        "direccion": "Carrera 28 D328-68 parqueadero robles",
        "estado": "urgente",
        "fecha_corte": "2026-08-12T20:54:31Z",
        "fuente": "mapa-emergencia",
        "fuente_url": "https://mapa-emergencia.artefactofilms.workers.dev/#p=ecrshuscihzn",
        "id": "mapa-emergencia-1a3d476585",
        "municipio": "",
        "necesita": [
          "Agua",
          "Carpas",
          "Colchonetas",
          "Comida",
          "Pañales"
        ],
        "nombre": "Carrera 28 D328-68 parqueadero robles",
        "tipo": "rescate",
        "verificado": false
      },
      "type": "Feature"
    },
    {
      "geometry": {
        "coordinates": [
          -76.5542844,
          3.3900898
        ],
        "type": "Point"
      },
      "properties": {
        "barrio": "",
        "contacto": "",
        "departamento": "",
        "direccion": "Cra. 61 # 3-112",
        "estado": "por-confirmar",
        "fecha_corte": "2026-08-12T20:54:31Z",
        "fuente": "mapa-emergencia",
        "fuente_url": "https://mapa-emergencia.artefactofilms.workers.dev/#p=fxq5vd7zsvai",
        "id": "mapa-emergencia-1a472cfc8b",
        "municipio": "",
        "necesita": [
          "Agua",
          "Baldes",
          "Cinceles",
          "Comida",
          "Costales"
        ],
        "nombre": "Cra. 61 # 3-112",
        "tipo": "rescate",
        "verificado": false
      },
      "type": "Feature"
    },
    {
      "geometry": {
        "coordinates": [
          -76.30829047536042,
          3.5231929674499445
        ],
        "type": "Point"
      },
      "properties": {
        "barrio": "",
        "contacto": "",
        "departamento": "",
        "direccion": "Chiminangos cali",
        "estado": "urgente",
        "fecha_corte": "2026-08-12T20:54:31Z",
        "fuente": "mapa-emergencia",
        "fuente_url": "https://mapa-emergencia.artefactofilms.workers.dev/#p=wyiexgg56whr",
        "id": "mapa-emergencia-1adc6ef56e",
        "municipio": "",
        "necesita": [
          "Guadas",
          "bodega para guardar pertenencias.",
          "vigas",
          "vivienda"
        ],
        "nombre": "Chiminangos cali",
        "tipo": "rescate",
        "verificado": false
      },
      "type": "Feature"
    },
    {
      "geometry": {
        "coordinates": [
          -77.5802015,
          1.472721
        ],
        "type": "Point"
      },
      "properties": {
        "barrio": "",
        "contacto": "",
        "departamento": "",
        "direccion": "Llanada nariño",
        "estado": "urgente",
        "fecha_corte": "2026-08-12T20:54:31Z",
        "fuente": "mapa-emergencia",
        "fuente_url": "https://mapa-emergencia.artefactofilms.workers.dev/#p=ayatcvvbhyvp",
        "id": "mapa-emergencia-1bcbaee691",
        "municipio": "",
        "necesita": [
          "Agua",
          "Botiquín",
          "Electrolitos",
          "Linternas",
          "Tapabocas"
        ],
        "nombre": "Llanada nariño",
        "tipo": "rescate",
        "verificado": false
      },
      "type": "Feature"
    },
    {
      "geometry": {
        "coordinates": [
          -76.5545087,
          3.3703903
        ],
        "type": "Point"
      },
      "properties": {
        "barrio": "",
        "contacto": "",
        "departamento": "",
        "direccion": "Altos De Santa Elena Torre 55",
        "estado": "urgente",
        "fecha_corte": "2026-08-12T20:54:31Z",
        "fuente": "mapa-emergencia",
        "fuente_url": "https://mapa-emergencia.artefactofilms.workers.dev/#p=gbkc9f9szahz",
        "id": "mapa-emergencia-1d48f30b82",
        "municipio": "",
        "necesita": [
          "Carpas",
          "Colchonetas",
          "Comida",
          "Voluntarios"
        ],
        "nombre": "Altos De Santa Elena Torre 55",
        "tipo": "rescate",
        "verificado": false
      },
      "type": "Feature"
    },
    {
      "geometry": {
        "coordinates": [
          -76.38034182826233,
          3.8596493864973285
        ],
        "type": "Point"
      },
      "properties": {
        "barrio": "",
        "contacto": "",
        "departamento": "",
        "direccion": "Carrera 9#8-54 yotoco",
        "estado": "urgente",
        "fecha_corte": "2026-08-12T20:54:31Z",
        "fuente": "mapa-emergencia",
        "fuente_url": "https://mapa-emergencia.artefactofilms.workers.dev/#p=9ubp9sthh5d2",
        "id": "mapa-emergencia-1dcf693fc1",
        "municipio": "",
        "necesita": [
          "Agua",
          "Alcohol y elementos de cuidado",
          "Colchonetas",
          "Linternas",
          "alimentos no perecederos productos de aseo"
        ],
        "nombre": "Carrera 9#8-54 yotoco",
        "tipo": "rescate",
        "verificado": false
      },
      "type": "Feature"
    },
    {
      "geometry": {
        "coordinates": [
          -76.5327489611768,
          3.447861643305495
        ],
        "type": "Point"
      },
      "properties": {
        "barrio": "Centro",
        "contacto": "",
        "departamento": "",
        "direccion": "Cra9 #10-04",
        "estado": "urgente",
        "fecha_corte": "2026-08-12T20:54:31Z",
        "fuente": "mapa-emergencia",
        "fuente_url": "https://mapa-emergencia.artefactofilms.workers.dev/#p=5qcisw3ezv8s",
        "id": "mapa-emergencia-1e498758d9",
        "municipio": "",
        "necesita": [
          "Barras de demolición",
          "Cintas de seguridad",
          "Costales",
          "Gafas de seguridad",
          "Porras"
        ],
        "nombre": "Hotel aristi",
        "tipo": "rescate",
        "verificado": false
      },
      "type": "Feature"
    },
    {
      "geometry": {
        "coordinates": [
          -76.5517346,
          3.4133855
        ],
        "type": "Point"
      },
      "properties": {
        "barrio": "",
        "contacto": "3127356395",
        "departamento": "",
        "direccion": "Coliseo del pueblo",
        "estado": "urgente",
        "fecha_corte": "2026-08-12T20:54:31Z",
        "fuente": "mapa-emergencia",
        "fuente_url": "https://mapa-emergencia.artefactofilms.workers.dev/#p=quhfzdesfg9g",
        "id": "mapa-emergencia-1eb6b63dd5",
        "municipio": "",
        "necesita": [
          "Colchonetas",
          "Comida",
          "Comida para animales",
          "Electrolitos",
          "No acudir por ahora solo llevar Comida para voluntariado",
          "Pañales"
        ],
        "nombre": "Coliseo del pueblo",
        "tipo": "rescate",
        "verificado": false
      },
      "type": "Feature"
    },
    {
      "geometry": {
        "coordinates": [
          -75.569799,
          4.6373012
        ],
        "type": "Point"
      },
      "properties": {
        "barrio": "",
        "contacto": "",
        "departamento": "",
        "direccion": "Salento, Quindío",
        "estado": "activo",
        "fecha_corte": "2026-08-12T20:54:31Z",
        "fuente": "mapa-emergencia",
        "fuente_url": "https://mapa-emergencia.artefactofilms.workers.dev/#p=4rvd4bi5",
        "id": "mapa-emergencia-1fd5d73c76",
        "municipio": "",
        "necesita": [
          "Agua potable",
          "Alimentos no perecederos",
          "Aseo personal",
          "Medicamentos e insumos",
          "Ropa en buen estado"
        ],
        "nombre": "Salento (Quindío) — municipio afectado",
        "tipo": "acopio",
        "verificado": false
      },
      "type": "Feature"
    },
    {
      "geometry": {
        "coordinates": [
          -76.55585275421674,
          3.471749117372036
        ],
        "type": "Point"
      },
      "properties": {
        "barrio": "",
        "contacto": "",
        "departamento": "",
        "direccion": "Invasión El Pondaje",
        "estado": "urgente",
        "fecha_corte": "2026-08-12T20:54:31Z",
        "fuente": "mapa-emergencia",
        "fuente_url": "https://mapa-emergencia.artefactofilms.workers.dev/#p=jxkuz97w3j7y",
        "id": "mapa-emergencia-1ffca1714b",
        "municipio": "",
        "necesita": [
          "Agua",
          "Carpas",
          "Colchonetas",
          "Comida"
        ],
        "nombre": "Invasión El Pondaje",
        "tipo": "rescate",
        "verificado": false
      },
      "type": "Feature"
    },
    {
      "geometry": {
        "coordinates": [
          -76.07836425304414,
          4.6122929336670015
        ],
        "type": "Point"
      },
      "properties": {
        "barrio": "",
        "contacto": "",
        "departamento": "",
        "direccion": "Hospital Sagrada Familia ESE",
        "estado": "por-confirmar",
        "fecha_corte": "2026-08-12T20:54:31Z",
        "fuente": "mapa-emergencia",
        "fuente_url": "https://mapa-emergencia.artefactofilms.workers.dev/#p=rhn969dgb9s4",
        "id": "mapa-emergencia-20e5fdda1c",
        "municipio": "",
        "necesita": [
          "Agua",
          "Tejas y vigetas metálicas para Techo hospital",
          "Voluntarios"
        ],
        "nombre": "Hospital Sagrada Familia ESE",
        "tipo": "rescate",
        "verificado": false
      },
      "type": "Feature"
    },
    {
      "geometry": {
        "coordinates": [
          -76.5196422,
          3.2776663
        ],
        "type": "Point"
      },
      "properties": {
        "barrio": "",
        "contacto": "",
        "departamento": "",
        "direccion": "Carrera 67 con calle 3c el refugio",
        "estado": "descartado",
        "fecha_corte": "2026-08-12T20:54:31Z",
        "fuente": "mapa-emergencia",
        "fuente_url": "https://mapa-emergencia.artefactofilms.workers.dev/#p=5bx8cmqse7vc",
        "id": "mapa-emergencia-20e7091f50",
        "municipio": "",
        "necesita": [
          "Linternas"
        ],
        "nombre": "Carrera 67 con calle 3c el refugio",
        "tipo": "rescate",
        "verificado": false
      },
      "type": "Feature"
    },
    {
      "geometry": {
        "coordinates": [
          -76.50353622016792,
          3.4390812347104283
        ],
        "type": "Point"
      },
      "properties": {
        "barrio": "",
        "contacto": "",
        "departamento": "",
        "direccion": "Calle novena con 44 edificio Vanessa",
        "estado": "urgente",
        "fecha_corte": "2026-08-12T20:54:31Z",
        "fuente": "mapa-emergencia",
        "fuente_url": "https://mapa-emergencia.artefactofilms.workers.dev/#p=s2k8rv92iy48",
        "id": "mapa-emergencia-21285b20a7",
        "municipio": "",
        "necesita": [
          "Agua",
          "Baldes",
          "Guantes de obra"
        ],
        "nombre": "Calle novena con 44 edificio Vanessa",
        "tipo": "rescate",
        "verificado": false
      },
      "type": "Feature"
    },
    {
      "geometry": {
        "coordinates": [
          -76.5328665,
          3.4198535
        ],
        "type": "Point"
      },
      "properties": {
        "barrio": "",
        "contacto": "",
        "departamento": "",
        "direccion": "Carrera 39 #12-72 (Departamental, bahía de parqueo alhambra, local 14)",
        "estado": "urgente",
        "fecha_corte": "2026-08-12T20:54:31Z",
        "fuente": "mapa-emergencia",
        "fuente_url": "https://mapa-emergencia.artefactofilms.workers.dev/#p=c5utn3ck5dw8",
        "id": "mapa-emergencia-21d444d540",
        "municipio": "",
        "necesita": [
          "Agua",
          "Baldes",
          "Barras de demolición",
          "Botiquín",
          "Carpas",
          "Cinceles",
          "Cintas de seguridad",
          "Costales",
          "Discos de pulidora",
          "Electrolitos",
          "Gafas de seguridad",
          "Guantes de obra",
          "Linternas",
          "Palas",
          "Percutores",
          "Picas",
          "Porras",
          "Seguetas",
          "Tapabocas",
          "Tapers"
        ],
        "nombre": "Carrera 39 #12-72 (Departamental, bahía de parqueo alhambra, local 14)",
        "tipo": "rescate",
        "verificado": false
      },
      "type": "Feature"
    },
    {
      "geometry": {
        "coordinates": [
          -76.09084725379945,
          4.818835772608338
        ],
        "type": "Point"
      },
      "properties": {
        "barrio": "",
        "contacto": "",
        "departamento": "",
        "direccion": "El villar",
        "estado": "por-confirmar",
        "fecha_corte": "2026-08-12T20:54:31Z",
        "fuente": "mapa-emergencia",
        "fuente_url": "https://mapa-emergencia.artefactofilms.workers.dev/#p=kw2zaw5kjan8",
        "id": "mapa-emergencia-223b00fd15",
        "municipio": "",
        "necesita": [
          "Agua",
          "Colchonetas",
          "Comida"
        ],
        "nombre": "El villar",
        "tipo": "rescate",
        "verificado": false
      },
      "type": "Feature"
    },
    {
      "geometry": {
        "coordinates": [
          -76.51595354083845,
          3.3822834667916144
        ],
        "type": "Point"
      },
      "properties": {
        "barrio": "",
        "contacto": "",
        "departamento": "",
        "direccion": "",
        "estado": "urgente",
        "fecha_corte": "2026-08-12T20:54:31Z",
        "fuente": "mapa-emergencia",
        "fuente_url": "https://mapa-emergencia.artefactofilms.workers.dev/#p=cgnknpuc9bb2",
        "id": "mapa-emergencia-2249bf3166",
        "municipio": "",
        "necesita": [],
        "nombre": "Caney",
        "tipo": "rescate",
        "verificado": false
      },
      "type": "Feature"
    },
    {
      "geometry": {
        "coordinates": [
          -76.5186786,
          3.3760328
        ],
        "type": "Point"
      },
      "properties": {
        "barrio": "Valle del lili",
        "contacto": "3162357186",
        "departamento": "",
        "direccion": "Parroquia Juan pablo ll Cra93#45-58",
        "estado": "activo",
        "fecha_corte": "2026-08-12T20:54:31Z",
        "fuente": "mapa-emergencia",
        "fuente_url": "https://mapa-emergencia.artefactofilms.workers.dev/#p=schawvx68kjb",
        "id": "mapa-emergencia-2249c849e7",
        "municipio": "",
        "necesita": [
          "Agua",
          "Baldes",
          "Barras de demolición",
          "Botiquín",
          "Carpas",
          "Cinceles",
          "Cintas de seguridad",
          "Comida",
          "Costales",
          "Discos de pulidora",
          "Electrolitos",
          "Gafas de seguridad",
          "Guantes de obra",
          "Linternas",
          "Palas",
          "Percutores",
          "Picas",
          "Porras",
          "Seguetas",
          "Tapabocas"
        ],
        "nombre": "Parroquia Juan pablo ll Cra93#45-58",
        "tipo": "acopio",
        "verificado": false
      },
      "type": "Feature"
    },
    {
      "geometry": {
        "coordinates": [
          -76.49146959185603,
          3.5655400228231695
        ],
        "type": "Point"
      },
      "properties": {
        "barrio": "LAS AMÉRICAS YUMBO",
        "contacto": "3108421875",
        "departamento": "",
        "direccion": "Carrera 17a #9a - 39 las Américas comuna 1",
        "estado": "urgente",
        "fecha_corte": "2026-08-12T20:54:31Z",
        "fuente": "mapa-emergencia",
        "fuente_url": "https://mapa-emergencia.artefactofilms.workers.dev/#p=bjkvi2btaamc",
        "id": "mapa-emergencia-22a8e3a89b",
        "municipio": "",
        "necesita": [
          "Agua",
          "Botiquín",
          "Carpas",
          "Colchonetas",
          "Comida",
          "Comida para animales",
          "Linternas",
          "Pañales",
          "Tapers"
        ],
        "nombre": "Carrera 17a #9a - 39 las Américas comuna 1",
        "tipo": "otro",
        "verificado": false
      },
      "type": "Feature"
    },
    {
      "geometry": {
        "coordinates": [
          -76.5233236887616,
          3.4210358893772326
        ],
        "type": "Point"
      },
      "properties": {
        "barrio": "",
        "contacto": "",
        "departamento": "",
        "direccion": "Cerca de Cl. 3b #66b-98 a 66b-134, Cali, Valle del Cauca",
        "estado": "urgente",
        "fecha_corte": "2026-08-12T20:54:31Z",
        "fuente": "mapa-emergencia",
        "fuente_url": "https://mapa-emergencia.artefactofilms.workers.dev/#p=e5r8gzztk75c",
        "id": "mapa-emergencia-23db51a5cd",
        "municipio": "",
        "necesita": [
          "Oxigeno y cánulas"
        ],
        "nombre": "Cerca de Cl. 3b #66b-98 a 66b-134, Cali, Valle del Cauca",
        "tipo": "rescate",
        "verificado": false
      },
      "type": "Feature"
    },
    {
      "geometry": {
        "coordinates": [
          -76.4989072,
          3.4091325
        ],
        "type": "Point"
      },
      "properties": {
        "barrio": "",
        "contacto": "Miguel Riascos / Paola · 312 2645909",
        "departamento": "",
        "direccion": "Carrera 39/38A #5D-09",
        "estado": "urgente",
        "fecha_corte": "2026-08-12T20:54:31Z",
        "fuente": "mapa-emergencia",
        "fuente_url": "https://mapa-emergencia.artefactofilms.workers.dev/#p=s428ik4p",
        "id": "mapa-emergencia-2716672b59",
        "municipio": "",
        "necesita": [
          "Botiquín: cefalexina, gasas, alcohol",
          "Cascos",
          "Guantes de carnaza",
          "Hidratación",
          "Linternas"
        ],
        "nombre": "San Fernando",
        "tipo": "rescate",
        "verificado": false
      },
      "type": "Feature"
    },
    {
      "geometry": {
        "coordinates": [
          -76.4858333,
          3.4566333
        ],
        "type": "Point"
      },
      "properties": {
        "barrio": "",
        "contacto": "",
        "departamento": "",
        "direccion": "Cra 7m1 #66-69 las ceibas .Districosmeticos",
        "estado": "urgente",
        "fecha_corte": "2026-08-12T20:54:31Z",
        "fuente": "mapa-emergencia",
        "fuente_url": "https://mapa-emergencia.artefactofilms.workers.dev/#p=v526hyeyn7yw",
        "id": "mapa-emergencia-274b892bbc",
        "municipio": "",
        "necesita": [
          "Agua",
          "Colchonetas",
          "Comida",
          "Comida para animales",
          "Guantes de obra",
          "Pañales"
        ],
        "nombre": "Cra 7m1 #66-69 las ceibas .Districosmeticos",
        "tipo": "rescate",
        "verificado": false
      },
      "type": "Feature"
    },
    {
      "geometry": {
        "coordinates": [
          -76.0425553,
          3.6204375
        ],
        "type": "Point"
      },
      "properties": {
        "barrio": "",
        "contacto": "",
        "departamento": "",
        "direccion": "La Argelia, Valle del Cauca",
        "estado": "activo",
        "fecha_corte": "2026-08-12T20:54:31Z",
        "fuente": "mapa-emergencia",
        "fuente_url": "https://mapa-emergencia.artefactofilms.workers.dev/#p=jcv2nx5m",
        "id": "mapa-emergencia-283d3566c9",
        "municipio": "",
        "necesita": [
          "Agua potable",
          "Alimentos no perecederos",
          "Aseo personal",
          "Medicamentos e insumos",
          "Ropa en buen estado"
        ],
        "nombre": "La Argelia (Valle del Cauca) — municipio afectado",
        "tipo": "acopio",
        "verificado": false
      },
      "type": "Feature"
    },
    {
      "geometry": {
        "coordinates": [
          -76.4788578,
          3.441496
        ],
        "type": "Point"
      },
      "properties": {
        "barrio": "",
        "contacto": "",
        "departamento": "",
        "direccion": "Centro comercial Rio cauca",
        "estado": "urgente",
        "fecha_corte": "2026-08-12T20:54:31Z",
        "fuente": "mapa-emergencia",
        "fuente_url": "https://mapa-emergencia.artefactofilms.workers.dev/#p=enfumu3aanwp",
        "id": "mapa-emergencia-28429a9d2f",
        "municipio": "",
        "necesita": [
          "Agua",
          "Botiquín",
          "Cerca al sector de rio Cauca",
          "Comida",
          "Comida para animales",
          "alimentos",
          "ayuda por favor",
          "ayudemos a que pasen buena noche",
          "bebidas",
          "cobijas",
          "colchones",
          "hay niños"
        ],
        "nombre": "Centro comercial Rio cauca",
        "tipo": "rescate",
        "verificado": false
      },
      "type": "Feature"
    },
    {
      "geometry": {
        "coordinates": [
          -76.5357167,
          3.3940435
        ],
        "type": "Point"
      },
      "properties": {
        "barrio": "",
        "contacto": "",
        "departamento": "",
        "direccion": "Carrera 70 calle 13a 1 - 11",
        "estado": "urgente",
        "fecha_corte": "2026-08-12T20:54:31Z",
        "fuente": "mapa-emergencia",
        "fuente_url": "https://mapa-emergencia.artefactofilms.workers.dev/#p=afdusnqrsbtt",
        "id": "mapa-emergencia-2940dc1aa5",
        "municipio": "",
        "necesita": [
          "Comida",
          "Electrolitos",
          "Gafas de seguridad",
          "Pañales",
          "Tapabocas"
        ],
        "nombre": "El Morumbi - Acopio",
        "tipo": "acopio",
        "verificado": false
      },
      "type": "Feature"
    },
    {
      "geometry": {
        "coordinates": [
          -76.550549,
          3.3890848
        ],
        "type": "Point"
      },
      "properties": {
        "barrio": "",
        "contacto": "3023024532",
        "departamento": "",
        "direccion": "Cr 73 6-55 ancianato paraíso de los abuelos",
        "estado": "activo",
        "fecha_corte": "2026-08-12T20:54:31Z",
        "fuente": "mapa-emergencia",
        "fuente_url": "https://mapa-emergencia.artefactofilms.workers.dev/#p=zixap8scqy5y",
        "id": "mapa-emergencia-2a80a7c98e",
        "municipio": "",
        "necesita": [
          "Comida",
          "Estufa",
          "Pañales"
        ],
        "nombre": "Cr 73 6-55 ancianato paraíso de los abuelos",
        "tipo": "otro",
        "verificado": false
      },
      "type": "Feature"
    },
    {
      "geometry": {
        "coordinates": [
          -76.29920214414598,
          3.8877318124947258
        ],
        "type": "Point"
      },
      "properties": {
        "barrio": "",
        "contacto": "",
        "departamento": "",
        "direccion": "GYM CASA ESTUDIO",
        "estado": "cubierto",
        "fecha_corte": "2026-08-12T20:54:31Z",
        "fuente": "mapa-emergencia",
        "fuente_url": "https://mapa-emergencia.artefactofilms.workers.dev/#p=gc4zxbbk9p8x",
        "id": "mapa-emergencia-2d2de42c28",
        "municipio": "",
        "necesita": [
          "Agua",
          "Alimentos perecederos",
          "BOTELLAS VACÍAS",
          "COBIJAS",
          "Carpas",
          "Colchonetas",
          "Comida",
          "Comida para animales",
          "ENLATADOS",
          "GRANOS",
          "Linternas",
          "PASTAS",
          "Pañales",
          "ROPA DE BEBÉ"
        ],
        "nombre": "GYM CASA ESTUDIO",
        "tipo": "acopio",
        "verificado": false
      },
      "type": "Feature"
    },
    {
      "geometry": {
        "coordinates": [
          -76.52807978355843,
          3.4429219252084593
        ],
        "type": "Point"
      },
      "properties": {
        "barrio": "",
        "contacto": "3108979260",
        "departamento": "",
        "direccion": "Cra 15 #13-73",
        "estado": "activo",
        "fecha_corte": "2026-08-12T20:54:31Z",
        "fuente": "mapa-emergencia",
        "fuente_url": "https://mapa-emergencia.artefactofilms.workers.dev/#p=wk998ks53k73",
        "id": "mapa-emergencia-2def030bf7",
        "municipio": "",
        "necesita": [
          "Agua",
          "Alimentos no perecederos",
          "Botiquín",
          "Comida",
          "Comida para animales",
          "Electrolitos",
          "Pañales"
        ],
        "nombre": "TIENDA DE REPUESTOS AM BIKER",
        "tipo": "otro",
        "verificado": false
      },
      "type": "Feature"
    },
    {
      "geometry": {
        "coordinates": [
          -76.4871629,
          3.4452329
        ],
        "type": "Point"
      },
      "properties": {
        "barrio": "",
        "contacto": "",
        "departamento": "",
        "direccion": "7 de agosto",
        "estado": "urgente",
        "fecha_corte": "2026-08-12T20:54:31Z",
        "fuente": "mapa-emergencia",
        "fuente_url": "https://mapa-emergencia.artefactofilms.workers.dev/#p=u3b6ivavw832",
        "id": "mapa-emergencia-2f7a458018",
        "municipio": "",
        "necesita": [
          "Tenemos refrigerios para ahora en la tarde entre 6pm y 7pm",
          "comunicarse 3233252529"
        ],
        "nombre": "7 de agosto",
        "tipo": "rescate",
        "verificado": false
      },
      "type": "Feature"
    },
    {
      "geometry": {
        "coordinates": [
          -76.2256887,
          3.3399825
        ],
        "type": "Point"
      },
      "properties": {
        "barrio": "",
        "contacto": "",
        "departamento": "",
        "direccion": "Calle 5 #38D -104",
        "estado": "por-confirmar",
        "fecha_corte": "2026-08-12T20:54:31Z",
        "fuente": "mapa-emergencia",
        "fuente_url": "https://mapa-emergencia.artefactofilms.workers.dev/#p=6kqg966ci4re",
        "id": "mapa-emergencia-2fc8389728",
        "municipio": "",
        "necesita": [
          "Agua",
          "Botiquín",
          "Colchonetas",
          "Guantes de obra",
          "Linternas",
          "Tapabocas",
          "Voluntarios"
        ],
        "nombre": "Calle 5 #38D -104",
        "tipo": "acopio",
        "verificado": false
      },
      "type": "Feature"
    },
    {
      "geometry": {
        "coordinates": [
          -76.5385178,
          3.4272671
        ],
        "type": "Point"
      },
      "properties": {
        "barrio": "",
        "contacto": "",
        "departamento": "",
        "direccion": "Clínica Rey David",
        "estado": "urgente",
        "fecha_corte": "2026-08-12T20:54:31Z",
        "fuente": "mapa-emergencia",
        "fuente_url": "https://mapa-emergencia.artefactofilms.workers.dev/#p=gxm23qdy",
        "id": "mapa-emergencia-30a19899e3",
        "municipio": "",
        "necesita": [
          "Apoyo para evacuar pacientes"
        ],
        "nombre": "Clínica Rey David — evacuación",
        "tipo": "salud",
        "verificado": false
      },
      "type": "Feature"
    },
    {
      "geometry": {
        "coordinates": [
          -76.5291786,
          3.3408806
        ],
        "type": "Point"
      },
      "properties": {
        "barrio": "",
        "contacto": "Ana Lucía Paz · 320 716 3511 (WhatsApp)",
        "departamento": "",
        "direccion": "Universidad Icesi, Edificio G-108G",
        "estado": "urgente",
        "fecha_corte": "2026-08-12T20:54:31Z",
        "fuente": "mapa-emergencia",
        "fuente_url": "https://mapa-emergencia.artefactofilms.workers.dev/#p=egte8ces",
        "id": "mapa-emergencia-312a3bddd6",
        "municipio": "",
        "necesita": [
          "Acetaminofen",
          "Agua",
          "Alimento para animales",
          "Carpas",
          "Ceftriazona",
          "Colchonetas",
          "Cánulas de Guedel",
          "Dipiron de 1mg y de 2mg",
          "Gafas de seguridad",
          "Isodine solucion",
          "Ketorolaco",
          "Linternas",
          "Macrogoteo",
          "Mantas térmicas",
          "Metronidazol",
          "Micropore",
          "Máscaras simples",
          "Pañales",
          "Tapabocas",
          "isodine espuma"
        ],
        "nombre": "Centro de acopio Universidad Icesi (medicamentos)",
        "tipo": "acopio",
        "verificado": false
      },
      "type": "Feature"
    },
    {
      "geometry": {
        "coordinates": [
          -76.6342535,
          5.7012866
        ],
        "type": "Point"
      },
      "properties": {
        "barrio": "",
        "contacto": "",
        "departamento": "",
        "direccion": "Quibdo, ciudadela mía",
        "estado": "urgente",
        "fecha_corte": "2026-08-12T20:54:31Z",
        "fuente": "mapa-emergencia",
        "fuente_url": "https://mapa-emergencia.artefactofilms.workers.dev/#p=xfuskgj8a5w5",
        "id": "mapa-emergencia-31c64588cb",
        "municipio": "",
        "necesita": [
          "Agua",
          "Baldes",
          "Botiquín",
          "Carpas",
          "Cintas de seguridad",
          "Colchonetas",
          "Comida",
          "Comida para animales",
          "Costales",
          "Electrolitos",
          "Gafas de seguridad",
          "Guantes de obra",
          "Linternas",
          "No tienen ayudas",
          "Tapabocas",
          "Voluntarios",
          "poca comunicación",
          "sin agua",
          "sin energía"
        ],
        "nombre": "Quibdo, ciudadela mía",
        "tipo": "rescate",
        "verificado": false
      },
      "type": "Feature"
    },
    {
      "geometry": {
        "coordinates": [
          -76.48749768966067,
          3.4902644535960166
        ],
        "type": "Point"
      },
      "properties": {
        "barrio": "",
        "contacto": "",
        "departamento": "",
        "direccion": "Carrera 26 # 91-18 puertas del sol sector 4",
        "estado": "urgente",
        "fecha_corte": "2026-08-12T20:54:31Z",
        "fuente": "mapa-emergencia",
        "fuente_url": "https://mapa-emergencia.artefactofilms.workers.dev/#p=egdcp5zerijy",
        "id": "mapa-emergencia-32cf8f3798",
        "municipio": "",
        "necesita": [
          "Alimentos no perecederos y plásticos grandes para tapar las viviendas",
          "Botiquín",
          "Colchonetas",
          "Comida",
          "Comida para animales",
          "Gafas de seguridad",
          "Tapabocas"
        ],
        "nombre": "Carrera 26 # 91-18 puertas del sol sector 4",
        "tipo": "rescate",
        "verificado": false
      },
      "type": "Feature"
    },
    {
      "geometry": {
        "coordinates": [
          -76.10633227926434,
          4.535327391956425
        ],
        "type": "Point"
      },
      "properties": {
        "barrio": "",
        "contacto": "",
        "departamento": "",
        "direccion": "Calle 18 con Carrera 19",
        "estado": "cerrado",
        "fecha_corte": "2026-08-12T20:54:31Z",
        "fuente": "mapa-emergencia",
        "fuente_url": "https://mapa-emergencia.artefactofilms.workers.dev/#p=w4xaswgn3naw",
        "id": "mapa-emergencia-332539c12a",
        "municipio": "",
        "necesita": [],
        "nombre": "Calle 18 con Carrera 19",
        "tipo": "rescate",
        "verificado": false
      },
      "type": "Feature"
    },
    {
      "geometry": {
        "coordinates": [
          -76.58241454158218,
          3.3936674932264324
        ],
        "type": "Point"
      },
      "properties": {
        "barrio": "",
        "contacto": "",
        "departamento": "",
        "direccion": "39 con autopista CALI",
        "estado": "urgente",
        "fecha_corte": "2026-08-12T20:54:31Z",
        "fuente": "mapa-emergencia",
        "fuente_url": "https://mapa-emergencia.artefactofilms.workers.dev/#p=k7egf35k5gv5",
        "id": "mapa-emergencia-3414c306ef",
        "municipio": "",
        "necesita": [
          "Baldes",
          "Barras de demolición",
          "Cinceles",
          "Cintas de seguridad",
          "Comida",
          "Costales",
          "Discos de pulidora",
          "Electrolitos",
          "Gafas de seguridad",
          "Guantes de obra",
          "Linternas",
          "Palas",
          "Percutores",
          "Picas",
          "Porras",
          "Seguetas",
          "Tapabocas",
          "Tapers",
          "Voluntarios"
        ],
        "nombre": "39 con autopista CALI",
        "tipo": "rescate",
        "verificado": false
      },
      "type": "Feature"
    },
    {
      "geometry": {
        "coordinates": [
          -76.2207611,
          4.7621884
        ],
        "type": "Point"
      },
      "properties": {
        "barrio": "",
        "contacto": "",
        "departamento": "",
        "direccion": "El Cairo",
        "estado": "por-confirmar",
        "fecha_corte": "2026-08-12T20:54:31Z",
        "fuente": "mapa-emergencia",
        "fuente_url": "https://mapa-emergencia.artefactofilms.workers.dev/#p=duqm7ysze8j5",
        "id": "mapa-emergencia-34611abd5e",
        "municipio": "",
        "necesita": [
          "Agua",
          "Arquitectos e ingenieros voluntarios",
          "Botiquín",
          "Colchonetas",
          "Comida",
          "Comida para animales",
          "Electrolitos",
          "Gafas de seguridad",
          "Guantes de obra",
          "Herramientas para construccion",
          "Linternas",
          "Pañales",
          "Tejas",
          "Voluntarios"
        ],
        "nombre": "El Cairo",
        "tipo": "rescate",
        "verificado": false
      },
      "type": "Feature"
    },
    {
      "geometry": {
        "coordinates": [
          -76.54566166682281,
          3.4087224365462623
        ],
        "type": "Point"
      },
      "properties": {
        "barrio": "",
        "contacto": "",
        "departamento": "",
        "direccion": "Carrera 56# 5-63",
        "estado": "urgente",
        "fecha_corte": "2026-08-12T20:54:31Z",
        "fuente": "mapa-emergencia",
        "fuente_url": "https://mapa-emergencia.artefactofilms.workers.dev/#p=qipg9uuxtqvm",
        "id": "mapa-emergencia-34a8bf0c47",
        "municipio": "",
        "necesita": [
          "Carpas",
          "Colchonetas"
        ],
        "nombre": "Carrera 56# 5-63",
        "tipo": "rescate",
        "verificado": false
      },
      "type": "Feature"
    },
    {
      "geometry": {
        "coordinates": [
          -76.52794003486633,
          3.401990742855489
        ],
        "type": "Point"
      },
      "properties": {
        "barrio": "",
        "contacto": "",
        "departamento": "",
        "direccion": "Calle 16 # 56-90 Apartamentos El Limonar",
        "estado": "urgente",
        "fecha_corte": "2026-08-12T20:54:31Z",
        "fuente": "mapa-emergencia",
        "fuente_url": "https://mapa-emergencia.artefactofilms.workers.dev/#p=bq7hia6s3dqk",
        "id": "mapa-emergencia-34c94e0e7c",
        "municipio": "",
        "necesita": [],
        "nombre": "Calle 16 # 56-90 Apartamentos El Limonar",
        "tipo": "rescate",
        "verificado": false
      },
      "type": "Feature"
    },
    {
      "geometry": {
        "coordinates": [
          -76.5499771,
          3.4086523
        ],
        "type": "Point"
      },
      "properties": {
        "barrio": "Cuarto de Legua",
        "contacto": "+57 322 599 3224 / +57 312 467 0633",
        "departamento": "Valle del Cauca",
        "direccion": "Cra. 53 #1A-50, Cuarto de Legua, Cali, Valle del Cauca",
        "estado": "urgente",
        "fecha_corte": "2026-08-12T20:54:31Z",
        "fuente": "mapa-emergencia",
        "fuente_url": "https://mapa-emergencia.artefactofilms.workers.dev/#p=9988mayf4dm2",
        "id": "mapa-emergencia-35ea551a9e",
        "municipio": "Cali",
        "necesita": [
          "Herramientas",
          "Mano de obra",
          "Persona desaparecida",
          "Remoción de escombros",
          "SE NECESITAN CASCOS URGENTES !!! (faltan 15 unidades)"
        ],
        "nombre": "Cra. 53 #1A-50, Cuarto de Legua, Cali, Valle del Cauca",
        "tipo": "rescate",
        "verificado": false
      },
      "type": "Feature"
    },
    {
      "geometry": {
        "coordinates": [
          -77.5210552,
          1.4932789
        ],
        "type": "Point"
      },
      "properties": {
        "barrio": "",
        "contacto": "",
        "departamento": "",
        "direccion": "Sotomayor",
        "estado": "urgente",
        "fecha_corte": "2026-08-12T20:54:31Z",
        "fuente": "mapa-emergencia",
        "fuente_url": "https://mapa-emergencia.artefactofilms.workers.dev/#p=a2bhg65882wg",
        "id": "mapa-emergencia-365b28726f",
        "municipio": "",
        "necesita": [
          "Agua",
          "Bomberos",
          "Electrolitos",
          "Voluntarios"
        ],
        "nombre": "Sotomayor",
        "tipo": "rescate",
        "verificado": false
      },
      "type": "Feature"
    },
    {
      "geometry": {
        "coordinates": [
          -76.4932044,
          3.5644215
        ],
        "type": "Point"
      },
      "properties": {
        "barrio": "",
        "contacto": "",
        "departamento": "",
        "direccion": "Vereda el silencio zona rural Restrepo",
        "estado": "urgente",
        "fecha_corte": "2026-08-12T20:54:31Z",
        "fuente": "mapa-emergencia",
        "fuente_url": "https://mapa-emergencia.artefactofilms.workers.dev/#p=85ywim629g4d",
        "id": "mapa-emergencia-36c4ffef9b",
        "municipio": "",
        "necesita": [
          "Agua",
          "Botiquín",
          "Colchonetas",
          "Comida",
          "Comida para animales",
          "Gafas de seguridad",
          "Guantes de obra",
          "Linternas",
          "Materiales de construcción",
          "Medicamentos y voluntarios",
          "Percutores",
          "Picas",
          "Porras",
          "Tapabocas",
          "Voluntarios"
        ],
        "nombre": "Vereda el silencio zona rural Restrepo",
        "tipo": "rescate",
        "verificado": false
      },
      "type": "Feature"
    },
    {
      "geometry": {
        "coordinates": [
          -76.55258417129518,
          3.3771326770694468
        ],
        "type": "Point"
      },
      "properties": {
        "barrio": "",
        "contacto": "",
        "departamento": "",
        "direccion": "Reservas de melendez 1 Cra 94C #2-46, Bajo Jordan, Cali, Valle del Cauca",
        "estado": "urgente",
        "fecha_corte": "2026-08-12T20:54:31Z",
        "fuente": "mapa-emergencia",
        "fuente_url": "https://mapa-emergencia.artefactofilms.workers.dev/#p=ftp788t6cyvf",
        "id": "mapa-emergencia-37a881dfe7",
        "municipio": "",
        "necesita": [
          "Botiquín",
          "Cintas de seguridad",
          "Colchonetas",
          "Comida para animales",
          "Gafas de seguridad",
          "Guantes de obra",
          "Linternas",
          "Necesitamos a ingenieros civiles que puedan revisar los edificios y zonas aledañas",
          "Voluntarios",
          "con el fin de si es habitable o no."
        ],
        "nombre": "Reservas de melendez 1 Cra 94C #2-46, Bajo Jordan, Cali, Valle del Cauca",
        "tipo": "rescate",
        "verificado": false
      },
      "type": "Feature"
    },
    {
      "geometry": {
        "coordinates": [
          -76.52594581246376,
          3.4037598876856574
        ],
        "type": "Point"
      },
      "properties": {
        "barrio": "",
        "contacto": "",
        "departamento": "",
        "direccion": "Carrera 53 B # 17-94 Barrio Samanes de Guadalupe",
        "estado": "urgente",
        "fecha_corte": "2026-08-12T20:54:31Z",
        "fuente": "mapa-emergencia",
        "fuente_url": "https://mapa-emergencia.artefactofilms.workers.dev/#p=itmfq2sbtave",
        "id": "mapa-emergencia-386233a45d",
        "municipio": "",
        "necesita": [],
        "nombre": "Carrera 53 B # 17-94 Barrio Samanes de Guadalupe",
        "tipo": "rescate",
        "verificado": false
      },
      "type": "Feature"
    },
    {
      "geometry": {
        "coordinates": [
          -76.5319848060608,
          3.4244063637466886
        ],
        "type": "Point"
      },
      "properties": {
        "barrio": "",
        "contacto": "",
        "departamento": "",
        "direccion": "Carrera 37a #6-57",
        "estado": "urgente",
        "fecha_corte": "2026-08-12T20:54:31Z",
        "fuente": "mapa-emergencia",
        "fuente_url": "https://mapa-emergencia.artefactofilms.workers.dev/#p=uytdpsv6ezut",
        "id": "mapa-emergencia-38cdfbc08a",
        "municipio": "",
        "necesita": [
          "Necesito revisión estructural"
        ],
        "nombre": "Carrera 37a #6-57",
        "tipo": "rescate",
        "verificado": false
      },
      "type": "Feature"
    },
    {
      "geometry": {
        "coordinates": [
          -76.51298945353214,
          3.404238035844718
        ],
        "type": "Point"
      },
      "properties": {
        "barrio": "",
        "contacto": "",
        "departamento": "",
        "direccion": "",
        "estado": "descartado",
        "fecha_corte": "2026-08-12T20:54:31Z",
        "fuente": "mapa-emergencia",
        "fuente_url": "https://mapa-emergencia.artefactofilms.workers.dev/#p=ppvjfuji3x4h",
        "id": "mapa-emergencia-38eed962bd",
        "municipio": "",
        "necesita": [
          "Barras de demolición",
          "Discos de pulidora",
          "Electrolitos",
          "Porras",
          "Seguetas"
        ],
        "nombre": "Carrera 46 #44-95",
        "tipo": "otro",
        "verificado": false
      },
      "type": "Feature"
    },
    {
      "geometry": {
        "coordinates": [
          -76.4995132,
          3.4398504
        ],
        "type": "Point"
      },
      "properties": {
        "barrio": "",
        "contacto": "",
        "departamento": "",
        "direccion": "Carrera 24 #51",
        "estado": "urgente",
        "fecha_corte": "2026-08-12T20:54:31Z",
        "fuente": "mapa-emergencia",
        "fuente_url": "https://mapa-emergencia.artefactofilms.workers.dev/#p=drjzstfg5bxh",
        "id": "mapa-emergencia-3921a25dd1",
        "municipio": "",
        "necesita": [
          "Agua",
          "Comida",
          "Comida para animales",
          "Leche",
          "Linternas",
          "Pañales",
          "Tapabocas",
          "pañitos cosas para bebés y ancianos"
        ],
        "nombre": "Carrera 24 #51",
        "tipo": "rescate",
        "verificado": false
      },
      "type": "Feature"
    },
    {
      "geometry": {
        "coordinates": [
          -76.55199024294562,
          3.3740966090053917
        ],
        "type": "Point"
      },
      "properties": {
        "barrio": "",
        "contacto": "",
        "departamento": "",
        "direccion": "Tenemos sanduches y 60 almuerzos disponibles",
        "estado": "urgente",
        "fecha_corte": "2026-08-12T20:54:31Z",
        "fuente": "mapa-emergencia",
        "fuente_url": "https://mapa-emergencia.artefactofilms.workers.dev/#p=c2s5hx52tsg9",
        "id": "mapa-emergencia-39737b558b",
        "municipio": "",
        "necesita": [],
        "nombre": "Tenemos sanduches y 60 almuerzos disponibles",
        "tipo": "rescate",
        "verificado": false
      },
      "type": "Feature"
    },
    {
      "geometry": {
        "coordinates": [
          -76.5455654,
          3.3339858
        ],
        "type": "Point"
      },
      "properties": {
        "barrio": "",
        "contacto": "",
        "departamento": "",
        "direccion": "Carrera 126 #5-100",
        "estado": "urgente",
        "fecha_corte": "2026-08-12T20:54:31Z",
        "fuente": "mapa-emergencia",
        "fuente_url": "https://mapa-emergencia.artefactofilms.workers.dev/#p=6c9897rg77gf",
        "id": "mapa-emergencia-39f4d6c935",
        "municipio": "",
        "necesita": [
          "Agua",
          "Colchonetas",
          "Electrolitos",
          "Linternas"
        ],
        "nombre": "Carrera 126 #5-100",
        "tipo": "acopio",
        "verificado": false
      },
      "type": "Feature"
    },
    {
      "geometry": {
        "coordinates": [
          -76.53564646840096,
          3.444489925332416
        ],
        "type": "Point"
      },
      "properties": {
        "barrio": "",
        "contacto": "",
        "departamento": "",
        "direccion": "Calle 6 # 13-81",
        "estado": "por-confirmar",
        "fecha_corte": "2026-08-12T20:54:31Z",
        "fuente": "mapa-emergencia",
        "fuente_url": "https://mapa-emergencia.artefactofilms.workers.dev/#p=jg7qw9yw2qkt",
        "id": "mapa-emergencia-3a9ca5f4dd",
        "municipio": "",
        "necesita": [
          "Comida para animales",
          "Pañales",
          "las paredes se van a caer más"
        ],
        "nombre": "Calle 6 # 13-81",
        "tipo": "rescate",
        "verificado": false
      },
      "type": "Feature"
    },
    {
      "geometry": {
        "coordinates": [
          -76.53596878051759,
          3.4130397565658934
        ],
        "type": "Point"
      },
      "properties": {
        "barrio": "",
        "contacto": "",
        "departamento": "",
        "direccion": "Calle 9 carrera 44",
        "estado": "urgente",
        "fecha_corte": "2026-08-12T20:54:31Z",
        "fuente": "mapa-emergencia",
        "fuente_url": "https://mapa-emergencia.artefactofilms.workers.dev/#p=ktsp2jeazvuq",
        "id": "mapa-emergencia-3b361d3524",
        "municipio": "",
        "necesita": [
          "Cascos",
          "Gafas de seguridad",
          "Linternas",
          "Picas",
          "Porras",
          "Pulidora",
          "Tapabocas"
        ],
        "nombre": "Calle 9 carrera 44",
        "tipo": "rescate",
        "verificado": false
      },
      "type": "Feature"
    },
    {
      "geometry": {
        "coordinates": [
          -76.4883041381836,
          3.4668443091528305
        ],
        "type": "Point"
      },
      "properties": {
        "barrio": "",
        "contacto": "",
        "departamento": "",
        "direccion": "Jarillon de López",
        "estado": "urgente",
        "fecha_corte": "2026-08-12T20:54:31Z",
        "fuente": "mapa-emergencia",
        "fuente_url": "https://mapa-emergencia.artefactofilms.workers.dev/#p=n9ei8k7s9shw",
        "id": "mapa-emergencia-3bd1b68c71",
        "municipio": "",
        "necesita": [
          "Agua",
          "Comida",
          "Electrolitos"
        ],
        "nombre": "Jarillon de López",
        "tipo": "rescate",
        "verificado": false
      },
      "type": "Feature"
    },
    {
      "geometry": {
        "coordinates": [
          -75.45989833439704,
          6.124967751811493
        ],
        "type": "Point"
      },
      "properties": {
        "barrio": "El Poblado",
        "contacto": "",
        "departamento": "",
        "direccion": "",
        "estado": "por-confirmar",
        "fecha_corte": "2026-08-12T20:54:31Z",
        "fuente": "mapa-emergencia",
        "fuente_url": "https://mapa-emergencia.artefactofilms.workers.dev/#p=jf9s92fs",
        "id": "mapa-emergencia-3c6d88f96a",
        "municipio": "",
        "necesita": [
          "Agua",
          "Costales",
          "Electrolitos",
          "Gafas de seguridad",
          "Guantes de obra",
          "Tapabocas"
        ],
        "nombre": "Olla comunitaria El Poblado",
        "tipo": "olla",
        "verificado": false
      },
      "type": "Feature"
    },
    {
      "geometry": {
        "coordinates": [
          -76.5525603,
          3.4096233
        ],
        "type": "Point"
      },
      "properties": {
        "barrio": "",
        "contacto": "",
        "departamento": "",
        "direccion": "Carrera 56 # 3-88",
        "estado": "urgente",
        "fecha_corte": "2026-08-12T20:54:31Z",
        "fuente": "mapa-emergencia",
        "fuente_url": "https://mapa-emergencia.artefactofilms.workers.dev/#p=sucu3g3u9uu4",
        "id": "mapa-emergencia-3cd3e0d42c",
        "municipio": "",
        "necesita": [
          "Discos de pulidora",
          "Electrolitos",
          "Gafas de seguridad",
          "Linternas",
          "Tapabocas"
        ],
        "nombre": "Carrera 56 # 3-88",
        "tipo": "rescate",
        "verificado": false
      },
      "type": "Feature"
    },
    {
      "geometry": {
        "coordinates": [
          -78.6487275,
          1.4829616
        ],
        "type": "Point"
      },
      "properties": {
        "barrio": "",
        "contacto": "",
        "departamento": "",
        "direccion": "Espriella",
        "estado": "por-confirmar",
        "fecha_corte": "2026-08-12T20:54:31Z",
        "fuente": "mapa-emergencia",
        "fuente_url": "https://mapa-emergencia.artefactofilms.workers.dev/#p=zdrgpsfmhf23",
        "id": "mapa-emergencia-3d0f1320b6",
        "municipio": "",
        "necesita": [],
        "nombre": "Espriella",
        "tipo": "rescate",
        "verificado": false
      },
      "type": "Feature"
    },
    {
      "geometry": {
        "coordinates": [
          -76.3188928,
          4.2123039
        ],
        "type": "Point"
      },
      "properties": {
        "barrio": "",
        "contacto": "",
        "departamento": "",
        "direccion": "Trujillo",
        "estado": "urgente",
        "fecha_corte": "2026-08-12T20:54:31Z",
        "fuente": "mapa-emergencia",
        "fuente_url": "https://mapa-emergencia.artefactofilms.workers.dev/#p=r5hakajv4q94",
        "id": "mapa-emergencia-3d267b26a2",
        "municipio": "",
        "necesita": [
          "Agua",
          "Barras de demolición",
          "Botiquín",
          "Carpas",
          "Colchonetas",
          "Comida",
          "Costales",
          "Discos de pulidora",
          "Electrolitos",
          "Gafas de seguridad",
          "Guantes de obra",
          "Linternas",
          "Palas",
          "Pañales",
          "Percutores",
          "Picas",
          "Tapabocas",
          "Voluntarios"
        ],
        "nombre": "Trujillo",
        "tipo": "rescate",
        "verificado": false
      },
      "type": "Feature"
    },
    {
      "geometry": {
        "coordinates": [
          -76.3078728,
          3.5451454
        ],
        "type": "Point"
      },
      "properties": {
        "barrio": "",
        "contacto": "",
        "departamento": "",
        "direccion": "Coomeva Norte",
        "estado": "urgente",
        "fecha_corte": "2026-08-12T20:54:31Z",
        "fuente": "mapa-emergencia",
        "fuente_url": "https://mapa-emergencia.artefactofilms.workers.dev/#p=5puvdes89cpv",
        "id": "mapa-emergencia-3dffc82bff",
        "municipio": "",
        "necesita": [],
        "nombre": "Coomeva Norte",
        "tipo": "rescate",
        "verificado": false
      },
      "type": "Feature"
    },
    {
      "geometry": {
        "coordinates": [
          -76.5231731,
          3.4210824
        ],
        "type": "Point"
      },
      "properties": {
        "barrio": "",
        "contacto": "",
        "departamento": "",
        "direccion": "Clínica Cali",
        "estado": "urgente",
        "fecha_corte": "2026-08-12T20:54:31Z",
        "fuente": "mapa-emergencia",
        "fuente_url": "https://mapa-emergencia.artefactofilms.workers.dev/#p=grg9see4",
        "id": "mapa-emergencia-3e0bd9ebe5",
        "municipio": "",
        "necesita": [],
        "nombre": "Clínica Cali — evacuación",
        "tipo": "salud",
        "verificado": false
      },
      "type": "Feature"
    },
    {
      "geometry": {
        "coordinates": [
          -76.49978253527,
          3.0289120925694717
        ],
        "type": "Point"
      },
      "properties": {
        "barrio": "",
        "contacto": "",
        "departamento": "",
        "direccion": "Calle 5 vía timba, san jose",
        "estado": "por-confirmar",
        "fecha_corte": "2026-08-12T20:54:31Z",
        "fuente": "mapa-emergencia",
        "fuente_url": "https://mapa-emergencia.artefactofilms.workers.dev/#p=zw8whgt9vh2e",
        "id": "mapa-emergencia-3e0d60ec59",
        "municipio": "",
        "necesita": [],
        "nombre": "Calle 5 vía timba, san jose",
        "tipo": "rescate",
        "verificado": false
      },
      "type": "Feature"
    },
    {
      "geometry": {
        "coordinates": [
          -76.53698009398438,
          3.426391628367171
        ],
        "type": "Point"
      },
      "properties": {
        "barrio": "",
        "contacto": "",
        "departamento": "",
        "direccion": "Escuela nacional del deporte",
        "estado": "urgente",
        "fecha_corte": "2026-08-12T20:54:31Z",
        "fuente": "mapa-emergencia",
        "fuente_url": "https://mapa-emergencia.artefactofilms.workers.dev/#p=2y3ehyyzmbjh",
        "id": "mapa-emergencia-3e4bc39174",
        "municipio": "",
        "necesita": [
          "Agua",
          "Pañales"
        ],
        "nombre": "Escuela nacional del deporte",
        "tipo": "rescate",
        "verificado": false
      },
      "type": "Feature"
    },
    {
      "geometry": {
        "coordinates": [
          -77.0614166557789,
          3.8750541231286078
        ],
        "type": "Point"
      },
      "properties": {
        "barrio": "",
        "contacto": "",
        "departamento": "",
        "direccion": "Buenaventura/ Barrio Alberto Lleras Camargo",
        "estado": "urgente",
        "fecha_corte": "2026-08-12T20:54:31Z",
        "fuente": "mapa-emergencia",
        "fuente_url": "https://mapa-emergencia.artefactofilms.workers.dev/#p=p52djvnr2pck",
        "id": "mapa-emergencia-3ef8241428",
        "municipio": "",
        "necesita": [
          "Agua",
          "Botiquín",
          "Carpas",
          "Colchonetas",
          "Comida",
          "Comida para animales",
          "Guantes de obra",
          "Linternas",
          "Pañales",
          "Voluntarios"
        ],
        "nombre": "Buenaventura/ Barrio Alberto Lleras Camargo",
        "tipo": "rescate",
        "verificado": false
      },
      "type": "Feature"
    },
    {
      "geometry": {
        "coordinates": [
          -75.9323875,
          4.7106593
        ],
        "type": "Point"
      },
      "properties": {
        "barrio": "",
        "contacto": "",
        "departamento": "",
        "direccion": "Cartago",
        "estado": "por-confirmar",
        "fecha_corte": "2026-08-12T20:54:31Z",
        "fuente": "mapa-emergencia",
        "fuente_url": "https://mapa-emergencia.artefactofilms.workers.dev/#p=c2ym5b2vv7mv",
        "id": "mapa-emergencia-40020af914",
        "municipio": "",
        "necesita": [
          "Agua"
        ],
        "nombre": "Cartago",
        "tipo": "rescate",
        "verificado": false
      },
      "type": "Feature"
    },
    {
      "geometry": {
        "coordinates": [
          -76.49587708516346,
          3.418959685294458
        ],
        "type": "Point"
      },
      "properties": {
        "barrio": "",
        "contacto": "",
        "departamento": "",
        "direccion": "Carrera 28h # 72r-52",
        "estado": "urgente",
        "fecha_corte": "2026-08-12T20:54:31Z",
        "fuente": "mapa-emergencia",
        "fuente_url": "https://mapa-emergencia.artefactofilms.workers.dev/#p=qptc2ap23r8m",
        "id": "mapa-emergencia-403a172012",
        "municipio": "",
        "necesita": [
          "Botiquín",
          "Comida",
          "Comida para animales",
          "Linternas",
          "Pañales",
          "bañarse"
        ],
        "nombre": "Carrera 28h # 72r-52",
        "tipo": "rescate",
        "verificado": false
      },
      "type": "Feature"
    },
    {
      "geometry": {
        "coordinates": [
          -76.5499166,
          3.3981063
        ],
        "type": "Point"
      },
      "properties": {
        "barrio": "Entre colegio Politécnico pio sede sur y colegio parroquial divino salvador",
        "contacto": "",
        "departamento": "",
        "direccion": "Carrera 66 # 3b",
        "estado": "por-confirmar",
        "fecha_corte": "2026-08-12T20:54:31Z",
        "fuente": "mapa-emergencia",
        "fuente_url": "https://mapa-emergencia.artefactofilms.workers.dev/#p=ksrtz6u62rgr",
        "id": "mapa-emergencia-40a7aff455",
        "municipio": "",
        "necesita": [
          "Botiquín",
          "Linternas",
          "Oxígeno"
        ],
        "nombre": "Carrera 66 # 3b",
        "tipo": "rescate",
        "verificado": false
      },
      "type": "Feature"
    },
    {
      "geometry": {
        "coordinates": [
          -76.3699828,
          4.127515
        ],
        "type": "Point"
      },
      "properties": {
        "barrio": "",
        "contacto": "",
        "departamento": "",
        "direccion": "Salonica valle",
        "estado": "urgente",
        "fecha_corte": "2026-08-12T20:54:31Z",
        "fuente": "mapa-emergencia",
        "fuente_url": "https://mapa-emergencia.artefactofilms.workers.dev/#p=dz68m6zbah9s",
        "id": "mapa-emergencia-422712aa47",
        "municipio": "",
        "necesita": [
          "Agua",
          "Colchonetas",
          "Comida",
          "Linternas",
          "Palas",
          "Voluntarios"
        ],
        "nombre": "Salonica valle",
        "tipo": "rescate",
        "verificado": false
      },
      "type": "Feature"
    },
    {
      "geometry": {
        "coordinates": [
          -76.53811097145082,
          3.4146712156846983
        ],
        "type": "Point"
      },
      "properties": {
        "barrio": "Cambulos",
        "contacto": "",
        "departamento": "",
        "direccion": "Carrera 46 # 9c",
        "estado": "urgente",
        "fecha_corte": "2026-08-12T20:54:31Z",
        "fuente": "mapa-emergencia",
        "fuente_url": "https://mapa-emergencia.artefactofilms.workers.dev/#p=spv4dyqcrnz8",
        "id": "mapa-emergencia-435ff42123",
        "municipio": "",
        "necesita": [
          "Agua",
          "Alimentos no perecederos",
          "Costales",
          "Guantes de obra"
        ],
        "nombre": "Clinica colombia",
        "tipo": "rescate",
        "verificado": false
      },
      "type": "Feature"
    },
    {
      "geometry": {
        "coordinates": [
          -76.52195781469345,
          3.4974890847150086
        ],
        "type": "Point"
      },
      "properties": {
        "barrio": "",
        "contacto": "",
        "departamento": "",
        "direccion": "Calle 10, Menga",
        "estado": "urgente",
        "fecha_corte": "2026-08-12T20:54:31Z",
        "fuente": "mapa-emergencia",
        "fuente_url": "https://mapa-emergencia.artefactofilms.workers.dev/#p=ndrjrgsbmuph",
        "id": "mapa-emergencia-43aeb06e3e",
        "municipio": "",
        "necesita": [
          "Agua",
          "Baldes",
          "Barras de demolición",
          "Botiquín",
          "Carpas",
          "Cinceles",
          "Cintas de seguridad",
          "Comida",
          "Costales",
          "Gafas de seguridad",
          "Guantes de obra",
          "Linternas",
          "Palas",
          "Percutores",
          "Picas",
          "Porras",
          "Seguetas",
          "Tapabocas",
          "Tapers"
        ],
        "nombre": "Calle 10, Menga",
        "tipo": "acopio",
        "verificado": false
      },
      "type": "Feature"
    },
    {
      "geometry": {
        "coordinates": [
          -76.18830149756624,
          4.081887722399682
        ],
        "type": "Point"
      },
      "properties": {
        "barrio": "",
        "contacto": "",
        "departamento": "",
        "direccion": "Calima Darién",
        "estado": "urgente",
        "fecha_corte": "2026-08-12T20:54:31Z",
        "fuente": "mapa-emergencia",
        "fuente_url": "https://mapa-emergencia.artefactofilms.workers.dev/#p=azppjpwzrqce",
        "id": "mapa-emergencia-45d12c3ffa",
        "municipio": "",
        "necesita": [
          "Agua",
          "Camionetas para llevar a las veredas",
          "Carpas",
          "Colchonetas",
          "Comida",
          "Comida para animales",
          "Linternas",
          "Pañales",
          "Voluntarios"
        ],
        "nombre": "Calima Darién",
        "tipo": "rescate",
        "verificado": false
      },
      "type": "Feature"
    },
    {
      "geometry": {
        "coordinates": [
          -76.5446542,
          3.2670929
        ],
        "type": "Point"
      },
      "properties": {
        "barrio": "",
        "contacto": "",
        "departamento": "",
        "direccion": "Calle 13 #18-40 sachamate Jamundi",
        "estado": "por-confirmar",
        "fecha_corte": "2026-08-12T20:54:31Z",
        "fuente": "mapa-emergencia",
        "fuente_url": "https://mapa-emergencia.artefactofilms.workers.dev/#p=p8ecg47pfm3t",
        "id": "mapa-emergencia-461495c337",
        "municipio": "",
        "necesita": [
          "Agua",
          "Botiquín",
          "Colchonetas",
          "Comida para animales",
          "Guantes de obra",
          "Linternas"
        ],
        "nombre": "Acopio Calle 13 #18-40 sachamate Jamundi",
        "tipo": "rescate",
        "verificado": false
      },
      "type": "Feature"
    },
    {
      "geometry": {
        "coordinates": [
          -76.4834953,
          3.4695174
        ],
        "type": "Point"
      },
      "properties": {
        "barrio": "",
        "contacto": "",
        "departamento": "",
        "direccion": "Calle 61 Norte #2gn-80",
        "estado": "urgente",
        "fecha_corte": "2026-08-12T20:54:31Z",
        "fuente": "mapa-emergencia",
        "fuente_url": "https://mapa-emergencia.artefactofilms.workers.dev/#p=tymnzg9hu9cz",
        "id": "mapa-emergencia-485ee02cea",
        "municipio": "",
        "necesita": [
          "Inspector de estructuras"
        ],
        "nombre": "Calle 61 Norte #2gn-80",
        "tipo": "rescate",
        "verificado": false
      },
      "type": "Feature"
    },
    {
      "geometry": {
        "coordinates": [
          -76.0733251,
          4.3928378
        ],
        "type": "Point"
      },
      "properties": {
        "barrio": "Centro",
        "contacto": "3164479536",
        "departamento": "",
        "direccion": "Bomberos zarzal",
        "estado": "urgente",
        "fecha_corte": "2026-08-12T20:54:31Z",
        "fuente": "mapa-emergencia",
        "fuente_url": "https://mapa-emergencia.artefactofilms.workers.dev/#p=sn367eapw7nt",
        "id": "mapa-emergencia-48b246e400",
        "municipio": "",
        "necesita": [
          "Agua",
          "Carpas",
          "Colchonetas",
          "Comida para animales",
          "Gafas de seguridad",
          "Guantes de obra",
          "Palas",
          "Pañales",
          "Tapabocas"
        ],
        "nombre": "Bomberos zarzal",
        "tipo": "rescate",
        "verificado": false
      },
      "type": "Feature"
    },
    {
      "geometry": {
        "coordinates": [
          -75.6894795,
          4.7981924
        ],
        "type": "Point"
      },
      "properties": {
        "barrio": "",
        "contacto": "",
        "departamento": "",
        "direccion": "Alamos pereira",
        "estado": "urgente",
        "fecha_corte": "2026-08-12T20:54:31Z",
        "fuente": "mapa-emergencia",
        "fuente_url": "https://mapa-emergencia.artefactofilms.workers.dev/#p=mv7xctmvchph",
        "id": "mapa-emergencia-4946ba3415",
        "municipio": "",
        "necesita": [
          "Agua",
          "Baldes",
          "Barras de demolición",
          "Cinceles",
          "Cintas de seguridad",
          "Costales",
          "Discos de pulidora",
          "Guantes de obra",
          "Palas",
          "Percutores",
          "Picas",
          "Seguetas",
          "Tapabocas",
          "Voluntarios",
          "martillo neumático"
        ],
        "nombre": "Alamos pereira",
        "tipo": "rescate",
        "verificado": false
      },
      "type": "Feature"
    },
    {
      "geometry": {
        "coordinates": [
          -76.5473141,
          3.4224124
        ],
        "type": "Point"
      },
      "properties": {
        "barrio": "",
        "contacto": "",
        "departamento": "",
        "direccion": "Quinta pan",
        "estado": "urgente",
        "fecha_corte": "2026-08-12T20:54:31Z",
        "fuente": "mapa-emergencia",
        "fuente_url": "https://mapa-emergencia.artefactofilms.workers.dev/#p=7we4g2xi8k97",
        "id": "mapa-emergencia-495d879774",
        "municipio": "",
        "necesita": [
          "Baldes",
          "Carpas",
          "Colchonetas",
          "Discos de pulidora",
          "Gafas de seguridad",
          "Linternas",
          "Pañales"
        ],
        "nombre": "Quinta pan",
        "tipo": "rescate",
        "verificado": false
      },
      "type": "Feature"
    },
    {
      "geometry": {
        "coordinates": [
          -76.1022182497491,
          4.530416480435076
        ],
        "type": "Point"
      },
      "properties": {
        "barrio": "",
        "contacto": "",
        "departamento": "",
        "direccion": "Calle 13 con Carrera 13",
        "estado": "cerrado",
        "fecha_corte": "2026-08-12T20:54:31Z",
        "fuente": "mapa-emergencia",
        "fuente_url": "https://mapa-emergencia.artefactofilms.workers.dev/#p=yrndsgrdjvq6",
        "id": "mapa-emergencia-4a78000cf2",
        "municipio": "",
        "necesita": [
          "Afectaciones estructurales",
          "completamente evacuado"
        ],
        "nombre": "Calle 13 con Carrera 13",
        "tipo": "rescate",
        "verificado": false
      },
      "type": "Feature"
    },
    {
      "geometry": {
        "coordinates": [
          -76.5478152,
          3.3970788
        ],
        "type": "Point"
      },
      "properties": {
        "barrio": "",
        "contacto": "",
        "departamento": "",
        "direccion": "calle 3D",
        "estado": "cubierto",
        "fecha_corte": "2026-08-12T20:54:31Z",
        "fuente": "mapa-emergencia",
        "fuente_url": "https://mapa-emergencia.artefactofilms.workers.dev/#p=3jbqxuzaunaw",
        "id": "mapa-emergencia-4ab231dd4b",
        "municipio": "",
        "necesita": [
          "Voluntarios",
          "calle 3D entre la 66 y 67 Urgente"
        ],
        "nombre": "calle 3D",
        "tipo": "rescate",
        "verificado": false
      },
      "type": "Feature"
    },
    {
      "geometry": {
        "coordinates": [
          -76.0602975,
          4.9381541
        ],
        "type": "Point"
      },
      "properties": {
        "barrio": "",
        "contacto": "",
        "departamento": "",
        "direccion": "El águila, valle",
        "estado": "urgente",
        "fecha_corte": "2026-08-12T20:54:31Z",
        "fuente": "mapa-emergencia",
        "fuente_url": "https://mapa-emergencia.artefactofilms.workers.dev/#p=mkikfje2v8az",
        "id": "mapa-emergencia-4ae82ffe51",
        "municipio": "",
        "necesita": [
          "Botiquín",
          "Carpas",
          "Cinceles",
          "Colchonetas",
          "Comida para animales",
          "Discos de pulidora",
          "Gafas de seguridad",
          "Guantes de obra",
          "Latas de zinc",
          "Linternas",
          "Palas",
          "Pañales",
          "Percutores",
          "Picas",
          "Porras",
          "Ropa",
          "Seguetas",
          "Tapabocas",
          "Voluntarios"
        ],
        "nombre": "El águila, valle",
        "tipo": "rescate",
        "verificado": false
      },
      "type": "Feature"
    },
    {
      "geometry": {
        "coordinates": [
          -75.7627285,
          4.8138665
        ],
        "type": "Point"
      },
      "properties": {
        "barrio": "",
        "contacto": "",
        "departamento": "",
        "direccion": "Avenida 30 de agosto #29-40",
        "estado": "por-confirmar",
        "fecha_corte": "2026-08-12T20:54:31Z",
        "fuente": "mapa-emergencia",
        "fuente_url": "https://mapa-emergencia.artefactofilms.workers.dev/#p=abgfwwt6dmmf",
        "id": "mapa-emergencia-4becee5f78",
        "municipio": "",
        "necesita": [],
        "nombre": "Avenida 30 de agosto #29-40",
        "tipo": "rescate",
        "verificado": false
      },
      "type": "Feature"
    },
    {
      "geometry": {
        "coordinates": [
          -75.68077504634857,
          4.806654932133246
        ],
        "type": "Point"
      },
      "properties": {
        "barrio": "",
        "contacto": "(606)3135700",
        "departamento": "",
        "direccion": "Clínica COMFAMILIAR Pereira",
        "estado": "activo",
        "fecha_corte": "2026-08-12T20:54:31Z",
        "fuente": "mapa-emergencia",
        "fuente_url": "https://mapa-emergencia.artefactofilms.workers.dev/#p=kx5fumwpm8zy",
        "id": "mapa-emergencia-4bfca77577",
        "municipio": "",
        "necesita": [
          "Agua",
          "Botiquín",
          "Comida",
          "Electrolitos",
          "Insumos"
        ],
        "nombre": "Clínica COMFAMILIAR Pereira",
        "tipo": "salud",
        "verificado": false
      },
      "type": "Feature"
    },
    {
      "geometry": {
        "coordinates": [
          -76.4706182,
          3.4302995
        ],
        "type": "Point"
      },
      "properties": {
        "barrio": "",
        "contacto": "",
        "departamento": "",
        "direccion": "Carrera 44 con 9",
        "estado": "urgente",
        "fecha_corte": "2026-08-12T20:54:31Z",
        "fuente": "mapa-emergencia",
        "fuente_url": "https://mapa-emergencia.artefactofilms.workers.dev/#p=pkp2y9c536ak",
        "id": "mapa-emergencia-4c1dd00b64",
        "municipio": "",
        "necesita": [],
        "nombre": "Carrera 44 con 9",
        "tipo": "rescate",
        "verificado": false
      },
      "type": "Feature"
    },
    {
      "geometry": {
        "coordinates": [
          -76.5438636,
          3.3826799
        ],
        "type": "Point"
      },
      "properties": {
        "barrio": "",
        "contacto": "",
        "departamento": "",
        "direccion": "Calle 2a 53 Melendez",
        "estado": "urgente",
        "fecha_corte": "2026-08-12T20:54:31Z",
        "fuente": "mapa-emergencia",
        "fuente_url": "https://mapa-emergencia.artefactofilms.workers.dev/#p=kipuw9mqkzef",
        "id": "mapa-emergencia-4c608a42db",
        "municipio": "",
        "necesita": [
          "Botiquín",
          "Comida para animales",
          "Pañales"
        ],
        "nombre": "Calle 2a 53 Melendez",
        "tipo": "rescate",
        "verificado": false
      },
      "type": "Feature"
    },
    {
      "geometry": {
        "coordinates": [
          -76.53211768871282,
          3.429966781676078
        ],
        "type": "Point"
      },
      "properties": {
        "barrio": "",
        "contacto": "",
        "departamento": "",
        "direccion": "CALLE 8 con CARRERA 45",
        "estado": "urgente",
        "fecha_corte": "2026-08-12T20:54:31Z",
        "fuente": "mapa-emergencia",
        "fuente_url": "https://mapa-emergencia.artefactofilms.workers.dev/#p=78sjdz7b64ww",
        "id": "mapa-emergencia-4c80940b4e",
        "municipio": "",
        "necesita": [
          "NO VENIR A SATURAR EL LUGAR -ELECTROLIT Y SUERO"
        ],
        "nombre": "CALLE 8 con CARRERA 45",
        "tipo": "rescate",
        "verificado": false
      },
      "type": "Feature"
    },
    {
      "geometry": {
        "coordinates": [
          -76.5311,
          3.4553
        ],
        "type": "Point"
      },
      "properties": {
        "barrio": "",
        "contacto": "",
        "departamento": "",
        "direccion": "Calle 72 p 26 h 3 06 barrio los lagos",
        "estado": "urgente",
        "fecha_corte": "2026-08-12T20:54:31Z",
        "fuente": "mapa-emergencia",
        "fuente_url": "https://mapa-emergencia.artefactofilms.workers.dev/#p=igfdkqpdpbsn",
        "id": "mapa-emergencia-4d9db934ae",
        "municipio": "",
        "necesita": [
          "Colchonetas",
          "Comida",
          "Están durmiendo en las calles"
        ],
        "nombre": "Calle 72 p 26 h 3 06 barrio los lagos",
        "tipo": "rescate",
        "verificado": false
      },
      "type": "Feature"
    },
    {
      "geometry": {
        "coordinates": [
          -76.5222,
          3.4358
        ],
        "type": "Point"
      },
      "properties": {
        "barrio": "",
        "contacto": "",
        "departamento": "",
        "direccion": "Calle 9 con Carrera 44",
        "estado": "urgente",
        "fecha_corte": "2026-08-12T20:54:31Z",
        "fuente": "mapa-emergencia",
        "fuente_url": "https://mapa-emergencia.artefactofilms.workers.dev/#p=nkr338t3",
        "id": "mapa-emergencia-50425e971c",
        "municipio": "",
        "necesita": [],
        "nombre": "(Calle 9 con 44) Cali",
        "tipo": "otro",
        "verificado": false
      },
      "type": "Feature"
    },
    {
      "geometry": {
        "coordinates": [
          -75.934396,
          4.2645071
        ],
        "type": "Point"
      },
      "properties": {
        "barrio": "",
        "contacto": "",
        "departamento": "",
        "direccion": "Sevilla",
        "estado": "urgente",
        "fecha_corte": "2026-08-12T20:54:31Z",
        "fuente": "mapa-emergencia",
        "fuente_url": "https://mapa-emergencia.artefactofilms.workers.dev/#p=yvku2qqbbakq",
        "id": "mapa-emergencia-5074ae6b61",
        "municipio": "",
        "necesita": [
          "Agua",
          "Botiquín",
          "Carpas",
          "Colchonetas",
          "Comida",
          "Comida para animales",
          "Pañales"
        ],
        "nombre": "Sevilla",
        "tipo": "rescate",
        "verificado": false
      },
      "type": "Feature"
    },
    {
      "geometry": {
        "coordinates": [
          -76.551286,
          3.3759546
        ],
        "type": "Point"
      },
      "properties": {
        "barrio": "",
        "contacto": "",
        "departamento": "",
        "direccion": "Jordan",
        "estado": "activo",
        "fecha_corte": "2026-08-12T20:54:31Z",
        "fuente": "mapa-emergencia",
        "fuente_url": "https://mapa-emergencia.artefactofilms.workers.dev/#p=czn4z3ziqrim",
        "id": "mapa-emergencia-508ccbaa0c",
        "municipio": "",
        "necesita": [
          "Carpas",
          "Colchonetas",
          "Equipos para dormir."
        ],
        "nombre": "Altos de semillero, Melendez. No tienen donde dormir",
        "tipo": "albergue",
        "verificado": false
      },
      "type": "Feature"
    },
    {
      "geometry": {
        "coordinates": [
          -76.53204917907716,
          3.4516513996157965
        ],
        "type": "Point"
      },
      "properties": {
        "barrio": "",
        "contacto": "",
        "departamento": "",
        "direccion": "Carrera 56#3-88 edificio ana pilar",
        "estado": "urgente",
        "fecha_corte": "2026-08-12T20:54:31Z",
        "fuente": "mapa-emergencia",
        "fuente_url": "https://mapa-emergencia.artefactofilms.workers.dev/#p=b3gum6eu4qus",
        "id": "mapa-emergencia-520a7ab48e",
        "municipio": "",
        "necesita": [
          "Maquinaria PLUMA"
        ],
        "nombre": "Carrera 56#3-88 edificio ana pilar",
        "tipo": "rescate",
        "verificado": false
      },
      "type": "Feature"
    },
    {
      "geometry": {
        "coordinates": [
          -76.54133482341086,
          3.4116581591641753
        ],
        "type": "Point"
      },
      "properties": {
        "barrio": "Nueva tequendama",
        "contacto": "3153290834",
        "departamento": "",
        "direccion": "Gato atrapado al frente de palmetto",
        "estado": "activo",
        "fecha_corte": "2026-08-12T20:54:31Z",
        "fuente": "mapa-emergencia",
        "fuente_url": "https://mapa-emergencia.artefactofilms.workers.dev/#p=fep3dbvv7zyr",
        "id": "mapa-emergencia-526b7d288f",
        "municipio": "",
        "necesita": [
          "Necesitamos gente para hacer presión",
          "Voluntarios"
        ],
        "nombre": "Gato atrapado al frente de palmetto",
        "tipo": "rescate",
        "verificado": false
      },
      "type": "Feature"
    },
    {
      "geometry": {
        "coordinates": [
          -76.28571163112194,
          3.8992056670380606
        ],
        "type": "Point"
      },
      "properties": {
        "barrio": "",
        "contacto": "",
        "departamento": "",
        "direccion": "Alto bonito buga",
        "estado": "urgente",
        "fecha_corte": "2026-08-12T20:54:31Z",
        "fuente": "mapa-emergencia",
        "fuente_url": "https://mapa-emergencia.artefactofilms.workers.dev/#p=mvh53f2qddni",
        "id": "mapa-emergencia-5341d6055a",
        "municipio": "",
        "necesita": [],
        "nombre": "Alto bonito buga",
        "tipo": "rescate",
        "verificado": false
      },
      "type": "Feature"
    },
    {
      "geometry": {
        "coordinates": [
          -76.4885072,
          3.4799652
        ],
        "type": "Point"
      },
      "properties": {
        "barrio": "",
        "contacto": "",
        "departamento": "",
        "direccion": "CRA 49B #59-11 Cuidad Cordoba",
        "estado": "urgente",
        "fecha_corte": "2026-08-12T20:54:31Z",
        "fuente": "mapa-emergencia",
        "fuente_url": "https://mapa-emergencia.artefactofilms.workers.dev/#p=udktcgkqrdfb",
        "id": "mapa-emergencia-536cef58da",
        "municipio": "",
        "necesita": [
          "Agua",
          "Botiquín",
          "Carpas",
          "Comida",
          "Comida para animales",
          "Pañales"
        ],
        "nombre": "CRA 49B #59-11 Cuidad Cordoba",
        "tipo": "rescate",
        "verificado": false
      },
      "type": "Feature"
    },
    {
      "geometry": {
        "coordinates": [
          -76.54004752635957,
          3.3989772969305476
        ],
        "type": "Point"
      },
      "properties": {
        "barrio": "El Limonar",
        "contacto": "Carlos Rendón 3156694806",
        "departamento": "",
        "direccion": "Cl. 11 #65 A -75",
        "estado": "urgente",
        "fecha_corte": "2026-08-12T20:54:31Z",
        "fuente": "mapa-emergencia",
        "fuente_url": "https://mapa-emergencia.artefactofilms.workers.dev/#p=znnkr4b5ejmi",
        "id": "mapa-emergencia-53c2d4d5ce",
        "municipio": "",
        "necesita": [
          "Botiquín",
          "Cajas",
          "Carpas",
          "Colchonetas",
          "Comida para animales",
          "Electrolitos",
          "Linternas",
          "Pañales",
          "Tapabocas",
          "Topa para niño",
          "alimentos no perecederos",
          "implementos médicos."
        ],
        "nombre": "FUNDACIÓN SER PARA SER (se requieren donaciones de dinero para arrendar cuartos)",
        "tipo": "acopio",
        "verificado": false
      },
      "type": "Feature"
    },
    {
      "geometry": {
        "coordinates": [
          -76.2932559,
          3.5492192
        ],
        "type": "Point"
      },
      "properties": {
        "barrio": "",
        "contacto": "",
        "departamento": "",
        "direccion": "calle 16, #17-70, Pereira",
        "estado": "por-confirmar",
        "fecha_corte": "2026-08-12T20:54:31Z",
        "fuente": "mapa-emergencia",
        "fuente_url": "https://mapa-emergencia.artefactofilms.workers.dev/#p=3rz25y24wtm6",
        "id": "mapa-emergencia-54283fb50f",
        "municipio": "",
        "necesita": [
          "Agua",
          "Comida"
        ],
        "nombre": "calle 16, #17-70, Pereira",
        "tipo": "rescate",
        "verificado": false
      },
      "type": "Feature"
    },
    {
      "geometry": {
        "coordinates": [
          -76.10167401342639,
          4.529085731248661
        ],
        "type": "Point"
      },
      "properties": {
        "barrio": "",
        "contacto": "",
        "departamento": "",
        "direccion": "Calle 11 con Carrera 12",
        "estado": "cerrado",
        "fecha_corte": "2026-08-12T20:54:31Z",
        "fuente": "mapa-emergencia",
        "fuente_url": "https://mapa-emergencia.artefactofilms.workers.dev/#p=ebxgw5ika7up",
        "id": "mapa-emergencia-5433255a48",
        "municipio": "",
        "necesita": [],
        "nombre": "Calle 11 con Carrera 12",
        "tipo": "rescate",
        "verificado": false
      },
      "type": "Feature"
    },
    {
      "geometry": {
        "coordinates": [
          -75.6606476,
          4.8615416
        ],
        "type": "Point"
      },
      "properties": {
        "barrio": "",
        "contacto": "",
        "departamento": "",
        "direccion": "Los guamos",
        "estado": "urgente",
        "fecha_corte": "2026-08-12T20:54:31Z",
        "fuente": "mapa-emergencia",
        "fuente_url": "https://mapa-emergencia.artefactofilms.workers.dev/#p=2uka7595e8gk",
        "id": "mapa-emergencia-5484b25262",
        "municipio": "",
        "necesita": [
          "Baldes",
          "Botiquín",
          "Carpas",
          "Cinceles",
          "Cintas de seguridad",
          "Colchonetas",
          "Comida",
          "Comida para animales",
          "Costales",
          "Discos de pulidora",
          "Electrolitos",
          "Guantes de obra",
          "Linternas",
          "Palas",
          "Pañales",
          "Porras",
          "Seguetas",
          "Tapers",
          "Voluntarios"
        ],
        "nombre": "Los guamos",
        "tipo": "rescate",
        "verificado": false
      },
      "type": "Feature"
    },
    {
      "geometry": {
        "coordinates": [
          -76.41902446746828,
          3.2269344932976356
        ],
        "type": "Point"
      },
      "properties": {
        "barrio": "Dos aguas",
        "contacto": "3128118659",
        "departamento": "",
        "direccion": "Puerto Tejada",
        "estado": "urgente",
        "fecha_corte": "2026-08-12T20:54:31Z",
        "fuente": "mapa-emergencia",
        "fuente_url": "https://mapa-emergencia.artefactofilms.workers.dev/#p=34xeypd9eiad",
        "id": "mapa-emergencia-54938292c3",
        "municipio": "",
        "necesita": [
          "Baldes",
          "Botiquín",
          "Carpas",
          "Cinceles",
          "Colchonetas",
          "Costales",
          "Discos de pulidora",
          "Electrolitos",
          "Gafas de seguridad",
          "Guantes de obra",
          "Linternas",
          "Palas",
          "Pañales",
          "Percutores",
          "Picas",
          "Porras",
          "Seguetas",
          "Tapabocas"
        ],
        "nombre": "Punto de acopio para buenaventura y choco",
        "tipo": "acopio",
        "verificado": false
      },
      "type": "Feature"
    },
    {
      "geometry": {
        "coordinates": [
          -76.4915317296982,
          3.430283646894851
        ],
        "type": "Point"
      },
      "properties": {
        "barrio": "",
        "contacto": "",
        "departamento": "",
        "direccion": "",
        "estado": "descartado",
        "fecha_corte": "2026-08-12T20:54:31Z",
        "fuente": "mapa-emergencia",
        "fuente_url": "https://mapa-emergencia.artefactofilms.workers.dev/#p=d9k5cz2aswfc",
        "id": "mapa-emergencia-54bcc36332",
        "municipio": "",
        "necesita": [],
        "nombre": "Carrera 27 29 33",
        "tipo": "otro",
        "verificado": false
      },
      "type": "Feature"
    },
    {
      "geometry": {
        "coordinates": [
          -76.5415248,
          3.3859198
        ],
        "type": "Point"
      },
      "properties": {
        "barrio": "",
        "contacto": "",
        "departamento": "",
        "direccion": "Calle 6a #80-160",
        "estado": "por-confirmar",
        "fecha_corte": "2026-08-12T20:54:31Z",
        "fuente": "mapa-emergencia",
        "fuente_url": "https://mapa-emergencia.artefactofilms.workers.dev/#p=jdmzhjv4n2ym",
        "id": "mapa-emergencia-54c0ad4b66",
        "municipio": "",
        "necesita": [],
        "nombre": "Calle 6a #80-160",
        "tipo": "rescate",
        "verificado": false
      },
      "type": "Feature"
    },
    {
      "geometry": {
        "coordinates": [
          -75.934396,
          4.2645071
        ],
        "type": "Point"
      },
      "properties": {
        "barrio": "",
        "contacto": "",
        "departamento": "",
        "direccion": "Sevilla",
        "estado": "urgente",
        "fecha_corte": "2026-08-12T20:54:31Z",
        "fuente": "mapa-emergencia",
        "fuente_url": "https://mapa-emergencia.artefactofilms.workers.dev/#p=grxj3c4c88up",
        "id": "mapa-emergencia-54cb8e5697",
        "municipio": "",
        "necesita": [
          "Agua",
          "Ayuda ya",
          "Baldes",
          "Botiquín",
          "Carpas",
          "Colchonetas",
          "Comida",
          "Comida para animales",
          "Gafas de seguridad",
          "Guantes de obra",
          "Linternas",
          "Palas",
          "Pañales",
          "Picas",
          "Porras",
          "Tapabocas",
          "Tapers",
          "Voluntarios"
        ],
        "nombre": "Sevilla",
        "tipo": "rescate",
        "verificado": false
      },
      "type": "Feature"
    },
    {
      "geometry": {
        "coordinates": [
          -76.5492045879364,
          3.3928703024087348
        ],
        "type": "Point"
      },
      "properties": {
        "barrio": "",
        "contacto": "",
        "departamento": "",
        "direccion": "",
        "estado": "urgente",
        "fecha_corte": "2026-08-12T20:54:31Z",
        "fuente": "mapa-emergencia",
        "fuente_url": "https://mapa-emergencia.artefactofilms.workers.dev/#p=kqvnyt6ffy2f",
        "id": "mapa-emergencia-553eff5ab4",
        "municipio": "",
        "necesita": [],
        "nombre": "Calle 3 entre carrera 71 y 72 Barrio Buenos aires",
        "tipo": "rescate",
        "verificado": false
      },
      "type": "Feature"
    },
    {
      "geometry": {
        "coordinates": [
          -76.1030163570944,
          4.530532035642965
        ],
        "type": "Point"
      },
      "properties": {
        "barrio": "",
        "contacto": "",
        "departamento": "",
        "direccion": "La Unión Valle del Cauca",
        "estado": "urgente",
        "fecha_corte": "2026-08-12T20:54:31Z",
        "fuente": "mapa-emergencia",
        "fuente_url": "https://mapa-emergencia.artefactofilms.workers.dev/#p=f43y6545wfc5",
        "id": "mapa-emergencia-56119491fe",
        "municipio": "",
        "necesita": [
          "Agua",
          "Baldes",
          "Barras de demolición",
          "Comida",
          "Electrolitos",
          "Gafas de seguridad",
          "Guantes de obra",
          "Tapabocas"
        ],
        "nombre": "La Unión Valle del Cauca",
        "tipo": "rescate",
        "verificado": false
      },
      "type": "Feature"
    },
    {
      "geometry": {
        "coordinates": [
          -76.4972931,
          3.4800855
        ],
        "type": "Point"
      },
      "properties": {
        "barrio": "Villa del Sol 3",
        "contacto": "3183130402",
        "departamento": "",
        "direccion": "Calle 62 #1bis",
        "estado": "urgente",
        "fecha_corte": "2026-08-12T20:54:31Z",
        "fuente": "mapa-emergencia",
        "fuente_url": "https://mapa-emergencia.artefactofilms.workers.dev/#p=nv7kcdbcqrz7",
        "id": "mapa-emergencia-564752b820",
        "municipio": "",
        "necesita": [
          "Carpas",
          "Colchonetas",
          "Electrolitos",
          "Palas",
          "Picas",
          "Seguetas"
        ],
        "nombre": "Calle 62 #1bis",
        "tipo": "rescate",
        "verificado": false
      },
      "type": "Feature"
    },
    {
      "geometry": {
        "coordinates": [
          -76.5570938067299,
          3.2559298506231205
        ],
        "type": "Point"
      },
      "properties": {
        "barrio": "",
        "contacto": "ESTÁN ROBANDO EN MELÉNDEZ A LOS QUE SUBEN A AYUDAR",
        "departamento": "",
        "direccion": "Melendez",
        "estado": "por-confirmar",
        "fecha_corte": "2026-08-12T20:54:31Z",
        "fuente": "mapa-emergencia",
        "fuente_url": "https://mapa-emergencia.artefactofilms.workers.dev/#p=tn9fkgwyyn4s",
        "id": "mapa-emergencia-574102ccd9",
        "municipio": "",
        "necesita": [
          "Agua",
          "Botiquín",
          "Cascos",
          "Comida",
          "Gafas de seguridad",
          "Guantes de obra",
          "Voluntarios"
        ],
        "nombre": "Melendez",
        "tipo": "rescate",
        "verificado": false
      },
      "type": "Feature"
    },
    {
      "geometry": {
        "coordinates": [
          -76.5336466,
          3.4646485
        ],
        "type": "Point"
      },
      "properties": {
        "barrio": "",
        "contacto": "",
        "departamento": "",
        "direccion": "Calle 22 bis Norte # 9-12",
        "estado": "urgente",
        "fecha_corte": "2026-08-12T20:54:31Z",
        "fuente": "mapa-emergencia",
        "fuente_url": "https://mapa-emergencia.artefactofilms.workers.dev/#p=wncx2xnwwuq5",
        "id": "mapa-emergencia-59200e35dc",
        "municipio": "",
        "necesita": [],
        "nombre": "Calle 22 bis Norte # 9-12",
        "tipo": "rescate",
        "verificado": false
      },
      "type": "Feature"
    },
    {
      "geometry": {
        "coordinates": [
          -76.555696,
          3.3724732
        ],
        "type": "Point"
      },
      "properties": {
        "barrio": "",
        "contacto": "Jhon Caicedo / Ximena · 312 7937130",
        "departamento": "",
        "direccion": "Calle 1D Oeste #100 Bis-76, Torre 87",
        "estado": "urgente",
        "fecha_corte": "2026-08-12T20:54:31Z",
        "fuente": "mapa-emergencia",
        "fuente_url": "https://mapa-emergencia.artefactofilms.workers.dev/#p=3bt29mrc",
        "id": "mapa-emergencia-5936826307",
        "municipio": "",
        "necesita": [
          "Agua",
          "Alcohol antiséptico",
          "Botiquín",
          "Carpas",
          "Cepillos de dientes",
          "Colchonetas",
          "Comida",
          "Comida para animales",
          "Crema dental",
          "Electrolitos",
          "Jabón de baño",
          "Pañales",
          "Repelente de insectos",
          "Se necesita ingeniero URGENTE!!!",
          "Seguridad policía",
          "Toallas sanitarias"
        ],
        "nombre": "Altos de Santa Elena",
        "tipo": "rescate",
        "verificado": false
      },
      "type": "Feature"
    },
    {
      "geometry": {
        "coordinates": [
          -76.54815195448465,
          3.405429695521531
        ],
        "type": "Point"
      },
      "properties": {
        "barrio": "",
        "contacto": "",
        "departamento": "",
        "direccion": "Carrera 61 #3-167",
        "estado": "urgente",
        "fecha_corte": "2026-08-12T20:54:31Z",
        "fuente": "mapa-emergencia",
        "fuente_url": "https://mapa-emergencia.artefactofilms.workers.dev/#p=es33qish",
        "id": "mapa-emergencia-5a00a89fc5",
        "municipio": "",
        "necesita": [],
        "nombre": "Edificio colapsado — Carrera 61 #3-167",
        "tipo": "rescate",
        "verificado": false
      },
      "type": "Feature"
    },
    {
      "geometry": {
        "coordinates": [
          -76.64572915823226,
          3.571738567798432
        ],
        "type": "Point"
      },
      "properties": {
        "barrio": "",
        "contacto": "",
        "departamento": "",
        "direccion": "Borrero Ayerbe",
        "estado": "urgente",
        "fecha_corte": "2026-08-12T20:54:31Z",
        "fuente": "mapa-emergencia",
        "fuente_url": "https://mapa-emergencia.artefactofilms.workers.dev/#p=s6cmnr5tkng9",
        "id": "mapa-emergencia-5a815a62ac",
        "municipio": "",
        "necesita": [
          "Agua",
          "Linternas",
          "Voluntarios"
        ],
        "nombre": "Borrero Ayerbe",
        "tipo": "rescate",
        "verificado": false
      },
      "type": "Feature"
    },
    {
      "geometry": {
        "coordinates": [
          -76.65121078491211,
          3.6039691358227626
        ],
        "type": "Point"
      },
      "properties": {
        "barrio": "",
        "contacto": "",
        "departamento": "",
        "direccion": "Vereda Puerto Cozon Alto Bonito",
        "estado": "por-confirmar",
        "fecha_corte": "2026-08-12T20:54:31Z",
        "fuente": "mapa-emergencia",
        "fuente_url": "https://mapa-emergencia.artefactofilms.workers.dev/#p=ypyieqcn6ek8",
        "id": "mapa-emergencia-5ab71fca86",
        "municipio": "",
        "necesita": [
          "Agua",
          "Baldes",
          "Botiquín",
          "Carpas",
          "Cinceles",
          "Colchonetas",
          "Comida",
          "Comida para animales",
          "Costales",
          "Guantes de obra",
          "Linternas",
          "Palas",
          "Picas",
          "Porras",
          "Seguetas",
          "Sábanas Alimentos no perecederos Productos de higiene personal",
          "Tapers"
        ],
        "nombre": "Vereda Puerto Cozon Alto Bonito",
        "tipo": "rescate",
        "verificado": false
      },
      "type": "Feature"
    },
    {
      "geometry": {
        "coordinates": [
          -76.55672238641414,
          3.3928504384284186
        ],
        "type": "Point"
      },
      "properties": {
        "barrio": "",
        "contacto": "",
        "departamento": "",
        "direccion": "Cuartos de legua",
        "estado": "por-confirmar",
        "fecha_corte": "2026-08-12T20:54:31Z",
        "fuente": "mapa-emergencia",
        "fuente_url": "https://mapa-emergencia.artefactofilms.workers.dev/#p=xv8st6zk5taa",
        "id": "mapa-emergencia-5ad3473b4b",
        "municipio": "",
        "necesita": [
          "Muy lleno no ir"
        ],
        "nombre": "Cuartos de legua",
        "tipo": "rescate",
        "verificado": false
      },
      "type": "Feature"
    },
    {
      "geometry": {
        "coordinates": [
          -76.54794730246067,
          3.4054203419294224
        ],
        "type": "Point"
      },
      "properties": {
        "barrio": "",
        "contacto": "",
        "departamento": "",
        "direccion": "Carrera 61, calle 13 PAMPALINDA",
        "estado": "urgente",
        "fecha_corte": "2026-08-12T20:54:31Z",
        "fuente": "mapa-emergencia",
        "fuente_url": "https://mapa-emergencia.artefactofilms.workers.dev/#p=seywzk2upakh",
        "id": "mapa-emergencia-5af25d230a",
        "municipio": "",
        "necesita": [
          "Barras de demolición",
          "Cinceles",
          "Discos de pulidora",
          "Gafas de seguridad",
          "Guantes de obra",
          "Linternas",
          "Palas",
          "Percutores",
          "Picas",
          "Seguetas",
          "Tapabocas"
        ],
        "nombre": "Carrera 61, calle 13 PAMPALINDA",
        "tipo": "rescate",
        "verificado": false
      },
      "type": "Feature"
    },
    {
      "geometry": {
        "coordinates": [
          -76.54724121093751,
          3.4222140370771177
        ],
        "type": "Point"
      },
      "properties": {
        "barrio": "",
        "contacto": "",
        "departamento": "",
        "direccion": "Calle 5ta con carrera 42",
        "estado": "urgente",
        "fecha_corte": "2026-08-12T20:54:31Z",
        "fuente": "mapa-emergencia",
        "fuente_url": "https://mapa-emergencia.artefactofilms.workers.dev/#p=kerscmbnxsfg",
        "id": "mapa-emergencia-5b9898907e",
        "municipio": "",
        "necesita": [
          "Agua",
          "Cascos",
          "Gafas de seguridad",
          "Guantes de obra",
          "Hielo",
          "Megafono",
          "gafas"
        ],
        "nombre": "Quinta pan",
        "tipo": "rescate",
        "verificado": false
      },
      "type": "Feature"
    },
    {
      "geometry": {
        "coordinates": [
          -76.54115416112292,
          3.4203154261429445
        ],
        "type": "Point"
      },
      "properties": {
        "barrio": "",
        "contacto": "",
        "departamento": "",
        "direccion": "Carrera 41 # 07-05 edificio archine",
        "estado": "urgente",
        "fecha_corte": "2026-08-12T20:54:31Z",
        "fuente": "mapa-emergencia",
        "fuente_url": "https://mapa-emergencia.artefactofilms.workers.dev/#p=4d9a4naysd6p",
        "id": "mapa-emergencia-5bac908ff2",
        "municipio": "",
        "necesita": [],
        "nombre": "Carrera 41 # 07-05 edificio archine",
        "tipo": "rescate",
        "verificado": false
      },
      "type": "Feature"
    },
    {
      "geometry": {
        "coordinates": [
          -76.5456533432007,
          3.4087272648576845
        ],
        "type": "Point"
      },
      "properties": {
        "barrio": "",
        "contacto": "",
        "departamento": "",
        "direccion": "Diagonal al McDonald's Pampalinda (Cra. 56 #5-80)",
        "estado": "urgente",
        "fecha_corte": "2026-08-12T20:54:31Z",
        "fuente": "mapa-emergencia",
        "fuente_url": "https://mapa-emergencia.artefactofilms.workers.dev/#p=gqxxertzbs23",
        "id": "mapa-emergencia-5c0faf8305",
        "municipio": "",
        "necesita": [],
        "nombre": "Diagonal al McDonald's Pampalinda (Cra. 56 #5-80)",
        "tipo": "rescate",
        "verificado": false
      },
      "type": "Feature"
    },
    {
      "geometry": {
        "coordinates": [
          -76.5449433,
          3.4065535
        ],
        "type": "Point"
      },
      "properties": {
        "barrio": "",
        "contacto": "",
        "departamento": "",
        "direccion": "Calle 7, 59A-30 camino real",
        "estado": "urgente",
        "fecha_corte": "2026-08-12T20:54:31Z",
        "fuente": "mapa-emergencia",
        "fuente_url": "https://mapa-emergencia.artefactofilms.workers.dev/#p=h9mrvv72x8ka",
        "id": "mapa-emergencia-5ce0b309dc",
        "municipio": "",
        "necesita": [
          "Agua",
          "Botiquín",
          "Carpas",
          "Colchonetas",
          "Electrolitos",
          "Gafas de seguridad",
          "Linternas",
          "Papel higiénico",
          "Pañales",
          "Tapabocas"
        ],
        "nombre": "Calle 7, 59A-30 camino real",
        "tipo": "rescate",
        "verificado": false
      },
      "type": "Feature"
    },
    {
      "geometry": {
        "coordinates": [
          -76.5012396,
          3.4722385
        ],
        "type": "Point"
      },
      "properties": {
        "barrio": "",
        "contacto": "",
        "departamento": "",
        "direccion": "Parque principal de chiminangos, al frente de los asados",
        "estado": "urgente",
        "fecha_corte": "2026-08-12T20:54:31Z",
        "fuente": "mapa-emergencia",
        "fuente_url": "https://mapa-emergencia.artefactofilms.workers.dev/#p=ib7i4bzpsb5t",
        "id": "mapa-emergencia-5cf3ac2cbd",
        "municipio": "",
        "necesita": [
          "Acondicionador en sobres",
          "Agua",
          "Bolsas T40 para separar los mercados",
          "Bolsas de basura grandes",
          "Botiquín",
          "Carpas",
          "Colchonetas",
          "Comida para animales",
          "Costales",
          "Crema",
          "Crema dental",
          "Electrolitos",
          "Pañales",
          "Pañales de diferentes edades",
          "Pañales para adulto",
          "Pañitos húmedos",
          "Shampoo en sobres",
          "Tapabocas"
        ],
        "nombre": "Parque principal de chiminangos, al frente de los asados",
        "tipo": "rescate",
        "verificado": false
      },
      "type": "Feature"
    },
    {
      "geometry": {
        "coordinates": [
          -76.53707295656206,
          3.4053885290640373
        ],
        "type": "Point"
      },
      "properties": {
        "barrio": "",
        "contacto": "",
        "departamento": "",
        "direccion": "Cl. 12a #56-4, panamericano, Cali, Valle del Cauca",
        "estado": "por-confirmar",
        "fecha_corte": "2026-08-12T20:54:31Z",
        "fuente": "mapa-emergencia",
        "fuente_url": "https://mapa-emergencia.artefactofilms.workers.dev/#p=66uzu3yafhg4",
        "id": "mapa-emergencia-5d32f89511",
        "municipio": "",
        "necesita": [
          "seguridad y gatos hidraulicos para sostener la estructura"
        ],
        "nombre": "Cl. 12a #56-4, panamericano, Cali, Valle del Cauca",
        "tipo": "rescate",
        "verificado": false
      },
      "type": "Feature"
    },
    {
      "geometry": {
        "coordinates": [
          -76.5411150455475,
          3.413727564654962
        ],
        "type": "Point"
      },
      "properties": {
        "barrio": "FRENTE A PALMETTO",
        "contacto": "",
        "departamento": "Valle del Cauca",
        "direccion": "Calle 9 #48",
        "estado": "urgente",
        "fecha_corte": "2026-08-12T20:54:31Z",
        "fuente": "mapa-emergencia",
        "fuente_url": "https://mapa-emergencia.artefactofilms.workers.dev/#p=khwic2h43fuw",
        "id": "mapa-emergencia-5dd6bac6e7",
        "municipio": "",
        "necesita": [
          "NO TRANSITAR",
          "RIESGO DE DERRUMBE NO SE NECESITA NADA",
          "Rescate de personas atrapadas"
        ],
        "nombre": "Frente a Palmetto",
        "tipo": "rescate",
        "verificado": false
      },
      "type": "Feature"
    },
    {
      "geometry": {
        "coordinates": [
          -76.53211003775733,
          3.429966184380584
        ],
        "type": "Point"
      },
      "properties": {
        "barrio": "",
        "contacto": "",
        "departamento": "",
        "direccion": "Cra 92 con 2a-65 Alto Jordan",
        "estado": "urgente",
        "fecha_corte": "2026-08-12T20:54:31Z",
        "fuente": "mapa-emergencia",
        "fuente_url": "https://mapa-emergencia.artefactofilms.workers.dev/#p=cyv7k7v52a8h",
        "id": "mapa-emergencia-5e0ce7b6be",
        "municipio": "",
        "necesita": [
          "-CARPAS -COLCHONETAS -COBIJAS -COSTALES -LINTERNAS DEJAR LAS AYUDAS EN LA SEDE COMUNAL"
        ],
        "nombre": "SEDE COMUNAL ALTO JORDAN",
        "tipo": "rescate",
        "verificado": false
      },
      "type": "Feature"
    },
    {
      "geometry": {
        "coordinates": [
          -75.73623183335593,
          4.937643809964863
        ],
        "type": "Point"
      },
      "properties": {
        "barrio": "",
        "contacto": "",
        "departamento": "",
        "direccion": "Aeropuerto Quibdó",
        "estado": "urgente",
        "fecha_corte": "2026-08-12T20:54:31Z",
        "fuente": "mapa-emergencia",
        "fuente_url": "https://mapa-emergencia.artefactofilms.workers.dev/#p=ujvqzgcxekkc",
        "id": "mapa-emergencia-5e708fff92",
        "municipio": "",
        "necesita": [
          "Llegaron las ayudas!!!",
          "Voluntarios"
        ],
        "nombre": "Aeropuerto Quibdó",
        "tipo": "rescate",
        "verificado": false
      },
      "type": "Feature"
    },
    {
      "geometry": {
        "coordinates": [
          -76.4933235,
          3.4783816
        ],
        "type": "Point"
      },
      "properties": {
        "barrio": "",
        "contacto": "",
        "departamento": "",
        "direccion": "Chiminangos",
        "estado": "descartado",
        "fecha_corte": "2026-08-12T20:54:31Z",
        "fuente": "mapa-emergencia",
        "fuente_url": "https://mapa-emergencia.artefactofilms.workers.dev/#p=xs7q4i7rveic",
        "id": "mapa-emergencia-5eacbb2d57",
        "municipio": "",
        "necesita": [
          "Acondicionador en sobres",
          "Almipro",
          "Crema No. 4",
          "Crema dental",
          "Megáfonos",
          "Pañales de diferentes edades",
          "Pañales para adulto",
          "Pañitos húmedos",
          "Shampoo en sobres"
        ],
        "nombre": "Chiminangos",
        "tipo": "otro",
        "verificado": false
      },
      "type": "Feature"
    },
    {
      "geometry": {
        "coordinates": [
          -75.61617122621058,
          6.152552417921871
        ],
        "type": "Point"
      },
      "properties": {
        "barrio": "",
        "contacto": "",
        "departamento": "",
        "direccion": "Districhocolo",
        "estado": "urgente",
        "fecha_corte": "2026-08-12T20:54:31Z",
        "fuente": "mapa-emergencia",
        "fuente_url": "https://mapa-emergencia.artefactofilms.workers.dev/#p=gbunmyn2xzq3",
        "id": "mapa-emergencia-5fa276fc2b",
        "municipio": "",
        "necesita": [
          "Agua",
          "Baldes",
          "Botiquín",
          "Colchonetas",
          "Comida",
          "Comida para animales",
          "Electrolitos",
          "Gafas de seguridad",
          "Guantes de obra",
          "Linternas",
          "Palas",
          "Pañales",
          "Picas",
          "Porras",
          "Tapabocas"
        ],
        "nombre": "Districhocolo",
        "tipo": "rescate",
        "verificado": false
      },
      "type": "Feature"
    },
    {
      "geometry": {
        "coordinates": [
          -76.49486169219018,
          3.4754492129317054
        ],
        "type": "Point"
      },
      "properties": {
        "barrio": "",
        "contacto": "",
        "departamento": "",
        "direccion": "carr1c bis #61a 26",
        "estado": "urgente",
        "fecha_corte": "2026-08-12T20:54:31Z",
        "fuente": "mapa-emergencia",
        "fuente_url": "https://mapa-emergencia.artefactofilms.workers.dev/#p=74kug85b8k69",
        "id": "mapa-emergencia-6020351796",
        "municipio": "",
        "necesita": [
          "Agua",
          "Botiquín",
          "Comida",
          "Comida para animales",
          "Pañales",
          "Punto para recoger ayudas para los damnificados de Buenaventura"
        ],
        "nombre": "carr1c bis #61a 26",
        "tipo": "rescate",
        "verificado": false
      },
      "type": "Feature"
    },
    {
      "geometry": {
        "coordinates": [
          -76.49296640239756,
          3.474983916427504
        ],
        "type": "Point"
      },
      "properties": {
        "barrio": "",
        "contacto": "",
        "departamento": "",
        "direccion": "Calle 62 CRA 1D",
        "estado": "urgente",
        "fecha_corte": "2026-08-12T20:54:31Z",
        "fuente": "mapa-emergencia",
        "fuente_url": "https://mapa-emergencia.artefactofilms.workers.dev/#p=xy6aihv5gft2",
        "id": "mapa-emergencia-60a5b6ecba",
        "municipio": "",
        "necesita": [
          "Agua",
          "Botiquín",
          "Carpas",
          "Colchonetas",
          "Comida",
          "Comida para animales",
          "Comida preparada. Pañales adulto",
          "Electrolitos",
          "Linternas",
          "Pañales"
        ],
        "nombre": "Calle 62 CRA 1D",
        "tipo": "rescate",
        "verificado": false
      },
      "type": "Feature"
    },
    {
      "geometry": {
        "coordinates": [
          -76.10352198962393,
          4.5323390869319615
        ],
        "type": "Point"
      },
      "properties": {
        "barrio": "",
        "contacto": "",
        "departamento": "",
        "direccion": "Calle 15 con Carrera 15",
        "estado": "cerrado",
        "fecha_corte": "2026-08-12T20:54:31Z",
        "fuente": "mapa-emergencia",
        "fuente_url": "https://mapa-emergencia.artefactofilms.workers.dev/#p=cxxe7yi2uwsr",
        "id": "mapa-emergencia-60e082f7d4",
        "municipio": "",
        "necesita": [],
        "nombre": "Calle 15 con Carrera 15",
        "tipo": "rescate",
        "verificado": false
      },
      "type": "Feature"
    },
    {
      "geometry": {
        "coordinates": [
          -76.5077786,
          3.484167
        ],
        "type": "Point"
      },
      "properties": {
        "barrio": "",
        "contacto": "",
        "departamento": "",
        "direccion": "Calle 57 norte#2bn",
        "estado": "urgente",
        "fecha_corte": "2026-08-12T20:54:31Z",
        "fuente": "mapa-emergencia",
        "fuente_url": "https://mapa-emergencia.artefactofilms.workers.dev/#p=ycqk4hmq7nmg",
        "id": "mapa-emergencia-62231ef84c",
        "municipio": "",
        "necesita": [],
        "nombre": "Calle 57 norte#2bn",
        "tipo": "rescate",
        "verificado": false
      },
      "type": "Feature"
    },
    {
      "geometry": {
        "coordinates": [
          -76.50861971620714,
          3.4935826113722412
        ],
        "type": "Point"
      },
      "properties": {
        "barrio": "Bomba Texaco SAMECO",
        "contacto": "",
        "departamento": "",
        "direccion": "Calle 15 #37-05",
        "estado": "urgente",
        "fecha_corte": "2026-08-12T20:54:31Z",
        "fuente": "mapa-emergencia",
        "fuente_url": "https://mapa-emergencia.artefactofilms.workers.dev/#p=muyx2qx98ghr",
        "id": "mapa-emergencia-635e8b8090",
        "municipio": "",
        "necesita": [
          "Agua",
          "Botiquín",
          "Carpas",
          "Colchonetas",
          "Comida",
          "Electrolitos",
          "Mula para B/ventura",
          "Pañales",
          "Tapers"
        ],
        "nombre": "Calle 15 #37-05",
        "tipo": "acopio",
        "verificado": false
      },
      "type": "Feature"
    },
    {
      "geometry": {
        "coordinates": [
          -76.5797825,
          3.378927
        ],
        "type": "Point"
      },
      "properties": {
        "barrio": "",
        "contacto": "",
        "departamento": "",
        "direccion": "Buitrera",
        "estado": "urgente",
        "fecha_corte": "2026-08-12T20:54:31Z",
        "fuente": "mapa-emergencia",
        "fuente_url": "https://mapa-emergencia.artefactofilms.workers.dev/#p=mc88nm6nt2nv",
        "id": "mapa-emergencia-6378a5c0b6",
        "municipio": "",
        "necesita": [
          "Agua",
          "Colchonetas",
          "Comida",
          "Gafas de seguridad",
          "Guantes de obra",
          "Linternas",
          "Palas",
          "Picas",
          "Porras",
          "Tapabocas",
          "Voluntarios"
        ],
        "nombre": "Buitrera",
        "tipo": "rescate",
        "verificado": false
      },
      "type": "Feature"
    },
    {
      "geometry": {
        "coordinates": [
          -76.52118466210595,
          3.4539776212341358
        ],
        "type": "Point"
      },
      "properties": {
        "barrio": "",
        "contacto": "3018324740",
        "departamento": "",
        "direccion": "Calle 23 #7-21",
        "estado": "activo",
        "fecha_corte": "2026-08-12T20:54:31Z",
        "fuente": "mapa-emergencia",
        "fuente_url": "https://mapa-emergencia.artefactofilms.workers.dev/#p=3tpu267smmrb",
        "id": "mapa-emergencia-63acc7d273",
        "municipio": "",
        "necesita": [
          "Cobijas",
          "Colchonetas",
          "Comida para animales",
          "Voluntarios"
        ],
        "nombre": "Donaciones",
        "tipo": "acopio",
        "verificado": false
      },
      "type": "Feature"
    },
    {
      "geometry": {
        "coordinates": [
          -76.4186397,
          3.0802445
        ],
        "type": "Point"
      },
      "properties": {
        "barrio": "",
        "contacto": "",
        "departamento": "",
        "direccion": "Crucero de Guali",
        "estado": "por-confirmar",
        "fecha_corte": "2026-08-12T20:54:31Z",
        "fuente": "mapa-emergencia",
        "fuente_url": "https://mapa-emergencia.artefactofilms.workers.dev/#p=cptd8mgyrw4i",
        "id": "mapa-emergencia-64123a295a",
        "municipio": "",
        "necesita": [
          "Agua",
          "Baldes",
          "Botiquín",
          "Cinceles",
          "Colchonetas",
          "Comida",
          "Comida para animales",
          "Electrolitos",
          "Gafas de seguridad",
          "Guantes de obra",
          "Linternas",
          "Pañales",
          "Tapabocas",
          "Todo será enviado a Buenaventura \u0026 Choco"
        ],
        "nombre": "Crucero de Guali",
        "tipo": "rescate",
        "verificado": false
      },
      "type": "Feature"
    },
    {
      "geometry": {
        "coordinates": [
          -76.53668233924692,
          3.405759838872636
        ],
        "type": "Point"
      },
      "properties": {
        "barrio": "",
        "contacto": "",
        "departamento": "",
        "direccion": "Edificio Ana pilar",
        "estado": "urgente",
        "fecha_corte": "2026-08-12T20:54:31Z",
        "fuente": "mapa-emergencia",
        "fuente_url": "https://mapa-emergencia.artefactofilms.workers.dev/#p=8vzjqqdk9z5n",
        "id": "mapa-emergencia-653ba0c1ed",
        "municipio": "",
        "necesita": [
          "Agua",
          "Baldes",
          "Cinceles",
          "Cintas de seguridad",
          "Costales",
          "Discos de pulidora",
          "Electrolitos",
          "Guantes de obra",
          "Picas",
          "Porras",
          "Seguetas"
        ],
        "nombre": "Edificio Ana pilar",
        "tipo": "rescate",
        "verificado": false
      },
      "type": "Feature"
    },
    {
      "geometry": {
        "coordinates": [
          -76.48405,
          3.4890283
        ],
        "type": "Point"
      },
      "properties": {
        "barrio": "",
        "contacto": "",
        "departamento": "",
        "direccion": "Calle 84 1a1-258 ramali",
        "estado": "urgente",
        "fecha_corte": "2026-08-12T20:54:31Z",
        "fuente": "mapa-emergencia",
        "fuente_url": "https://mapa-emergencia.artefactofilms.workers.dev/#p=i8bggxix5ibm",
        "id": "mapa-emergencia-657b5c375f",
        "municipio": "",
        "necesita": [
          "Carpas",
          "Colchonetas",
          "Comida para animales",
          "Electrolitos",
          "Linternas",
          "Repelentes"
        ],
        "nombre": "Calle 84 1a1-258 ramali",
        "tipo": "rescate",
        "verificado": false
      },
      "type": "Feature"
    },
    {
      "geometry": {
        "coordinates": [
          -75.8825661,
          4.8995993
        ],
        "type": "Point"
      },
      "properties": {
        "barrio": "",
        "contacto": "",
        "departamento": "",
        "direccion": "La Virginia, Risaralda",
        "estado": "activo",
        "fecha_corte": "2026-08-12T20:54:31Z",
        "fuente": "mapa-emergencia",
        "fuente_url": "https://mapa-emergencia.artefactofilms.workers.dev/#p=u9ucjxkt",
        "id": "mapa-emergencia-65d17f65a1",
        "municipio": "",
        "necesita": [
          "Agua potable",
          "Alimentos no perecederos",
          "Aseo personal",
          "Medicamentos e insumos",
          "Ropa en buen estado"
        ],
        "nombre": "La Virginia (Risaralda) — municipio afectado",
        "tipo": "acopio",
        "verificado": false
      },
      "type": "Feature"
    },
    {
      "geometry": {
        "coordinates": [
          -76.10346696660878,
          4.535603303030416
        ],
        "type": "Point"
      },
      "properties": {
        "barrio": "",
        "contacto": "",
        "departamento": "",
        "direccion": "Galeria municipal",
        "estado": "cerrado",
        "fecha_corte": "2026-08-12T20:54:31Z",
        "fuente": "mapa-emergencia",
        "fuente_url": "https://mapa-emergencia.artefactofilms.workers.dev/#p=5gyxsa2pqfr2",
        "id": "mapa-emergencia-6713906f15",
        "municipio": "",
        "necesita": [],
        "nombre": "Galeria municipal",
        "tipo": "rescate",
        "verificado": false
      },
      "type": "Feature"
    },
    {
      "geometry": {
        "coordinates": [
          -75.6998764,
          4.8133725
        ],
        "type": "Point"
      },
      "properties": {
        "barrio": "",
        "contacto": "",
        "departamento": "",
        "direccion": "Clínica los rosales",
        "estado": "urgente",
        "fecha_corte": "2026-08-12T20:54:31Z",
        "fuente": "mapa-emergencia",
        "fuente_url": "https://mapa-emergencia.artefactofilms.workers.dev/#p=vbwkzuy42u9c",
        "id": "mapa-emergencia-6753a44d4c",
        "municipio": "",
        "necesita": [
          "Agua"
        ],
        "nombre": "Clínica los rosales",
        "tipo": "rescate",
        "verificado": false
      },
      "type": "Feature"
    },
    {
      "geometry": {
        "coordinates": [
          -76.53421640396118,
          3.3988241685449445
        ],
        "type": "Point"
      },
      "properties": {
        "barrio": "",
        "contacto": "",
        "departamento": "",
        "direccion": "Parque de la hormiga",
        "estado": "urgente",
        "fecha_corte": "2026-08-12T20:54:31Z",
        "fuente": "mapa-emergencia",
        "fuente_url": "https://mapa-emergencia.artefactofilms.workers.dev/#p=byswx9dmz2zy",
        "id": "mapa-emergencia-67ba601ae4",
        "municipio": "",
        "necesita": [],
        "nombre": "Parque de la hormiga",
        "tipo": "rescate",
        "verificado": false
      },
      "type": "Feature"
    },
    {
      "geometry": {
        "coordinates": [
          -76.0390517,
          4.6863182
        ],
        "type": "Point"
      },
      "properties": {
        "barrio": "",
        "contacto": "",
        "departamento": "",
        "direccion": "San Francisco",
        "estado": "urgente",
        "fecha_corte": "2026-08-12T20:54:31Z",
        "fuente": "mapa-emergencia",
        "fuente_url": "https://mapa-emergencia.artefactofilms.workers.dev/#p=s4usft94s3pv",
        "id": "mapa-emergencia-680c2c209a",
        "municipio": "",
        "necesita": [
          "Agua",
          "Botiquín",
          "Comida",
          "Comida para animales",
          "Pañales"
        ],
        "nombre": "San Francisco",
        "tipo": "rescate",
        "verificado": false
      },
      "type": "Feature"
    },
    {
      "geometry": {
        "coordinates": [
          -76.5076848,
          3.4148362
        ],
        "type": "Point"
      },
      "properties": {
        "barrio": "",
        "contacto": "",
        "departamento": "",
        "direccion": "Cra 40 #56-02",
        "estado": "por-confirmar",
        "fecha_corte": "2026-08-12T20:54:31Z",
        "fuente": "mapa-emergencia",
        "fuente_url": "https://mapa-emergencia.artefactofilms.workers.dev/#p=xmfmdztx6daz",
        "id": "mapa-emergencia-68c15bc3d7",
        "municipio": "",
        "necesita": [],
        "nombre": "Cra 40 #56-02",
        "tipo": "rescate",
        "verificado": false
      },
      "type": "Feature"
    },
    {
      "geometry": {
        "coordinates": [
          -75.7631282,
          4.6224544
        ],
        "type": "Point"
      },
      "properties": {
        "barrio": "",
        "contacto": "",
        "departamento": "",
        "direccion": "Quimbaya",
        "estado": "urgente",
        "fecha_corte": "2026-08-12T20:54:31Z",
        "fuente": "mapa-emergencia",
        "fuente_url": "https://mapa-emergencia.artefactofilms.workers.dev/#p=pbrrfdrtjr4w",
        "id": "mapa-emergencia-69c976df6c",
        "municipio": "",
        "necesita": [
          "Agua",
          "Carpas",
          "Colchonetas",
          "Comida",
          "Comida para animales",
          "Electrolitos",
          "Guantes de obra",
          "Pañales",
          "Tapabocas",
          "Voluntarios"
        ],
        "nombre": "Quimbaya",
        "tipo": "rescate",
        "verificado": false
      },
      "type": "Feature"
    },
    {
      "geometry": {
        "coordinates": [
          -76.542254,
          3.4092526
        ],
        "type": "Point"
      },
      "properties": {
        "barrio": "",
        "contacto": "",
        "departamento": "",
        "direccion": "Calle 9 # 51 - 123",
        "estado": "urgente",
        "fecha_corte": "2026-08-12T20:54:31Z",
        "fuente": "mapa-emergencia",
        "fuente_url": "https://mapa-emergencia.artefactofilms.workers.dev/#p=88jcrdcst8cn",
        "id": "mapa-emergencia-69f818f898",
        "municipio": "",
        "necesita": [
          "Valorar estructura edificio"
        ],
        "nombre": "Calle 9 # 51 - 123",
        "tipo": "rescate",
        "verificado": false
      },
      "type": "Feature"
    },
    {
      "geometry": {
        "coordinates": [
          -76.10748952500715,
          4.5292620778637
        ],
        "type": "Point"
      },
      "properties": {
        "barrio": "",
        "contacto": "",
        "departamento": "",
        "direccion": "Edificio frente al parque el Prado",
        "estado": "cerrado",
        "fecha_corte": "2026-08-12T20:54:31Z",
        "fuente": "mapa-emergencia",
        "fuente_url": "https://mapa-emergencia.artefactofilms.workers.dev/#p=xsin2u2jzm33",
        "id": "mapa-emergencia-6a41ef6c7e",
        "municipio": "",
        "necesita": [
          "Afectaciones estructurales graves",
          "completamente evacuado."
        ],
        "nombre": "Edificio frente al parque el Prado",
        "tipo": "rescate",
        "verificado": false
      },
      "type": "Feature"
    },
    {
      "geometry": {
        "coordinates": [
          -76.53130352497102,
          3.4341928591808193
        ],
        "type": "Point"
      },
      "properties": {
        "barrio": "",
        "contacto": "",
        "departamento": "",
        "direccion": "Carrera 23c # 10-03 Junín",
        "estado": "urgente",
        "fecha_corte": "2026-08-12T20:54:31Z",
        "fuente": "mapa-emergencia",
        "fuente_url": "https://mapa-emergencia.artefactofilms.workers.dev/#p=duyccdyuznmn",
        "id": "mapa-emergencia-6af418a20f",
        "municipio": "",
        "necesita": [
          "El edificio está a punto de caerse tener cuidado"
        ],
        "nombre": "Carrera 23c # 10-03 Junín",
        "tipo": "rescate",
        "verificado": false
      },
      "type": "Feature"
    },
    {
      "geometry": {
        "coordinates": [
          -76.66840553283694,
          3.622186181313355
        ],
        "type": "Point"
      },
      "properties": {
        "barrio": "",
        "contacto": "",
        "departamento": "",
        "direccion": "Villa Hermosa Dagua",
        "estado": "por-confirmar",
        "fecha_corte": "2026-08-12T20:54:31Z",
        "fuente": "mapa-emergencia",
        "fuente_url": "https://mapa-emergencia.artefactofilms.workers.dev/#p=guzm99wxwqw8",
        "id": "mapa-emergencia-6bee99e537",
        "municipio": "",
        "necesita": [
          "Agua",
          "Baldes",
          "Botiquín",
          "Carpas",
          "Colchonetas",
          "Comida",
          "Comida para animales",
          "Costales",
          "Electrolitos",
          "Gafas de seguridad",
          "Guantes de obra",
          "Linternas",
          "Palas",
          "Pañales",
          "Picas",
          "Tapabocas"
        ],
        "nombre": "Villa Hermosa Dagua",
        "tipo": "rescate",
        "verificado": false
      },
      "type": "Feature"
    },
    {
      "geometry": {
        "coordinates": [
          -76.6295340166863,
          2.4492665237328093
        ],
        "type": "Point"
      },
      "properties": {
        "barrio": "",
        "contacto": "",
        "departamento": "",
        "direccion": "Calle 12 32 25, multifamiliar Cordillera Multifamiliar I y II",
        "estado": "urgente",
        "fecha_corte": "2026-08-12T20:54:31Z",
        "fuente": "mapa-emergencia",
        "fuente_url": "https://mapa-emergencia.artefactofilms.workers.dev/#p=5jsupieqdsjv",
        "id": "mapa-emergencia-6c1c817de2",
        "municipio": "",
        "necesita": [],
        "nombre": "Calle 12 32 25, multifamiliar Cordillera Multifamiliar I y II",
        "tipo": "rescate",
        "verificado": false
      },
      "type": "Feature"
    },
    {
      "geometry": {
        "coordinates": [
          -76.5473388,
          3.4222712
        ],
        "type": "Point"
      },
      "properties": {
        "barrio": "",
        "contacto": "",
        "departamento": "",
        "direccion": "Carrera 42 con calle 5",
        "estado": "urgente",
        "fecha_corte": "2026-08-12T20:54:31Z",
        "fuente": "mapa-emergencia",
        "fuente_url": "https://mapa-emergencia.artefactofilms.workers.dev/#p=dg56suw7b4vh",
        "id": "mapa-emergencia-6d48e3c806",
        "municipio": "",
        "necesita": [
          "Botiquín",
          "Electrolitos",
          "Megáfono",
          "Porras",
          "Pulidora",
          "Tapabocas"
        ],
        "nombre": "Carrera 42 con calle 5",
        "tipo": "rescate",
        "verificado": false
      },
      "type": "Feature"
    },
    {
      "geometry": {
        "coordinates": [
          -76.5417,
          3.4276
        ],
        "type": "Point"
      },
      "properties": {
        "barrio": "",
        "contacto": "",
        "departamento": "",
        "direccion": "Hospital Universitario del Valle",
        "estado": "cubierto",
        "fecha_corte": "2026-08-12T20:54:31Z",
        "fuente": "mapa-emergencia",
        "fuente_url": "https://mapa-emergencia.artefactofilms.workers.dev/#p=emer5ebj",
        "id": "mapa-emergencia-6d6096cb62",
        "municipio": "",
        "necesita": [],
        "nombre": "HUV",
        "tipo": "salud",
        "verificado": false
      },
      "type": "Feature"
    },
    {
      "geometry": {
        "coordinates": [
          -76.3900099,
          3.398965
        ],
        "type": "Point"
      },
      "properties": {
        "barrio": "",
        "contacto": "",
        "departamento": "",
        "direccion": "Calle 14 # 4-168 Villagorgona",
        "estado": "urgente",
        "fecha_corte": "2026-08-12T20:54:31Z",
        "fuente": "mapa-emergencia",
        "fuente_url": "https://mapa-emergencia.artefactofilms.workers.dev/#p=2qnwxjavanw4",
        "id": "mapa-emergencia-6d669d7c52",
        "municipio": "",
        "necesita": [],
        "nombre": "Calle 14 # 4-168 Villagorgona",
        "tipo": "rescate",
        "verificado": false
      },
      "type": "Feature"
    },
    {
      "geometry": {
        "coordinates": [
          -75.934396,
          4.2645071
        ],
        "type": "Point"
      },
      "properties": {
        "barrio": "",
        "contacto": "",
        "departamento": "",
        "direccion": "Sevilla",
        "estado": "urgente",
        "fecha_corte": "2026-08-12T20:54:31Z",
        "fuente": "mapa-emergencia",
        "fuente_url": "https://mapa-emergencia.artefactofilms.workers.dev/#p=zdcymm3t5tfv",
        "id": "mapa-emergencia-6e08b09a76",
        "municipio": "",
        "necesita": [
          "Agua",
          "Baldes",
          "Barras de demolición",
          "Carpas",
          "Cinceles",
          "Cintas de seguridad",
          "Comida",
          "Costales",
          "Discos de pulidora",
          "Gafas de seguridad",
          "Guantes de obra",
          "Linternas",
          "Palas",
          "Percutores",
          "Picas",
          "Porras",
          "Seguetas",
          "Tapabocas",
          "Tapers",
          "Voluntarios"
        ],
        "nombre": "Sevilla",
        "tipo": "rescate",
        "verificado": false
      },
      "type": "Feature"
    },
    {
      "geometry": {
        "coordinates": [
          -76.5503255,
          3.3963888
        ],
        "type": "Point"
      },
      "properties": {
        "barrio": "",
        "contacto": "",
        "departamento": "",
        "direccion": "Calle 2D 66B29 Barrio El Refugio",
        "estado": "urgente",
        "fecha_corte": "2026-08-12T20:54:31Z",
        "fuente": "mapa-emergencia",
        "fuente_url": "https://mapa-emergencia.artefactofilms.workers.dev/#p=ee8syajncxdz",
        "id": "mapa-emergencia-6e80cea14f",
        "municipio": "",
        "necesita": [
          "Cable XLR de mucha profundidad (escucha)",
          "Micrófonos boom",
          "Pilas"
        ],
        "nombre": "Calle 2D 66B29 Barrio El Refugio",
        "tipo": "rescate",
        "verificado": false
      },
      "type": "Feature"
    },
    {
      "geometry": {
        "coordinates": [
          -76.5475585845527,
          3.4089944061558666
        ],
        "type": "Point"
      },
      "properties": {
        "barrio": "",
        "contacto": "",
        "departamento": "",
        "direccion": "La sevillana de la quinta",
        "estado": "urgente",
        "fecha_corte": "2026-08-12T20:54:31Z",
        "fuente": "mapa-emergencia",
        "fuente_url": "https://mapa-emergencia.artefactofilms.workers.dev/#p=59etw3s84tfs",
        "id": "mapa-emergencia-6e8e0c56de",
        "municipio": "",
        "necesita": [
          "NO LLEVAR COMIDA"
        ],
        "nombre": "La sevillana de la quinta",
        "tipo": "rescate",
        "verificado": false
      },
      "type": "Feature"
    },
    {
      "geometry": {
        "coordinates": [
          -76.52746466305679,
          3.4469374565855597
        ],
        "type": "Point"
      },
      "properties": {
        "barrio": "",
        "contacto": "",
        "departamento": "",
        "direccion": "Dagua valle",
        "estado": "urgente",
        "fecha_corte": "2026-08-12T20:54:31Z",
        "fuente": "mapa-emergencia",
        "fuente_url": "https://mapa-emergencia.artefactofilms.workers.dev/#p=ytrfqjbke9ss",
        "id": "mapa-emergencia-6ea2756876",
        "municipio": "",
        "necesita": [
          "Guantes de obra",
          "Linternas",
          "Palas",
          "Picas"
        ],
        "nombre": "Dagua valle",
        "tipo": "rescate",
        "verificado": false
      },
      "type": "Feature"
    },
    {
      "geometry": {
        "coordinates": [
          -76.54134553373532,
          3.4193363160558268
        ],
        "type": "Point"
      },
      "properties": {
        "barrio": "",
        "contacto": "",
        "departamento": "",
        "direccion": "Cra 42 #7-10 Edificio Colpensiones",
        "estado": "por-confirmar",
        "fecha_corte": "2026-08-12T20:54:31Z",
        "fuente": "mapa-emergencia",
        "fuente_url": "https://mapa-emergencia.artefactofilms.workers.dev/#p=6f75gjukwsxm",
        "id": "mapa-emergencia-6eff90ed8a",
        "municipio": "",
        "necesita": [],
        "nombre": "Colpensiones",
        "tipo": "rescate",
        "verificado": false
      },
      "type": "Feature"
    },
    {
      "geometry": {
        "coordinates": [
          -76.51303911331544,
          3.487807897043634
        ],
        "type": "Point"
      },
      "properties": {
        "barrio": "",
        "contacto": "",
        "departamento": "",
        "direccion": "Calle 58N # 3CN 57",
        "estado": "urgente",
        "fecha_corte": "2026-08-12T20:54:31Z",
        "fuente": "mapa-emergencia",
        "fuente_url": "https://mapa-emergencia.artefactofilms.workers.dev/#p=p4ycc7uxybq3",
        "id": "mapa-emergencia-6f2e678bc7",
        "municipio": "",
        "necesita": [],
        "nombre": "Calle 58N # 3CN 57",
        "tipo": "rescate",
        "verificado": false
      },
      "type": "Feature"
    },
    {
      "geometry": {
        "coordinates": [
          -76.49123866619448,
          3.4313622037190252
        ],
        "type": "Point"
      },
      "properties": {
        "barrio": "",
        "contacto": "",
        "departamento": "",
        "direccion": "Invasión del pondaje",
        "estado": "urgente",
        "fecha_corte": "2026-08-12T20:54:31Z",
        "fuente": "mapa-emergencia",
        "fuente_url": "https://mapa-emergencia.artefactofilms.workers.dev/#p=qgs5vdxiunx5",
        "id": "mapa-emergencia-6f82bf2aec",
        "municipio": "",
        "necesita": [],
        "nombre": "Invasión del pondaje",
        "tipo": "rescate",
        "verificado": false
      },
      "type": "Feature"
    },
    {
      "geometry": {
        "coordinates": [
          -75.6670807,
          4.7959136
        ],
        "type": "Point"
      },
      "properties": {
        "barrio": "Villa Santana intermedio",
        "contacto": "",
        "departamento": "",
        "direccion": "Villa Santana intermedio",
        "estado": "urgente",
        "fecha_corte": "2026-08-12T20:54:31Z",
        "fuente": "mapa-emergencia",
        "fuente_url": "https://mapa-emergencia.artefactofilms.workers.dev/#p=6tg69ujudmfj",
        "id": "mapa-emergencia-704c36afcf",
        "municipio": "",
        "necesita": [
          "Agua",
          "Botiquín",
          "Carpas",
          "Cintas de seguridad",
          "Cobijas",
          "Cobijas.",
          "Colchonetas",
          "Comida",
          "Comida para animales",
          "Electrolitos",
          "Guantes de obra",
          "Pañales",
          "Voluntarios",
          "elementos de aseo (Hay personas durmiendo en la calle y niños)"
        ],
        "nombre": "Villa Santana intermedio",
        "tipo": "rescate",
        "verificado": false
      },
      "type": "Feature"
    },
    {
      "geometry": {
        "coordinates": [
          -76.5433215,
          3.392918
        ],
        "type": "Point"
      },
      "properties": {
        "barrio": "",
        "contacto": "",
        "departamento": "",
        "direccion": "Cra 56 Ana del pilar",
        "estado": "por-confirmar",
        "fecha_corte": "2026-08-12T20:54:31Z",
        "fuente": "mapa-emergencia",
        "fuente_url": "https://mapa-emergencia.artefactofilms.workers.dev/#p=c43pr2tu39wk",
        "id": "mapa-emergencia-71bc6bdb08",
        "municipio": "",
        "necesita": [
          "Necesitamos reflectores",
          "Percutores"
        ],
        "nombre": "Cra 56 Ana del pilar",
        "tipo": "rescate",
        "verificado": false
      },
      "type": "Feature"
    },
    {
      "geometry": {
        "coordinates": [
          -76.55348613569315,
          3.45459435719753
        ],
        "type": "Point"
      },
      "properties": {
        "barrio": "",
        "contacto": "",
        "departamento": "",
        "direccion": "Calle 5B con Carrera 39",
        "estado": "urgente",
        "fecha_corte": "2026-08-12T20:54:31Z",
        "fuente": "mapa-emergencia",
        "fuente_url": "https://mapa-emergencia.artefactofilms.workers.dev/#p=cb8zg2xb",
        "id": "mapa-emergencia-724e98cc0a",
        "municipio": "",
        "necesita": [],
        "nombre": "Edificio colapsado — Santa Isabel",
        "tipo": "rescate",
        "verificado": false
      },
      "type": "Feature"
    },
    {
      "geometry": {
        "coordinates": [
          -76.53410375118257,
          3.442264930809452
        ],
        "type": "Point"
      },
      "properties": {
        "barrio": "",
        "contacto": "",
        "departamento": "",
        "direccion": "Cra 14A #8-24",
        "estado": "urgente",
        "fecha_corte": "2026-08-12T20:54:31Z",
        "fuente": "mapa-emergencia",
        "fuente_url": "https://mapa-emergencia.artefactofilms.workers.dev/#p=7z6dcib62yfd",
        "id": "mapa-emergencia-72faef3790",
        "municipio": "",
        "necesita": [
          "Agua",
          "Botiquín",
          "Carpas",
          "Colchonetas",
          "Comida para animales",
          "Linternas",
          "Pañales"
        ],
        "nombre": "Garec GPS (Fundacion Red de Apoyo SIC)",
        "tipo": "acopio",
        "verificado": false
      },
      "type": "Feature"
    },
    {
      "geometry": {
        "coordinates": [
          -75.6660747,
          4.5508222
        ],
        "type": "Point"
      },
      "properties": {
        "barrio": "",
        "contacto": "",
        "departamento": "",
        "direccion": "Villa Carolina, Armenia",
        "estado": "urgente",
        "fecha_corte": "2026-08-12T20:54:31Z",
        "fuente": "mapa-emergencia",
        "fuente_url": "https://mapa-emergencia.artefactofilms.workers.dev/#p=pzwixd6nt9mh",
        "id": "mapa-emergencia-74d868445f",
        "municipio": "",
        "necesita": [
          "Agua",
          "Botiquín",
          "Carpas",
          "Colchonetas",
          "Electrolitos",
          "Gafas de seguridad",
          "Guantes de obra",
          "Linternas",
          "Pañales",
          "Picas",
          "Tapabocas",
          "Voluntarios"
        ],
        "nombre": "Villa Carolina, Armenia",
        "tipo": "rescate",
        "verificado": false
      },
      "type": "Feature"
    },
    {
      "geometry": {
        "coordinates": [
          -76.5461137,
          3.3942245
        ],
        "type": "Point"
      },
      "properties": {
        "barrio": "",
        "contacto": "",
        "departamento": "",
        "direccion": "Cra. 56 #3-88, Cuarto de Legua, Cali, Valle del Cauca",
        "estado": "urgente",
        "fecha_corte": "2026-08-12T20:54:31Z",
        "fuente": "mapa-emergencia",
        "fuente_url": "https://mapa-emergencia.artefactofilms.workers.dev/#p=mi4v2mx88bnb",
        "id": "mapa-emergencia-74d8bca3f2",
        "municipio": "",
        "necesita": [],
        "nombre": "Carrera 56 edificio ana pilar",
        "tipo": "rescate",
        "verificado": false
      },
      "type": "Feature"
    },
    {
      "geometry": {
        "coordinates": [
          -75.6554788,
          4.8607877
        ],
        "type": "Point"
      },
      "properties": {
        "barrio": "",
        "contacto": "",
        "departamento": "",
        "direccion": "Cra 56 entre calle 3 y 5",
        "estado": "urgente",
        "fecha_corte": "2026-08-12T20:54:31Z",
        "fuente": "mapa-emergencia",
        "fuente_url": "https://mapa-emergencia.artefactofilms.workers.dev/#p=vay4n4rki9cc",
        "id": "mapa-emergencia-763c2a5cab",
        "municipio": "",
        "necesita": [
          "Equipo de oxicorte y personal que lo pueda manejar",
          "Voluntarios"
        ],
        "nombre": "Cra 56 entre calle 3 y 5",
        "tipo": "rescate",
        "verificado": false
      },
      "type": "Feature"
    },
    {
      "geometry": {
        "coordinates": [
          -76.58242316837828,
          3.3937026793498704
        ],
        "type": "Point"
      },
      "properties": {
        "barrio": "",
        "contacto": "",
        "departamento": "",
        "direccion": "Novena con 44 Cali",
        "estado": "urgente",
        "fecha_corte": "2026-08-12T20:54:31Z",
        "fuente": "mapa-emergencia",
        "fuente_url": "https://mapa-emergencia.artefactofilms.workers.dev/#p=nvdgtp8eb2mx",
        "id": "mapa-emergencia-770f09325c",
        "municipio": "",
        "necesita": [
          "Linternas",
          "Martillo neumático",
          "Palas",
          "Tapabocas",
          "baldes",
          "hielo",
          "pedyalite"
        ],
        "nombre": "Novena con 44 Cali",
        "tipo": "rescate",
        "verificado": false
      },
      "type": "Feature"
    },
    {
      "geometry": {
        "coordinates": [
          -76.2291845,
          3.3244144
        ],
        "type": "Point"
      },
      "properties": {
        "barrio": "",
        "contacto": "",
        "departamento": "",
        "direccion": "Florida valle",
        "estado": "cubierto",
        "fecha_corte": "2026-08-12T20:54:31Z",
        "fuente": "mapa-emergencia",
        "fuente_url": "https://mapa-emergencia.artefactofilms.workers.dev/#p=yn5btjbp24pr",
        "id": "mapa-emergencia-776e9f87a1",
        "municipio": "",
        "necesita": [],
        "nombre": "Florida valle",
        "tipo": "acopio",
        "verificado": false
      },
      "type": "Feature"
    },
    {
      "geometry": {
        "coordinates": [
          -76.5444465476412,
          3.413239922391811
        ],
        "type": "Point"
      },
      "properties": {
        "barrio": "",
        "contacto": "",
        "departamento": "",
        "direccion": "Carrera 50 # 8 F 50",
        "estado": "urgente",
        "fecha_corte": "2026-08-12T20:54:31Z",
        "fuente": "mapa-emergencia",
        "fuente_url": "https://mapa-emergencia.artefactofilms.workers.dev/#p=whe8td25smdr",
        "id": "mapa-emergencia-78ec396717",
        "municipio": "",
        "necesita": [],
        "nombre": "Carrera 50 # 8 F 50",
        "tipo": "rescate",
        "verificado": false
      },
      "type": "Feature"
    },
    {
      "geometry": {
        "coordinates": [
          -76.5374337,
          3.3814385
        ],
        "type": "Point"
      },
      "properties": {
        "barrio": "",
        "contacto": "",
        "departamento": "",
        "direccion": "CL 13 A # 85 A 42 APTO 201 torre 4",
        "estado": "cubierto",
        "fecha_corte": "2026-08-12T20:54:31Z",
        "fuente": "mapa-emergencia",
        "fuente_url": "https://mapa-emergencia.artefactofilms.workers.dev/#p=kjzpi7bur758",
        "id": "mapa-emergencia-7a05ef9d68",
        "municipio": "",
        "necesita": [],
        "nombre": "CL 13 A # 85 A 42 APTO 201 torre 4",
        "tipo": "otro",
        "verificado": false
      },
      "type": "Feature"
    },
    {
      "geometry": {
        "coordinates": [
          -76.5222535,
          3.822009
        ],
        "type": "Point"
      },
      "properties": {
        "barrio": "",
        "contacto": "",
        "departamento": "",
        "direccion": "Restrepo valle",
        "estado": "urgente",
        "fecha_corte": "2026-08-12T20:54:31Z",
        "fuente": "mapa-emergencia",
        "fuente_url": "https://mapa-emergencia.artefactofilms.workers.dev/#p=qdgra9yakrxi",
        "id": "mapa-emergencia-7a23cbf592",
        "municipio": "",
        "necesita": [
          "Agua",
          "Botiquín",
          "Carpas",
          "Guantes de obra",
          "Linternas",
          "Materiales de construcción",
          "Voluntarios",
          "ropa."
        ],
        "nombre": "Restrepo valle",
        "tipo": "rescate",
        "verificado": false
      },
      "type": "Feature"
    },
    {
      "geometry": {
        "coordinates": [
          -76.549834,
          3.4075024
        ],
        "type": "Point"
      },
      "properties": {
        "barrio": "Cuarto de Legua",
        "contacto": "3174718687",
        "departamento": "",
        "direccion": "Carrera 58 #3-138",
        "estado": "por-confirmar",
        "fecha_corte": "2026-08-12T20:54:31Z",
        "fuente": "mapa-emergencia",
        "fuente_url": "https://mapa-emergencia.artefactofilms.workers.dev/#p=xpynf8ip",
        "id": "mapa-emergencia-7a2d8c24f9",
        "municipio": "",
        "necesita": [
          "Cascos",
          "Discos de pulidora",
          "Discos de pulidora GRANDES",
          "Linternas",
          "Rocuronio",
          "SIGUIENTE TURNO A LAS 6",
          "Succinilcolina",
          "Volqueta para remover escombros"
        ],
        "nombre": "Carrera 58 #3-138",
        "tipo": "rescate",
        "verificado": false
      },
      "type": "Feature"
    },
    {
      "geometry": {
        "coordinates": [
          -76.4970337,
          3.408484
        ],
        "type": "Point"
      },
      "properties": {
        "barrio": "",
        "contacto": "",
        "departamento": "",
        "direccion": "",
        "estado": "descartado",
        "fecha_corte": "2026-08-12T20:54:31Z",
        "fuente": "mapa-emergencia",
        "fuente_url": "https://mapa-emergencia.artefactofilms.workers.dev/#p=k6iujxabdki9",
        "id": "mapa-emergencia-7a822258c0",
        "municipio": "",
        "necesita": [],
        "nombre": "NO SE DIRIJAN A ESTA DIRECCIÓN",
        "tipo": "otro",
        "verificado": false
      },
      "type": "Feature"
    },
    {
      "geometry": {
        "coordinates": [
          -76.5365752,
          3.4287004
        ],
        "type": "Point"
      },
      "properties": {
        "barrio": "",
        "contacto": "",
        "departamento": "",
        "direccion": "Calle 9 con 30",
        "estado": "urgente",
        "fecha_corte": "2026-08-12T20:54:31Z",
        "fuente": "mapa-emergencia",
        "fuente_url": "https://mapa-emergencia.artefactofilms.workers.dev/#p=cby4z4t8v94x",
        "id": "mapa-emergencia-7b0b0eacab",
        "municipio": "",
        "necesita": [
          "Barras de demolición",
          "Cintas de seguridad"
        ],
        "nombre": "Calle 9 con 30",
        "tipo": "rescate",
        "verificado": false
      },
      "type": "Feature"
    },
    {
      "geometry": {
        "coordinates": [
          -76.54915809631349,
          3.417698511037466
        ],
        "type": "Point"
      },
      "properties": {
        "barrio": "",
        "contacto": "",
        "departamento": "",
        "direccion": "Carrera 48 # 4-163",
        "estado": "urgente",
        "fecha_corte": "2026-08-12T20:54:31Z",
        "fuente": "mapa-emergencia",
        "fuente_url": "https://mapa-emergencia.artefactofilms.workers.dev/#p=s3p5u4cfbkue",
        "id": "mapa-emergencia-7b253f7d9c",
        "municipio": "",
        "necesita": [
          "Se necesita evaluación de estructura"
        ],
        "nombre": "Carrera 48 # 4-163",
        "tipo": "rescate",
        "verificado": false
      },
      "type": "Feature"
    },
    {
      "geometry": {
        "coordinates": [
          -76.54791569351802,
          3.3959939667677115
        ],
        "type": "Point"
      },
      "properties": {
        "barrio": "Conjunto Residencial Ariguani",
        "contacto": "",
        "departamento": "Valle del Cauca",
        "direccion": "Conjunto Residencial Ariguani, Cra. 67 #3C-15, Cali, Valle del Cauca",
        "estado": "urgente",
        "fecha_corte": "2026-08-12T20:54:31Z",
        "fuente": "mapa-emergencia",
        "fuente_url": "https://mapa-emergencia.artefactofilms.workers.dev/#p=pt6aqpnkyys7",
        "id": "mapa-emergencia-7b637e65d3",
        "municipio": "",
        "necesita": [
          "Colapso de infraestructura"
        ],
        "nombre": "Conjunto Residencial Ariguani, Cra. 67 #3C-15, Cali, Valle del Cauca",
        "tipo": "rescate",
        "verificado": false
      },
      "type": "Feature"
    },
    {
      "geometry": {
        "coordinates": [
          -76.53281450271608,
          3.417726401022508
        ],
        "type": "Point"
      },
      "properties": {
        "barrio": "",
        "contacto": "",
        "departamento": "",
        "direccion": "Calle 12 B # 41-02",
        "estado": "activo",
        "fecha_corte": "2026-08-12T20:54:31Z",
        "fuente": "mapa-emergencia",
        "fuente_url": "https://mapa-emergencia.artefactofilms.workers.dev/#p=nj8t3s9cd9vv",
        "id": "mapa-emergencia-7c1b4d9bee",
        "municipio": "",
        "necesita": [
          "Agua",
          "Baldes",
          "Botiquín",
          "Colchonetas",
          "Comida",
          "Comida para animales",
          "Costales",
          "Electrolitos",
          "Linternas",
          "Pañales"
        ],
        "nombre": "Calle 12 B # 41-02",
        "tipo": "acopio",
        "verificado": false
      },
      "type": "Feature"
    },
    {
      "geometry": {
        "coordinates": [
          -76.53196334838869,
          3.451565724623897
        ],
        "type": "Point"
      },
      "properties": {
        "barrio": "",
        "contacto": "",
        "departamento": "",
        "direccion": "Carrera 66b 3d, refugio",
        "estado": "urgente",
        "fecha_corte": "2026-08-12T20:54:31Z",
        "fuente": "mapa-emergencia",
        "fuente_url": "https://mapa-emergencia.artefactofilms.workers.dev/#p=yrffs433udkt",
        "id": "mapa-emergencia-7c87651140",
        "municipio": "",
        "necesita": [
          "Radio de comunicación"
        ],
        "nombre": "Carrera 66b 3d, refugio",
        "tipo": "rescate",
        "verificado": false
      },
      "type": "Feature"
    },
    {
      "geometry": {
        "coordinates": [
          -76.5490703,
          3.4244492
        ],
        "type": "Point"
      },
      "properties": {
        "barrio": "",
        "contacto": "",
        "departamento": "",
        "direccion": "Cl. 5 #39-26, Nueva Granada",
        "estado": "por-confirmar",
        "fecha_corte": "2026-08-12T20:54:31Z",
        "fuente": "mapa-emergencia",
        "fuente_url": "https://mapa-emergencia.artefactofilms.workers.dev/#p=dxbnhzvbtpt9",
        "id": "mapa-emergencia-7d8b3e0ce3",
        "municipio": "",
        "necesita": [],
        "nombre": "Cl. 5 #39-26, Nueva Granada",
        "tipo": "rescate",
        "verificado": false
      },
      "type": "Feature"
    },
    {
      "geometry": {
        "coordinates": [
          -76.0577227,
          4.1721624
        ],
        "type": "Point"
      },
      "properties": {
        "barrio": "",
        "contacto": "",
        "departamento": "",
        "direccion": "Galicia",
        "estado": "urgente",
        "fecha_corte": "2026-08-12T20:54:31Z",
        "fuente": "mapa-emergencia",
        "fuente_url": "https://mapa-emergencia.artefactofilms.workers.dev/#p=cyjd2dzkmrnm",
        "id": "mapa-emergencia-7db5322868",
        "municipio": "",
        "necesita": [
          "Agua",
          "Baldes",
          "Barras de demolición",
          "Carpas",
          "Cinceles",
          "Cintas de seguridad",
          "Comida",
          "Costales",
          "Discos de pulidora",
          "Electrolitos",
          "Gafas de seguridad",
          "Guantes de obra",
          "Palas",
          "Percutores",
          "Picas",
          "Porras",
          "Seguetas",
          "Tapabocas",
          "Tapers",
          "Voluntarios"
        ],
        "nombre": "Galicia",
        "tipo": "rescate",
        "verificado": false
      },
      "type": "Feature"
    },
    {
      "geometry": {
        "coordinates": [
          -76.5486127138138,
          3.423629911671804
        ],
        "type": "Point"
      },
      "properties": {
        "barrio": "",
        "contacto": "",
        "departamento": "",
        "direccion": "Condominio pio xii",
        "estado": "por-confirmar",
        "fecha_corte": "2026-08-12T20:54:31Z",
        "fuente": "mapa-emergencia",
        "fuente_url": "https://mapa-emergencia.artefactofilms.workers.dev/#p=er3hd2traivy",
        "id": "mapa-emergencia-7e0d0e130b",
        "municipio": "",
        "necesita": [
          "Palas",
          "Percutores",
          "Picas",
          "Se pidió evacuar la zona"
        ],
        "nombre": "Condominio pio xii",
        "tipo": "agua",
        "verificado": false
      },
      "type": "Feature"
    },
    {
      "geometry": {
        "coordinates": [
          -76.6893768310547,
          3.6557925258888173
        ],
        "type": "Point"
      },
      "properties": {
        "barrio": "",
        "contacto": "+57 318 4397985",
        "departamento": "",
        "direccion": "Dagua",
        "estado": "por-confirmar",
        "fecha_corte": "2026-08-12T20:54:31Z",
        "fuente": "mapa-emergencia",
        "fuente_url": "https://mapa-emergencia.artefactofilms.workers.dev/#p=mnuttzwhhw5j",
        "id": "mapa-emergencia-7e998a757a",
        "municipio": "",
        "necesita": [
          "Voluntarios"
        ],
        "nombre": "Dagua, Borrero Ayerbe",
        "tipo": "rescate",
        "verificado": false
      },
      "type": "Feature"
    },
    {
      "geometry": {
        "coordinates": [
          -75.67390680313112,
          4.836566419929017
        ],
        "type": "Point"
      },
      "properties": {
        "barrio": "",
        "contacto": "",
        "departamento": "",
        "direccion": "Parque guadalupe Dosquebradas",
        "estado": "urgente",
        "fecha_corte": "2026-08-12T20:54:31Z",
        "fuente": "mapa-emergencia",
        "fuente_url": "https://mapa-emergencia.artefactofilms.workers.dev/#p=zph8aycf8hxq",
        "id": "mapa-emergencia-7f2e249a8a",
        "municipio": "",
        "necesita": [
          "Guantes de obra",
          "Linternas",
          "Palas",
          "Tapabocas",
          "Voluntarios"
        ],
        "nombre": "Parque guadalupe Dosquebradas",
        "tipo": "rescate",
        "verificado": false
      },
      "type": "Feature"
    },
    {
      "geometry": {
        "coordinates": [
          -75.69039977154718,
          4.796789919766716
        ],
        "type": "Point"
      },
      "properties": {
        "barrio": "",
        "contacto": "",
        "departamento": "",
        "direccion": "Cra. 27 #11-43 a 11-1, Pereira, Risaralda",
        "estado": "urgente",
        "fecha_corte": "2026-08-12T20:54:31Z",
        "fuente": "mapa-emergencia",
        "fuente_url": "https://mapa-emergencia.artefactofilms.workers.dev/#p=a4wqh6u9pjws",
        "id": "mapa-emergencia-80c62a7058",
        "municipio": "",
        "necesita": [
          "Discos de pulidora",
          "Gafas de seguridad",
          "Guantes de obra",
          "Linternas",
          "Palas",
          "Picas",
          "Tapabocas",
          "Voluntarios",
          "martillo neumático"
        ],
        "nombre": "Cra. 27 #11-43 a 11-1, Pereira, Risaralda",
        "tipo": "rescate",
        "verificado": false
      },
      "type": "Feature"
    },
    {
      "geometry": {
        "coordinates": [
          -76.5519511143392,
          3.378508106273041
        ],
        "type": "Point"
      },
      "properties": {
        "barrio": "Bajo Jordan",
        "contacto": "3042506199",
        "departamento": "",
        "direccion": "Cr 92 # 2a -65",
        "estado": "por-confirmar",
        "fecha_corte": "2026-08-12T20:54:31Z",
        "fuente": "mapa-emergencia",
        "fuente_url": "https://mapa-emergencia.artefactofilms.workers.dev/#p=4gzkvpremb5d",
        "id": "mapa-emergencia-8106f93447",
        "municipio": "",
        "necesita": [
          "Baldes",
          "Cabulla",
          "Carpas",
          "Cintas de seguridad",
          "Colchonetas",
          "Comida",
          "Comida para animales",
          "Costales",
          "Gafas de seguridad",
          "Guantes de obra",
          "Implementos aseo",
          "Palas",
          "Pañales",
          "Picas",
          "Piola",
          "Porras",
          "Seguetas",
          "Tapabocas",
          "cobijas",
          "pañitos"
        ],
        "nombre": "Sede Comunal Bajo Jordan Cr 92 # 2a -65",
        "tipo": "rescate",
        "verificado": false
      },
      "type": "Feature"
    },
    {
      "geometry": {
        "coordinates": [
          -76.48948113460106,
          3.4483293058420337
        ],
        "type": "Point"
      },
      "properties": {
        "barrio": "",
        "contacto": "",
        "departamento": "",
        "direccion": "Carrera 11A #67-11",
        "estado": "urgente",
        "fecha_corte": "2026-08-12T20:54:31Z",
        "fuente": "mapa-emergencia",
        "fuente_url": "https://mapa-emergencia.artefactofilms.workers.dev/#p=7wkt3xhsm44v",
        "id": "mapa-emergencia-8140a0419e",
        "municipio": "",
        "necesita": [
          "Acopio para buenaventura",
          "Agua",
          "Botiquín",
          "Carpas",
          "Colchonetas",
          "Comida",
          "El carro sale hoy 12 agosto a las 7pm",
          "Electrolitos",
          "Gafas de seguridad",
          "Guantes de obra",
          "Linternas",
          "POR FAVOR INFORMAR DONDE REQUIEREN TAPABOCAS N95 PARA LLEVAR 3113960622 ANGIE GARCÍA",
          "Pañales",
          "Tapabocas"
        ],
        "nombre": "Carrera 11A #67-11",
        "tipo": "rescate",
        "verificado": false
      },
      "type": "Feature"
    },
    {
      "geometry": {
        "coordinates": [
          -76.5423118,
          3.4388537
        ],
        "type": "Point"
      },
      "properties": {
        "barrio": "",
        "contacto": "3183130402",
        "departamento": "",
        "direccion": "CDI los Pinos Altos de Santa Elena comuna 18",
        "estado": "urgente",
        "fecha_corte": "2026-08-12T20:54:31Z",
        "fuente": "mapa-emergencia",
        "fuente_url": "https://mapa-emergencia.artefactofilms.workers.dev/#p=b4kfpxauq5xm",
        "id": "mapa-emergencia-81c005aa85",
        "municipio": "",
        "necesita": [
          "Carpas",
          "Colchonetas",
          "Comida",
          "Electrolitos",
          "Juegos para niños y niñas"
        ],
        "nombre": "CDI los Pinos Altos de Santa Elena comuna 18",
        "tipo": "rescate",
        "verificado": false
      },
      "type": "Feature"
    },
    {
      "geometry": {
        "coordinates": [
          -76.54821038246156,
          3.4090119684455167
        ],
        "type": "Point"
      },
      "properties": {
        "barrio": "Cuarto de legua",
        "contacto": "",
        "departamento": "Valle del Cauca",
        "direccion": "Carrera 56 # 3-88, Edificio Ana Pilar",
        "estado": "urgente",
        "fecha_corte": "2026-08-12T20:54:31Z",
        "fuente": "mapa-emergencia",
        "fuente_url": "https://mapa-emergencia.artefactofilms.workers.dev/#p=76r6ctknv3xy",
        "id": "mapa-emergencia-8221196604",
        "municipio": "",
        "necesita": [
          "Baldes",
          "Cinceles",
          "Discos de pulidora",
          "Gafas de seguridad",
          "Linternas",
          "Palas",
          "Picas",
          "Pilas AA",
          "Porras",
          "Rescate de personas atrapadas",
          "Tapabocas"
        ],
        "nombre": "Carrera 56 # 3-88, Edificio Ana Pilar",
        "tipo": "rescate",
        "verificado": false
      },
      "type": "Feature"
    },
    {
      "geometry": {
        "coordinates": [
          -76.5310971,
          3.4193809
        ],
        "type": "Point"
      },
      "properties": {
        "barrio": "",
        "contacto": "",
        "departamento": "",
        "direccion": "Calle 13 # 32-129",
        "estado": "urgente",
        "fecha_corte": "2026-08-12T20:54:31Z",
        "fuente": "mapa-emergencia",
        "fuente_url": "https://mapa-emergencia.artefactofilms.workers.dev/#p=m343dijd7uva",
        "id": "mapa-emergencia-8285536042",
        "municipio": "",
        "necesita": [
          "Botiquín",
          "Carpas",
          "Colchonetas",
          "Comida",
          "Comida para animales",
          "Donaciones",
          "Electrolitos",
          "Linternas",
          "Tapabocas"
        ],
        "nombre": "Calle 13 # 32-129",
        "tipo": "rescate",
        "verificado": false
      },
      "type": "Feature"
    },
    {
      "geometry": {
        "coordinates": [
          -76.5059384,
          3.4051165
        ],
        "type": "Point"
      },
      "properties": {
        "barrio": "",
        "contacto": "",
        "departamento": "",
        "direccion": "Carrera 42 #51-136 ciudad Córdoba",
        "estado": "urgente",
        "fecha_corte": "2026-08-12T20:54:31Z",
        "fuente": "mapa-emergencia",
        "fuente_url": "https://mapa-emergencia.artefactofilms.workers.dev/#p=bj7pcsdtpvf9",
        "id": "mapa-emergencia-84479f0218",
        "municipio": "",
        "necesita": [
          "Comida"
        ],
        "nombre": "Carrera 42 #51-136 ciudad Córdoba",
        "tipo": "rescate",
        "verificado": false
      },
      "type": "Feature"
    },
    {
      "geometry": {
        "coordinates": [
          -77.0206174,
          3.8796035
        ],
        "type": "Point"
      },
      "properties": {
        "barrio": "",
        "contacto": "",
        "departamento": "",
        "direccion": "Hospital Luis",
        "estado": "urgente",
        "fecha_corte": "2026-08-12T20:54:31Z",
        "fuente": "mapa-emergencia",
        "fuente_url": "https://mapa-emergencia.artefactofilms.workers.dev/#p=h97hbbq2ka8s",
        "id": "mapa-emergencia-85b08430bb",
        "municipio": "",
        "necesita": [
          "Carpas",
          "Costales",
          "chuspas para armar una pared"
        ],
        "nombre": "Hospital Luis",
        "tipo": "rescate",
        "verificado": false
      },
      "type": "Feature"
    },
    {
      "geometry": {
        "coordinates": [
          -76.989174,
          1.6788623
        ],
        "type": "Point"
      },
      "properties": {
        "barrio": "",
        "contacto": "",
        "departamento": "",
        "direccion": "San Pablo Nariño",
        "estado": "por-confirmar",
        "fecha_corte": "2026-08-12T20:54:31Z",
        "fuente": "mapa-emergencia",
        "fuente_url": "https://mapa-emergencia.artefactofilms.workers.dev/#p=4frczy3j5h9z",
        "id": "mapa-emergencia-85eda10ebb",
        "municipio": "",
        "necesita": [],
        "nombre": "San Pablo Nariño",
        "tipo": "rescate",
        "verificado": false
      },
      "type": "Feature"
    },
    {
      "geometry": {
        "coordinates": [
          -76.5515375,
          3.3710419
        ],
        "type": "Point"
      },
      "properties": {
        "barrio": "",
        "contacto": "",
        "departamento": "",
        "direccion": "Madrigal campestre",
        "estado": "urgente",
        "fecha_corte": "2026-08-12T20:54:31Z",
        "fuente": "mapa-emergencia",
        "fuente_url": "https://mapa-emergencia.artefactofilms.workers.dev/#p=bqjey9rdvm8r",
        "id": "mapa-emergencia-8673f365a1",
        "municipio": "",
        "necesita": [],
        "nombre": "Madrigal campestre",
        "tipo": "rescate",
        "verificado": false
      },
      "type": "Feature"
    },
    {
      "geometry": {
        "coordinates": [
          -76.52740807099578,
          3.470323218708876
        ],
        "type": "Point"
      },
      "properties": {
        "barrio": "",
        "contacto": "",
        "departamento": "",
        "direccion": "avda 2 fnorte 32a 30 apto 504",
        "estado": "urgente",
        "fecha_corte": "2026-08-12T20:54:31Z",
        "fuente": "mapa-emergencia",
        "fuente_url": "https://mapa-emergencia.artefactofilms.workers.dev/#p=4m4yyp63c2tt",
        "id": "mapa-emergencia-8695be3f94",
        "municipio": "",
        "necesita": [],
        "nombre": "avda 2 fnorte 32a 30 apto 504",
        "tipo": "rescate",
        "verificado": false
      },
      "type": "Feature"
    },
    {
      "geometry": {
        "coordinates": [
          -76.51717364788057,
          3.489450645257232
        ],
        "type": "Point"
      },
      "properties": {
        "barrio": "",
        "contacto": "3136136155",
        "departamento": "",
        "direccion": "Av. 3f Nte. #59-111, El Rincón del parque",
        "estado": "activo",
        "fecha_corte": "2026-08-12T20:54:31Z",
        "fuente": "mapa-emergencia",
        "fuente_url": "https://mapa-emergencia.artefactofilms.workers.dev/#p=pe9hmgb2x7sf",
        "id": "mapa-emergencia-87158d1418",
        "municipio": "",
        "necesita": [
          "Edificios desalojados. Requiere revisión estructura de la 2 torres",
          "por daños en areas comunes y daños internos"
        ],
        "nombre": "Av. 3f Nte. #59-111, El Rincón del parque",
        "tipo": "otro",
        "verificado": false
      },
      "type": "Feature"
    },
    {
      "geometry": {
        "coordinates": [
          -76.5425513,
          3.4329452
        ],
        "type": "Point"
      },
      "properties": {
        "barrio": "",
        "contacto": "",
        "departamento": "",
        "direccion": "Calle 2 # 57",
        "estado": "urgente",
        "fecha_corte": "2026-08-12T20:54:31Z",
        "fuente": "mapa-emergencia",
        "fuente_url": "https://mapa-emergencia.artefactofilms.workers.dev/#p=c6u6jqf9grir",
        "id": "mapa-emergencia-87647fa3af",
        "municipio": "",
        "necesita": [
          "Agua",
          "Comida",
          "Pañales"
        ],
        "nombre": "Kiosco Caracolies leguas de guadalupe",
        "tipo": "rescate",
        "verificado": false
      },
      "type": "Feature"
    },
    {
      "geometry": {
        "coordinates": [
          -76.31420976785668,
          3.526728879415685
        ],
        "type": "Point"
      },
      "properties": {
        "barrio": "",
        "contacto": "",
        "departamento": "",
        "direccion": "Carrera 61 #3-167",
        "estado": "urgente",
        "fecha_corte": "2026-08-12T20:54:31Z",
        "fuente": "mapa-emergencia",
        "fuente_url": "https://mapa-emergencia.artefactofilms.workers.dev/#p=ktpvju23u25n",
        "id": "mapa-emergencia-87cff0c73d",
        "municipio": "",
        "necesita": [
          "Agua",
          "Gafas de seguridad",
          "Gasas",
          "Guantes de obra",
          "Linternas",
          "Voluntarios"
        ],
        "nombre": "Carrera 61 #3-167",
        "tipo": "rescate",
        "verificado": false
      },
      "type": "Feature"
    },
    {
      "geometry": {
        "coordinates": [
          -76.5468726,
          3.4231341
        ],
        "type": "Point"
      },
      "properties": {
        "barrio": "",
        "contacto": "",
        "departamento": "",
        "direccion": "Calle 5 #39",
        "estado": "por-confirmar",
        "fecha_corte": "2026-08-12T20:54:31Z",
        "fuente": "mapa-emergencia",
        "fuente_url": "https://mapa-emergencia.artefactofilms.workers.dev/#p=hbjfw7275spa",
        "id": "mapa-emergencia-88288fe68d",
        "municipio": "",
        "necesita": [
          "Agua",
          "Barras de demolición",
          "Cinceles",
          "Gafas de seguridad",
          "Guantes de obra",
          "Linternas",
          "Palas",
          "Percutores",
          "Picas",
          "Porras",
          "Tapabocas",
          "Voluntarios"
        ],
        "nombre": "Calle 5 #39",
        "tipo": "rescate",
        "verificado": false
      },
      "type": "Feature"
    },
    {
      "geometry": {
        "coordinates": [
          -76.5295837,
          3.4758213
        ],
        "type": "Point"
      },
      "properties": {
        "barrio": "",
        "contacto": "",
        "departamento": "",
        "direccion": "Hotel spiwak",
        "estado": "urgente",
        "fecha_corte": "2026-08-12T20:54:31Z",
        "fuente": "mapa-emergencia",
        "fuente_url": "https://mapa-emergencia.artefactofilms.workers.dev/#p=nd37pdfhaqmh",
        "id": "mapa-emergencia-88d312175f",
        "municipio": "",
        "necesita": [
          "Agua",
          "Botiquín",
          "Centro de acopio",
          "Colchonetas",
          "Comida",
          "Guantes de obra",
          "Linternas",
          "Pañales"
        ],
        "nombre": "Hotel spiwak",
        "tipo": "rescate",
        "verificado": false
      },
      "type": "Feature"
    },
    {
      "geometry": {
        "coordinates": [
          -76.54050886631013,
          3.430994268193558
        ],
        "type": "Point"
      },
      "properties": {
        "barrio": "",
        "contacto": "",
        "departamento": "",
        "direccion": "Calle 5b1 30 17",
        "estado": "por-confirmar",
        "fecha_corte": "2026-08-12T20:54:31Z",
        "fuente": "mapa-emergencia",
        "fuente_url": "https://mapa-emergencia.artefactofilms.workers.dev/#p=khfrk73z789x",
        "id": "mapa-emergencia-89015f45fa",
        "municipio": "",
        "necesita": [
          "Agua",
          "Baldes",
          "Botiquín",
          "Cinceles",
          "Cintas de seguridad",
          "Colchonetas",
          "Comida",
          "Electrolitos",
          "Gafas de seguridad",
          "Guantes de obra",
          "Linternas",
          "Porras",
          "Seguetas",
          "Tapabocas"
        ],
        "nombre": "Calle 5b1 30 17",
        "tipo": "rescate",
        "verificado": false
      },
      "type": "Feature"
    },
    {
      "geometry": {
        "coordinates": [
          -76.53196334838869,
          3.451565724623897
        ],
        "type": "Point"
      },
      "properties": {
        "barrio": "",
        "contacto": "",
        "departamento": "",
        "direccion": "Unidad recreativa plazas verdes",
        "estado": "urgente",
        "fecha_corte": "2026-08-12T20:54:31Z",
        "fuente": "mapa-emergencia",
        "fuente_url": "https://mapa-emergencia.artefactofilms.workers.dev/#p=b89mxhrabvdg",
        "id": "mapa-emergencia-8a8a523d45",
        "municipio": "",
        "necesita": [
          "Agua",
          "Carpas",
          "Comida",
          "Electrolitos",
          "Pañales"
        ],
        "nombre": "Unidad recreativa plazas verdes",
        "tipo": "rescate",
        "verificado": false
      },
      "type": "Feature"
    },
    {
      "geometry": {
        "coordinates": [
          -76.51481004466406,
          3.369844659948418
        ],
        "type": "Point"
      },
      "properties": {
        "barrio": "Valle del lili",
        "contacto": "",
        "departamento": "",
        "direccion": "Carrera 98b # 48 127",
        "estado": "urgente",
        "fecha_corte": "2026-08-12T20:54:31Z",
        "fuente": "mapa-emergencia",
        "fuente_url": "https://mapa-emergencia.artefactofilms.workers.dev/#p=f4w8n59yt62x",
        "id": "mapa-emergencia-8ac10a109d",
        "municipio": "",
        "necesita": [
          "Defensa civil o bomberos para que nos ayuden a identificar si la estructura es segura el edificio se evacuo"
        ],
        "nombre": "Carrera 98b # 48 127",
        "tipo": "rescate",
        "verificado": false
      },
      "type": "Feature"
    },
    {
      "geometry": {
        "coordinates": [
          -76.56896164113567,
          3.6495914210931377
        ],
        "type": "Point"
      },
      "properties": {
        "barrio": "",
        "contacto": "3147068901, 3117523260, 3122867934",
        "departamento": "",
        "direccion": "Estacion bomberos, la cumbre",
        "estado": "urgente",
        "fecha_corte": "2026-08-12T20:54:31Z",
        "fuente": "mapa-emergencia",
        "fuente_url": "https://mapa-emergencia.artefactofilms.workers.dev/#p=fzgnjxj5rz5f",
        "id": "mapa-emergencia-8afe61637a",
        "municipio": "",
        "necesita": [
          "Agua",
          "Botiquín",
          "Carpas",
          "Colchonetas",
          "Comida",
          "Comida para animales",
          "Electrolitos",
          "Pañales",
          "Se necesitan insumos para llevar a las personas afectadas que se quedaron sin hogar en el municipio de la cumbre",
          "por favor llevar los insumos a la estacion de bomberos"
        ],
        "nombre": "Estacion bomberos, la cumbre",
        "tipo": "acopio",
        "verificado": false
      },
      "type": "Feature"
    },
    {
      "geometry": {
        "coordinates": [
          -76.2325677,
          4.6166442
        ],
        "type": "Point"
      },
      "properties": {
        "barrio": "",
        "contacto": "",
        "departamento": "",
        "direccion": "Versalles",
        "estado": "urgente",
        "fecha_corte": "2026-08-12T20:54:31Z",
        "fuente": "mapa-emergencia",
        "fuente_url": "https://mapa-emergencia.artefactofilms.workers.dev/#p=cd2udgwbkygj",
        "id": "mapa-emergencia-8c47a9fb0a",
        "municipio": "",
        "necesita": [
          "Agua",
          "Baldes",
          "Barras de demolición",
          "Carpas",
          "Cinceles",
          "Cintas de seguridad",
          "Colchonetas",
          "Comida",
          "Costales",
          "Discos de pulidora",
          "Electrolitos",
          "Gafas de seguridad",
          "Guantes de obra",
          "Linternas",
          "Palas",
          "Percutores",
          "Picas",
          "Porras",
          "Tapabocas",
          "Voluntarios"
        ],
        "nombre": "Versalles",
        "tipo": "rescate",
        "verificado": false
      },
      "type": "Feature"
    },
    {
      "geometry": {
        "coordinates": [
          -76.55021309852602,
          3.4089950111808833
        ],
        "type": "Point"
      },
      "properties": {
        "barrio": "",
        "contacto": "",
        "departamento": "",
        "direccion": "Edificio Ana pilar cuarto de legua URG",
        "estado": "urgente",
        "fecha_corte": "2026-08-12T20:54:31Z",
        "fuente": "mapa-emergencia",
        "fuente_url": "https://mapa-emergencia.artefactofilms.workers.dev/#p=rb7e4j3x7dym",
        "id": "mapa-emergencia-8d28b6a27e",
        "municipio": "",
        "necesita": [
          "Agua",
          "Barras de demolición",
          "Electrolitos",
          "Gas propano",
          "Gato neumatico",
          "Linternas",
          "Palas",
          "Percutores",
          "Picas",
          "Se necesita gato neumático",
          "Tapabocas",
          "carne ) proteína +carbos",
          "oxigeno",
          "pollo"
        ],
        "nombre": "Edificio Ana pilar cuarto de legua URG",
        "tipo": "rescate",
        "verificado": false
      },
      "type": "Feature"
    },
    {
      "geometry": {
        "coordinates": [
          -76.5249673,
          3.4854668
        ],
        "type": "Point"
      },
      "properties": {
        "barrio": "Altos de santa helena",
        "contacto": "Anon",
        "departamento": "Valle del Cauca",
        "direccion": "Altos de santa helena",
        "estado": "urgente",
        "fecha_corte": "2026-08-12T20:54:31Z",
        "fuente": "mapa-emergencia",
        "fuente_url": "https://mapa-emergencia.artefactofilms.workers.dev/#p=ifbzgkgjvsb6",
        "id": "mapa-emergencia-8d5f1fed45",
        "municipio": "Cali",
        "necesita": [
          "Agua",
          "Agua potable",
          "Alimentos",
          "Atención médica",
          "Comida",
          "Electrolitos",
          "Linternas",
          "Mano de obra",
          "Medicamentos",
          "Remoción de escombros",
          "Voluntarios de apoyo (faltan 10 personas)"
        ],
        "nombre": "Altos de santa helena",
        "tipo": "rescate",
        "verificado": false
      },
      "type": "Feature"
    },
    {
      "geometry": {
        "coordinates": [
          -76.4828959,
          3.4256038
        ],
        "type": "Point"
      },
      "properties": {
        "barrio": "",
        "contacto": "",
        "departamento": "",
        "direccion": "Carrera P1#73a28",
        "estado": "urgente",
        "fecha_corte": "2026-08-12T20:54:31Z",
        "fuente": "mapa-emergencia",
        "fuente_url": "https://mapa-emergencia.artefactofilms.workers.dev/#p=c44n44crnm37",
        "id": "mapa-emergencia-8dfcd481fa",
        "municipio": "",
        "necesita": [],
        "nombre": "Carrera P1#73a28",
        "tipo": "rescate",
        "verificado": false
      },
      "type": "Feature"
    },
    {
      "geometry": {
        "coordinates": [
          -76.4964849,
          3.4388201
        ],
        "type": "Point"
      },
      "properties": {
        "barrio": "",
        "contacto": "",
        "departamento": "",
        "direccion": "Carrera 25 #56-22",
        "estado": "urgente",
        "fecha_corte": "2026-08-12T20:54:31Z",
        "fuente": "mapa-emergencia",
        "fuente_url": "https://mapa-emergencia.artefactofilms.workers.dev/#p=yct9vidmjmks",
        "id": "mapa-emergencia-8e28867df1",
        "municipio": "",
        "necesita": [
          "Agua",
          "Carpas",
          "Colchonetas",
          "Comida",
          "Comida para animales",
          "Costales",
          "Electrolitos",
          "Linternas",
          "Medicamentos para diabetes e hipertensión",
          "Palas",
          "Pañales",
          "Picas"
        ],
        "nombre": "Carrera 25 #56-22",
        "tipo": "rescate",
        "verificado": false
      },
      "type": "Feature"
    },
    {
      "geometry": {
        "coordinates": [
          -76.5088691,
          3.4734578
        ],
        "type": "Point"
      },
      "properties": {
        "barrio": "",
        "contacto": "",
        "departamento": "",
        "direccion": "Carrera 5nte. 42 23 barrio Ignacio tengo favor revisar edificio",
        "estado": "urgente",
        "fecha_corte": "2026-08-12T20:54:31Z",
        "fuente": "mapa-emergencia",
        "fuente_url": "https://mapa-emergencia.artefactofilms.workers.dev/#p=vu6u9kfjjamj",
        "id": "mapa-emergencia-8e8ce1f08a",
        "municipio": "",
        "necesita": [],
        "nombre": "Carrera 5nte. 42 23 barrio Ignacio tengo favor revisar edificio",
        "tipo": "rescate",
        "verificado": false
      },
      "type": "Feature"
    },
    {
      "geometry": {
        "coordinates": [
          -76.5561565,
          3.3715119
        ],
        "type": "Point"
      },
      "properties": {
        "barrio": "",
        "contacto": "",
        "departamento": "",
        "direccion": "Altos de santa Elena torre 23",
        "estado": "urgente",
        "fecha_corte": "2026-08-12T20:54:31Z",
        "fuente": "mapa-emergencia",
        "fuente_url": "https://mapa-emergencia.artefactofilms.workers.dev/#p=shxn82skrfbc",
        "id": "mapa-emergencia-8f16cca8ae",
        "municipio": "",
        "necesita": [],
        "nombre": "Altos de santa Elena torre 23",
        "tipo": "rescate",
        "verificado": false
      },
      "type": "Feature"
    },
    {
      "geometry": {
        "coordinates": [
          -76.5087959,
          3.2353829
        ],
        "type": "Point"
      },
      "properties": {
        "barrio": "",
        "contacto": "",
        "departamento": "",
        "direccion": "Calle 17 A 50 A sur 47 urbanization Terranova",
        "estado": "urgente",
        "fecha_corte": "2026-08-12T20:54:31Z",
        "fuente": "mapa-emergencia",
        "fuente_url": "https://mapa-emergencia.artefactofilms.workers.dev/#p=258a9rqhtnim",
        "id": "mapa-emergencia-8f53fcdc8b",
        "municipio": "",
        "necesita": [],
        "nombre": "Calle 17 A 50 A sur 47 urbanization Terranova",
        "tipo": "rescate",
        "verificado": false
      },
      "type": "Feature"
    },
    {
      "geometry": {
        "coordinates": [
          -76.5013355,
          3.4365365
        ],
        "type": "Point"
      },
      "properties": {
        "barrio": "",
        "contacto": "",
        "departamento": "",
        "direccion": "Cra. 25a # 42A-43",
        "estado": "por-confirmar",
        "fecha_corte": "2026-08-12T20:54:31Z",
        "fuente": "mapa-emergencia",
        "fuente_url": "https://mapa-emergencia.artefactofilms.workers.dev/#p=azbkappy8a72",
        "id": "mapa-emergencia-908ea22546",
        "municipio": "",
        "necesita": [],
        "nombre": "Cra. 25a # 42A-43",
        "tipo": "rescate",
        "verificado": false
      },
      "type": "Feature"
    },
    {
      "geometry": {
        "coordinates": [
          -76.5286631,
          3.818117
        ],
        "type": "Point"
      },
      "properties": {
        "barrio": "",
        "contacto": "",
        "departamento": "",
        "direccion": "Vereda el silencio Restrepo valle",
        "estado": "urgente",
        "fecha_corte": "2026-08-12T20:54:31Z",
        "fuente": "mapa-emergencia",
        "fuente_url": "https://mapa-emergencia.artefactofilms.workers.dev/#p=ktaj2fdv84x5",
        "id": "mapa-emergencia-91bec2374c",
        "municipio": "",
        "necesita": [
          "Agua",
          "Carpas",
          "Colchonetas",
          "Comida",
          "Comida para animales",
          "Electrolitos",
          "Linternas",
          "Muchas linternas",
          "Pañales",
          "Voluntarios",
          "mujeres y hombres de todas las edades.",
          "ropa para niños"
        ],
        "nombre": "Vereda el silencio Restrepo valle",
        "tipo": "rescate",
        "verificado": false
      },
      "type": "Feature"
    },
    {
      "geometry": {
        "coordinates": [
          -76.2902754,
          3.5350828
        ],
        "type": "Point"
      },
      "properties": {
        "barrio": "",
        "contacto": "",
        "departamento": "",
        "direccion": "Palmira",
        "estado": "urgente",
        "fecha_corte": "2026-08-12T20:54:31Z",
        "fuente": "mapa-emergencia",
        "fuente_url": "https://mapa-emergencia.artefactofilms.workers.dev/#p=whs8ns2q62m9",
        "id": "mapa-emergencia-92424b91e5",
        "municipio": "",
        "necesita": [],
        "nombre": "Palmira",
        "tipo": "rescate",
        "verificado": false
      },
      "type": "Feature"
    },
    {
      "geometry": {
        "coordinates": [
          -76.5379847,
          3.2652756
        ],
        "type": "Point"
      },
      "properties": {
        "barrio": "",
        "contacto": "",
        "departamento": "",
        "direccion": "Bomberos jamundi",
        "estado": "urgente",
        "fecha_corte": "2026-08-12T20:54:31Z",
        "fuente": "mapa-emergencia",
        "fuente_url": "https://mapa-emergencia.artefactofilms.workers.dev/#p=urvcbu7p98pv",
        "id": "mapa-emergencia-925fcdbdad",
        "municipio": "",
        "necesita": [
          "Colchonetas",
          "Comida para animales"
        ],
        "nombre": "Bomberos jamundi",
        "tipo": "rescate",
        "verificado": false
      },
      "type": "Feature"
    },
    {
      "geometry": {
        "coordinates": [
          -76.53328525100184,
          3.254185689408715
        ],
        "type": "Point"
      },
      "properties": {
        "barrio": "",
        "contacto": "",
        "departamento": "",
        "direccion": "Acopio portal de jamundi Carrera 1c Sur #10c-132",
        "estado": "urgente",
        "fecha_corte": "2026-08-12T20:54:31Z",
        "fuente": "mapa-emergencia",
        "fuente_url": "https://mapa-emergencia.artefactofilms.workers.dev/#p=g4h8we7ernjz",
        "id": "mapa-emergencia-92acc26d9d",
        "municipio": "",
        "necesita": [
          "Agua",
          "Baldes",
          "Barras de demolición",
          "Botiquín",
          "Buenos días saco camino con destino a roldanillo el día de mañana habilito punto de acopio en esta zona",
          "Carpas",
          "Cinceles",
          "Colchonetas",
          "Comida",
          "Comida para animales",
          "Costales",
          "Discos de pulidora",
          "Gafas de seguridad",
          "Guantes de obra",
          "Pañales",
          "Porras",
          "Tapers"
        ],
        "nombre": "Acopio portal de jamundi Carrera 1c Sur #10c-132",
        "tipo": "rescate",
        "verificado": false
      },
      "type": "Feature"
    },
    {
      "geometry": {
        "coordinates": [
          -76.5596914,
          3.5134236
        ],
        "type": "Point"
      },
      "properties": {
        "barrio": "",
        "contacto": "",
        "departamento": "",
        "direccion": "corregimiento la paz (zona rural) cendero vista hermosa",
        "estado": "urgente",
        "fecha_corte": "2026-08-12T20:54:31Z",
        "fuente": "mapa-emergencia",
        "fuente_url": "https://mapa-emergencia.artefactofilms.workers.dev/#p=5njmvcdfg986",
        "id": "mapa-emergencia-93334fe3f0",
        "municipio": "",
        "necesita": [
          "Comida",
          "Comida. estamos sin trabajo"
        ],
        "nombre": "corregimiento la paz (zona rural) cendero vista hermosa",
        "tipo": "rescate",
        "verificado": false
      },
      "type": "Feature"
    },
    {
      "geometry": {
        "coordinates": [
          -76.2325677,
          4.6166442
        ],
        "type": "Point"
      },
      "properties": {
        "barrio": "",
        "contacto": "",
        "departamento": "",
        "direccion": "Versalles, Valle · entrega frente al coliseo, junto a la policía (antiguo jardín Los Picapiedras)",
        "estado": "activo",
        "fecha_corte": "2026-08-12T20:54:31Z",
        "fuente": "mapa-emergencia",
        "fuente_url": "https://mapa-emergencia.artefactofilms.workers.dev/#p=kd7cjucc",
        "id": "mapa-emergencia-944f928b0d",
        "municipio": "",
        "necesita": [
          "Agua limpia",
          "Arena",
          "Cemento",
          "Gravilla",
          "Ladrillos",
          "Tejas de Eternit",
          "Tejas de zinc",
          "Tubería PVC sanitaria e hidráulica",
          "Tubería conduit",
          "Varillas corrugadas",
          "Vigas de soporte"
        ],
        "nombre": "Versalles (municipio) — reconstrucción",
        "tipo": "acopio",
        "verificado": false
      },
      "type": "Feature"
    },
    {
      "geometry": {
        "coordinates": [
          -76.506085,
          3.4175739
        ],
        "type": "Point"
      },
      "properties": {
        "barrio": "",
        "contacto": "",
        "departamento": "",
        "direccion": "CRA 39 #39-55 Antonio nariño, barbería",
        "estado": "urgente",
        "fecha_corte": "2026-08-12T20:54:31Z",
        "fuente": "mapa-emergencia",
        "fuente_url": "https://mapa-emergencia.artefactofilms.workers.dev/#p=qgbv6p2syhau",
        "id": "mapa-emergencia-949a39d81b",
        "municipio": "",
        "necesita": [
          "Botiquín",
          "Comida",
          "Comida no perecedera",
          "Tapabocas",
          "aseo personal",
          "donativos para llevar Restrepo valle"
        ],
        "nombre": "CRA 39 #39-55 Antonio nariño, barbería",
        "tipo": "rescate",
        "verificado": false
      },
      "type": "Feature"
    },
    {
      "geometry": {
        "coordinates": [
          -76.5508675,
          3.392759
        ],
        "type": "Point"
      },
      "properties": {
        "barrio": "",
        "contacto": "",
        "departamento": "",
        "direccion": "Calle 2c # 70 70 Unidad Residencial el Saman Etapa I, Buenos Aires comuna 18",
        "estado": "urgente",
        "fecha_corte": "2026-08-12T20:54:31Z",
        "fuente": "mapa-emergencia",
        "fuente_url": "https://mapa-emergencia.artefactofilms.workers.dev/#p=wmxihaqf55cn",
        "id": "mapa-emergencia-95176977a3",
        "municipio": "",
        "necesita": [],
        "nombre": "Calle 2c # 70 70 Unidad Residencial el Saman Etapa I, Buenos Aires comuna 18",
        "tipo": "rescate",
        "verificado": false
      },
      "type": "Feature"
    },
    {
      "geometry": {
        "coordinates": [
          -76.51341661484985,
          3.3877849915461358
        ],
        "type": "Point"
      },
      "properties": {
        "barrio": "",
        "contacto": "",
        "departamento": "",
        "direccion": "Calle 9 #44-79 edificio el Jigual",
        "estado": "urgente",
        "fecha_corte": "2026-08-12T20:54:31Z",
        "fuente": "mapa-emergencia",
        "fuente_url": "https://mapa-emergencia.artefactofilms.workers.dev/#p=bwi9t33vr9sz",
        "id": "mapa-emergencia-9548b80e16",
        "municipio": "",
        "necesita": [
          "Se requiere revisión estructural"
        ],
        "nombre": "Calle 9 #44-79 edificio el Jigual",
        "tipo": "rescate",
        "verificado": false
      },
      "type": "Feature"
    },
    {
      "geometry": {
        "coordinates": [
          -76.53343677520753,
          3.4193406719736643
        ],
        "type": "Point"
      },
      "properties": {
        "barrio": "",
        "contacto": "",
        "departamento": "",
        "direccion": "Calle 12 #39-40",
        "estado": "urgente",
        "fecha_corte": "2026-08-12T20:54:31Z",
        "fuente": "mapa-emergencia",
        "fuente_url": "https://mapa-emergencia.artefactofilms.workers.dev/#p=qzkcmsrjdzah",
        "id": "mapa-emergencia-9549798521",
        "municipio": "",
        "necesita": [
          "Daño en sistema eléctrico e hidráulico",
          "Revisión de edificio por fallas estructural.",
          "Revisión del edificio"
        ],
        "nombre": "Calle 12 #39-40",
        "tipo": "rescate",
        "verificado": false
      },
      "type": "Feature"
    },
    {
      "geometry": {
        "coordinates": [
          -76.5379042,
          3.4220485
        ],
        "type": "Point"
      },
      "properties": {
        "barrio": "",
        "contacto": "",
        "departamento": "",
        "direccion": "Coliseo Miguel Calero",
        "estado": "activo",
        "fecha_corte": "2026-08-12T20:54:31Z",
        "fuente": "mapa-emergencia",
        "fuente_url": "https://mapa-emergencia.artefactofilms.workers.dev/#p=7t9dmraq",
        "id": "mapa-emergencia-956f44affe",
        "municipio": "",
        "necesita": [
          "Bolsas plásticas resistentes 70 L",
          "Corrales o colechos (cunas)",
          "Costales",
          "Desodorante individual"
        ],
        "nombre": "Albergue — Coliseo Miguel Calero",
        "tipo": "albergue",
        "verificado": false
      },
      "type": "Feature"
    },
    {
      "geometry": {
        "coordinates": [
          -76.5361261367798,
          3.365278193375803
        ],
        "type": "Point"
      },
      "properties": {
        "barrio": "",
        "contacto": "",
        "departamento": "",
        "direccion": "La leyenda mall",
        "estado": "urgente",
        "fecha_corte": "2026-08-12T20:54:31Z",
        "fuente": "mapa-emergencia",
        "fuente_url": "https://mapa-emergencia.artefactofilms.workers.dev/#p=amsn5825jnef",
        "id": "mapa-emergencia-961052b934",
        "municipio": "",
        "necesita": [
          "Barras de demolición",
          "Cinceles",
          "Discos de pulidora",
          "Guantes de obra",
          "Linternas",
          "Percutores",
          "Picas",
          "Seguetas",
          "Tapabocas"
        ],
        "nombre": "La leyenda mall punto recolección",
        "tipo": "rescate",
        "verificado": false
      },
      "type": "Feature"
    },
    {
      "geometry": {
        "coordinates": [
          -76.57365611739455,
          2.4914715257419027
        ],
        "type": "Point"
      },
      "properties": {
        "barrio": "",
        "contacto": "",
        "departamento": "",
        "direccion": "Calle 61An 18-139",
        "estado": "por-confirmar",
        "fecha_corte": "2026-08-12T20:54:31Z",
        "fuente": "mapa-emergencia",
        "fuente_url": "https://mapa-emergencia.artefactofilms.workers.dev/#p=hqavd9m2pkjj",
        "id": "mapa-emergencia-9664ed18a4",
        "municipio": "",
        "necesita": [],
        "nombre": "Calle 61An 18-139",
        "tipo": "rescate",
        "verificado": false
      },
      "type": "Feature"
    },
    {
      "geometry": {
        "coordinates": [
          -76.53754234313966,
          3.433813697452975
        ],
        "type": "Point"
      },
      "properties": {
        "barrio": "",
        "contacto": "",
        "departamento": "",
        "direccion": "Cra 93 # 45-35",
        "estado": "urgente",
        "fecha_corte": "2026-08-12T20:54:31Z",
        "fuente": "mapa-emergencia",
        "fuente_url": "https://mapa-emergencia.artefactofilms.workers.dev/#p=vsd23vf8uc5p",
        "id": "mapa-emergencia-9751bb75e9",
        "municipio": "",
        "necesita": [
          "Botiquín",
          "Cinceles",
          "Colchonetas",
          "Comida para animales",
          "Electrolitos",
          "Gafas de seguridad",
          "Linternas",
          "Palas",
          "Pañales",
          "Percutores",
          "Picas",
          "Porras",
          "Tapabocas"
        ],
        "nombre": "Cra 93 # 45-35",
        "tipo": "rescate",
        "verificado": false
      },
      "type": "Feature"
    },
    {
      "geometry": {
        "coordinates": [
          -76.3520788,
          4.5130593
        ],
        "type": "Point"
      },
      "properties": {
        "barrio": "",
        "contacto": "",
        "departamento": "",
        "direccion": "Lituania",
        "estado": "urgente",
        "fecha_corte": "2026-08-12T20:54:31Z",
        "fuente": "mapa-emergencia",
        "fuente_url": "https://mapa-emergencia.artefactofilms.workers.dev/#p=eudni8nnct98",
        "id": "mapa-emergencia-9799ab5024",
        "municipio": "",
        "necesita": [
          "Algún elemento para techar. Por favor 🙏",
          "Colchonetas",
          "Comida",
          "Linternas"
        ],
        "nombre": "Lituania",
        "tipo": "rescate",
        "verificado": false
      },
      "type": "Feature"
    },
    {
      "geometry": {
        "coordinates": [
          -76.5454401,
          3.4301834
        ],
        "type": "Point"
      },
      "properties": {
        "barrio": "Hospital Universitario",
        "contacto": "",
        "departamento": "Valle del Cauca",
        "direccion": "Hospital universitario",
        "estado": "urgente",
        "fecha_corte": "2026-08-12T20:54:31Z",
        "fuente": "mapa-emergencia",
        "fuente_url": "https://mapa-emergencia.artefactofilms.workers.dev/#p=hfqqzcypvpcm",
        "id": "mapa-emergencia-98a447faa9",
        "municipio": "",
        "necesita": [
          "Colapso de infraestructura",
          "Leche de fórmula 1 en tarro",
          "Picas",
          "Suero oral",
          "suero oral."
        ],
        "nombre": "Hospital universitario",
        "tipo": "rescate",
        "verificado": false
      },
      "type": "Feature"
    },
    {
      "geometry": {
        "coordinates": [
          -76.536979,
          3.4218678
        ],
        "type": "Point"
      },
      "properties": {
        "barrio": "",
        "contacto": "",
        "departamento": "",
        "direccion": "Diamante de beisbol",
        "estado": "urgente",
        "fecha_corte": "2026-08-12T20:54:31Z",
        "fuente": "mapa-emergencia",
        "fuente_url": "https://mapa-emergencia.artefactofilms.workers.dev/#p=uku7bnvm7cpv",
        "id": "mapa-emergencia-9981cfa5a0",
        "municipio": "",
        "necesita": [
          "Colchonetas",
          "Comida",
          "Pañales"
        ],
        "nombre": "Diamante de beisbol",
        "tipo": "rescate",
        "verificado": false
      },
      "type": "Feature"
    },
    {
      "geometry": {
        "coordinates": [
          -76.49920657481628,
          3.4756770458689537
        ],
        "type": "Point"
      },
      "properties": {
        "barrio": "",
        "contacto": "",
        "departamento": "",
        "direccion": "Cra. 39 #4-28",
        "estado": "urgente",
        "fecha_corte": "2026-08-12T20:54:31Z",
        "fuente": "mapa-emergencia",
        "fuente_url": "https://mapa-emergencia.artefactofilms.workers.dev/#p=q3nqh94zkxkr",
        "id": "mapa-emergencia-998dea73b1",
        "municipio": "",
        "necesita": [
          "Baldes",
          "Botiquín",
          "Costales",
          "Linternas",
          "Palas",
          "Porras"
        ],
        "nombre": "Cra. 39 #4-28",
        "tipo": "rescate",
        "verificado": false
      },
      "type": "Feature"
    },
    {
      "geometry": {
        "coordinates": [
          -76.47619537548267,
          3.427458751186822
        ],
        "type": "Point"
      },
      "properties": {
        "barrio": "",
        "contacto": "",
        "departamento": "",
        "direccion": "Poblado 2 calle 72w 28 b106",
        "estado": "urgente",
        "fecha_corte": "2026-08-12T20:54:31Z",
        "fuente": "mapa-emergencia",
        "fuente_url": "https://mapa-emergencia.artefactofilms.workers.dev/#p=xbu9kaxi27jk",
        "id": "mapa-emergencia-9ad12ee7bc",
        "municipio": "",
        "necesita": [
          "Voluntarios"
        ],
        "nombre": "Poblado 2 calle 72w 28 b106",
        "tipo": "rescate",
        "verificado": false
      },
      "type": "Feature"
    },
    {
      "geometry": {
        "coordinates": [
          -76.2274603,
          4.2532379
        ],
        "type": "Point"
      },
      "properties": {
        "barrio": "",
        "contacto": "",
        "departamento": "",
        "direccion": "Robledo",
        "estado": "urgente",
        "fecha_corte": "2026-08-12T20:54:31Z",
        "fuente": "mapa-emergencia",
        "fuente_url": "https://mapa-emergencia.artefactofilms.workers.dev/#p=h4jcbjea2zfq",
        "id": "mapa-emergencia-9b24c62dc1",
        "municipio": "",
        "necesita": [
          "Agua",
          "Comida",
          "Comida para animales",
          "Linternas",
          "No llegan ayudas allá"
        ],
        "nombre": "Robledo",
        "tipo": "rescate",
        "verificado": false
      },
      "type": "Feature"
    },
    {
      "geometry": {
        "coordinates": [
          -76.30405325216,
          3.52085814816137
        ],
        "type": "Point"
      },
      "properties": {
        "barrio": "",
        "contacto": "",
        "departamento": "",
        "direccion": "Calle 22 # 32-81 Medicina legal Palmira",
        "estado": "urgente",
        "fecha_corte": "2026-08-12T20:54:31Z",
        "fuente": "mapa-emergencia",
        "fuente_url": "https://mapa-emergencia.artefactofilms.workers.dev/#p=8bgxdknq7zvs",
        "id": "mapa-emergencia-9b8809cf57",
        "municipio": "",
        "necesita": [
          "Insumos Médicos",
          "Tapabocas",
          "guantes de latex"
        ],
        "nombre": "Calle 22 # 32-81 Medicina legal Palmira",
        "tipo": "rescate",
        "verificado": false
      },
      "type": "Feature"
    },
    {
      "geometry": {
        "coordinates": [
          -76.2900217,
          4.155815
        ],
        "type": "Point"
      },
      "properties": {
        "barrio": "",
        "contacto": "",
        "departamento": "",
        "direccion": "Riofrio valle",
        "estado": "urgente",
        "fecha_corte": "2026-08-12T20:54:31Z",
        "fuente": "mapa-emergencia",
        "fuente_url": "https://mapa-emergencia.artefactofilms.workers.dev/#p=nhi8e92ye3hr",
        "id": "mapa-emergencia-9c401a727c",
        "municipio": "",
        "necesita": [
          "Agua",
          "Botiquín",
          "Carpas",
          "Colchonetas",
          "Comida",
          "Comida para animales",
          "Linternas",
          "Pañales"
        ],
        "nombre": "Riofrio valle",
        "tipo": "rescate",
        "verificado": false
      },
      "type": "Feature"
    },
    {
      "geometry": {
        "coordinates": [
          -76.54001895700681,
          3.4413077018519234
        ],
        "type": "Point"
      },
      "properties": {
        "barrio": "",
        "contacto": "3183130402",
        "departamento": "",
        "direccion": "Carrera 18 # 4a - 16",
        "estado": "urgente",
        "fecha_corte": "2026-08-12T20:54:31Z",
        "fuente": "mapa-emergencia",
        "fuente_url": "https://mapa-emergencia.artefactofilms.workers.dev/#p=gwwrjsbpq4yg",
        "id": "mapa-emergencia-9c81a20ed9",
        "municipio": "",
        "necesita": [
          "Agua",
          "Botiquín",
          "Comida",
          "Dentro de acopio para buenaventura",
          "Electrolitos"
        ],
        "nombre": "Carrera 18 # 4a - 16",
        "tipo": "rescate",
        "verificado": false
      },
      "type": "Feature"
    },
    {
      "geometry": {
        "coordinates": [
          -76.484595779532,
          3.4907691926037985
        ],
        "type": "Point"
      },
      "properties": {
        "barrio": "Calimio",
        "contacto": "Paty Muñoz - 3215644443",
        "departamento": "",
        "direccion": "Ramali casta comunal",
        "estado": "activo",
        "fecha_corte": "2026-08-12T20:54:31Z",
        "fuente": "mapa-emergencia",
        "fuente_url": "https://mapa-emergencia.artefactofilms.workers.dev/#p=dcdfdy3r9nre",
        "id": "mapa-emergencia-9cbf243075",
        "municipio": "",
        "necesita": [
          "Agua",
          "Carpas",
          "Colchonetas",
          "Comida",
          "Comida para animales",
          "Pañales"
        ],
        "nombre": "Ramali casta comunal",
        "tipo": "albergue",
        "verificado": false
      },
      "type": "Feature"
    },
    {
      "geometry": {
        "coordinates": [
          -76.54760229589785,
          3.397070946955346
        ],
        "type": "Point"
      },
      "properties": {
        "barrio": "",
        "contacto": "",
        "departamento": "",
        "direccion": "Carrera 67 # 3C-15",
        "estado": "urgente",
        "fecha_corte": "2026-08-12T20:54:31Z",
        "fuente": "mapa-emergencia",
        "fuente_url": "https://mapa-emergencia.artefactofilms.workers.dev/#p=22zrk6rbpe6x",
        "id": "mapa-emergencia-9ce46e7b6e",
        "municipio": "",
        "necesita": [
          "Agua",
          "Baldes",
          "Discos de pulidora",
          "Equipos de sutura",
          "Gafas de seguridad",
          "Gasas",
          "Guantes de obra",
          "Linternas",
          "Planta de energía",
          "Tapabocas",
          "Vendas",
          "cascos",
          "extenciones eléctricas"
        ],
        "nombre": "Carrera 67 # 3C-15",
        "tipo": "rescate",
        "verificado": false
      },
      "type": "Feature"
    },
    {
      "geometry": {
        "coordinates": [
          -76.2920241,
          3.9026857
        ],
        "type": "Point"
      },
      "properties": {
        "barrio": "",
        "contacto": "",
        "departamento": "",
        "direccion": "Puente tierra vía lobo guerrero",
        "estado": "urgente",
        "fecha_corte": "2026-08-12T20:54:31Z",
        "fuente": "mapa-emergencia",
        "fuente_url": "https://mapa-emergencia.artefactofilms.workers.dev/#p=8gc73u4vfgw8",
        "id": "mapa-emergencia-9ce9ed74a9",
        "municipio": "",
        "necesita": [
          "Agua",
          "Alimento",
          "Carpas",
          "Colchonetas",
          "Comida",
          "Comida para animales",
          "FÓRMULAS BEBÉ",
          "Gafas de seguridad",
          "Guantes de obra",
          "Linternas",
          "PAÑALES DE BEBÉ Y ADULTO",
          "Pañales",
          "ROPA DE BEBE",
          "Tapabocas"
        ],
        "nombre": "Puente tierra vía lobo guerrero",
        "tipo": "rescate",
        "verificado": false
      },
      "type": "Feature"
    },
    {
      "geometry": {
        "coordinates": [
          -76.54544900595458,
          3.3889096107055097
        ],
        "type": "Point"
      },
      "properties": {
        "barrio": "",
        "contacto": "",
        "departamento": "",
        "direccion": "Carrera 76 #4-30, Cali, valle",
        "estado": "urgente",
        "fecha_corte": "2026-08-12T20:54:31Z",
        "fuente": "mapa-emergencia",
        "fuente_url": "https://mapa-emergencia.artefactofilms.workers.dev/#p=wcnzuhv46ctx",
        "id": "mapa-emergencia-9d0814c1d1",
        "municipio": "",
        "necesita": [
          "Carpas"
        ],
        "nombre": "Laboratorio Departamental de Salud",
        "tipo": "rescate",
        "verificado": false
      },
      "type": "Feature"
    },
    {
      "geometry": {
        "coordinates": [
          -76.5450354,
          3.2545631
        ],
        "type": "Point"
      },
      "properties": {
        "barrio": "",
        "contacto": "",
        "departamento": "",
        "direccion": "Calle 2 a 93 a -176 Meléndez",
        "estado": "por-confirmar",
        "fecha_corte": "2026-08-12T20:54:31Z",
        "fuente": "mapa-emergencia",
        "fuente_url": "https://mapa-emergencia.artefactofilms.workers.dev/#p=768vkcmx8pf3",
        "id": "mapa-emergencia-9e01d18f0b",
        "municipio": "",
        "necesita": [],
        "nombre": "Calle 2 a 93 a -176 Meléndez",
        "tipo": "rescate",
        "verificado": false
      },
      "type": "Feature"
    },
    {
      "geometry": {
        "coordinates": [
          -76.57393455505373,
          3.3269005247809154
        ],
        "type": "Point"
      },
      "properties": {
        "barrio": "",
        "contacto": "",
        "departamento": "",
        "direccion": "Calle 15 con cra 23",
        "estado": "urgente",
        "fecha_corte": "2026-08-12T20:54:31Z",
        "fuente": "mapa-emergencia",
        "fuente_url": "https://mapa-emergencia.artefactofilms.workers.dev/#p=cdag6akx6qjk",
        "id": "mapa-emergencia-9e07217ccc",
        "municipio": "",
        "necesita": [],
        "nombre": "Calle 15 con cra 23",
        "tipo": "rescate",
        "verificado": false
      },
      "type": "Feature"
    },
    {
      "geometry": {
        "coordinates": [
          -76.53283039674879,
          3.3901085573021135
        ],
        "type": "Point"
      },
      "properties": {
        "barrio": "",
        "contacto": "",
        "departamento": "",
        "direccion": "Carrera 75 #13c91",
        "estado": "por-confirmar",
        "fecha_corte": "2026-08-12T20:54:31Z",
        "fuente": "mapa-emergencia",
        "fuente_url": "https://mapa-emergencia.artefactofilms.workers.dev/#p=gt7fks47dnaz",
        "id": "mapa-emergencia-9ec10c89f9",
        "municipio": "",
        "necesita": [],
        "nombre": "Carrera 75 #13c91",
        "tipo": "rescate",
        "verificado": false
      },
      "type": "Feature"
    },
    {
      "geometry": {
        "coordinates": [
          -76.54915125787505,
          3.4106386323514033
        ],
        "type": "Point"
      },
      "properties": {
        "barrio": "",
        "contacto": "",
        "departamento": "",
        "direccion": "Arena Cañaveralejo puerta 7",
        "estado": "urgente",
        "fecha_corte": "2026-08-12T20:54:31Z",
        "fuente": "mapa-emergencia",
        "fuente_url": "https://mapa-emergencia.artefactofilms.workers.dev/#p=tmunvi4uys39",
        "id": "mapa-emergencia-9f8433b3f6",
        "municipio": "",
        "necesita": [
          "Agua",
          "Botiquín",
          "Colchonetas",
          "Comida para animales",
          "Gafas de seguridad",
          "Guantes de obra",
          "Linternas",
          "Palas",
          "Pañales",
          "Picas",
          "Tapabocas"
        ],
        "nombre": "Arena Cañaveralejo puerta 7",
        "tipo": "rescate",
        "verificado": false
      },
      "type": "Feature"
    },
    {
      "geometry": {
        "coordinates": [
          -76.54715538024904,
          3.422189457534783
        ],
        "type": "Point"
      },
      "properties": {
        "barrio": "El Lido",
        "contacto": "",
        "departamento": "",
        "direccion": "Calle 5 Carrera 42",
        "estado": "urgente",
        "fecha_corte": "2026-08-12T20:54:31Z",
        "fuente": "mapa-emergencia",
        "fuente_url": "https://mapa-emergencia.artefactofilms.workers.dev/#p=k7s7ss7d7r5e",
        "id": "mapa-emergencia-9fc88e4b87",
        "municipio": "",
        "necesita": [
          "Barras de demolición",
          "Guantes de obra",
          "Linternas",
          "Picas"
        ],
        "nombre": "Edificio en calle 5ta con 42",
        "tipo": "rescate",
        "verificado": false
      },
      "type": "Feature"
    },
    {
      "geometry": {
        "coordinates": [
          -76.5542256832123,
          3.454799950206571
        ],
        "type": "Point"
      },
      "properties": {
        "barrio": "",
        "contacto": "",
        "departamento": "",
        "direccion": "Calle 6 oeste #6-74 villa del mar",
        "estado": "cubierto",
        "fecha_corte": "2026-08-12T20:54:31Z",
        "fuente": "mapa-emergencia",
        "fuente_url": "https://mapa-emergencia.artefactofilms.workers.dev/#p=5242fm3v6zjn",
        "id": "mapa-emergencia-9fd00627a3",
        "municipio": "",
        "necesita": [
          "Agua",
          "Carpas",
          "Colchonetas",
          "Comida",
          "Guantes de obra",
          "Linternas",
          "Pañales",
          "Voluntarios"
        ],
        "nombre": "Calle 6 oeste #6-74 villa del mar",
        "tipo": "rescate",
        "verificado": false
      },
      "type": "Feature"
    },
    {
      "geometry": {
        "coordinates": [
          -76.23165160417557,
          3.9952846184406487
        ],
        "type": "Point"
      },
      "properties": {
        "barrio": "",
        "contacto": "",
        "departamento": "",
        "direccion": "Calle 3 #5-55",
        "estado": "urgente",
        "fecha_corte": "2026-08-12T20:54:31Z",
        "fuente": "mapa-emergencia",
        "fuente_url": "https://mapa-emergencia.artefactofilms.workers.dev/#p=tffdbp6rnrsa",
        "id": "mapa-emergencia-a0adad2369",
        "municipio": "",
        "necesita": [
          "Agua",
          "Botiquín",
          "Colchonetas",
          "Comida",
          "Comida para animales",
          "Electrolitos",
          "Pañales"
        ],
        "nombre": "San Pedro",
        "tipo": "rescate",
        "verificado": false
      },
      "type": "Feature"
    },
    {
      "geometry": {
        "coordinates": [
          -76.4744762,
          3.4385276
        ],
        "type": "Point"
      },
      "properties": {
        "barrio": "",
        "contacto": "",
        "departamento": "",
        "direccion": "Calle 79a # 23-90",
        "estado": "urgente",
        "fecha_corte": "2026-08-12T20:54:31Z",
        "fuente": "mapa-emergencia",
        "fuente_url": "https://mapa-emergencia.artefactofilms.workers.dev/#p=iqgu5v8cvp28",
        "id": "mapa-emergencia-a10c62cb06",
        "municipio": "",
        "necesita": [],
        "nombre": "Calle 79a # 23-90",
        "tipo": "rescate",
        "verificado": false
      },
      "type": "Feature"
    },
    {
      "geometry": {
        "coordinates": [
          -76.463213,
          3.4251721
        ],
        "type": "Point"
      },
      "properties": {
        "barrio": "",
        "contacto": "",
        "departamento": "",
        "direccion": "Desepaz",
        "estado": "urgente",
        "fecha_corte": "2026-08-12T20:54:31Z",
        "fuente": "mapa-emergencia",
        "fuente_url": "https://mapa-emergencia.artefactofilms.workers.dev/#p=cs8rbwbpiqvy",
        "id": "mapa-emergencia-a26478dac2",
        "municipio": "",
        "necesita": [
          "Botiquín",
          "Cintas de seguridad",
          "Comida",
          "Comida para animales",
          "Implementos de higiene personal",
          "Pañales",
          "Seguetas"
        ],
        "nombre": "Desepaz",
        "tipo": "rescate",
        "verificado": false
      },
      "type": "Feature"
    },
    {
      "geometry": {
        "coordinates": [
          -76.54817819595338,
          3.407142205098006
        ],
        "type": "Point"
      },
      "properties": {
        "barrio": "Cuarto de legua",
        "contacto": "Mario Lozada / Ambuila · 316 2506992",
        "departamento": "",
        "direccion": "Carrera 57 # 3-88",
        "estado": "urgente",
        "fecha_corte": "2026-08-12T20:54:31Z",
        "fuente": "mapa-emergencia",
        "fuente_url": "https://mapa-emergencia.artefactofilms.workers.dev/#p=us2bf6fx",
        "id": "mapa-emergencia-a2c9ffa079",
        "municipio": "",
        "necesita": [
          "Bidones para Gasolina",
          "Gasolina",
          "Hielo seco",
          "Hielo seco y hielo normal",
          "Linternas",
          "Marcadores indelebles",
          "cascos",
          "hielo normal"
        ],
        "nombre": "Edificio Ana del Pilar (Cuarto de Legua)",
        "tipo": "rescate",
        "verificado": false
      },
      "type": "Feature"
    },
    {
      "geometry": {
        "coordinates": [
          -76.52137130498886,
          3.383419323650701
        ],
        "type": "Point"
      },
      "properties": {
        "barrio": "",
        "contacto": "",
        "departamento": "",
        "direccion": "Cra 83c #38-10 casa 28 conjunto R ciudadela confandi",
        "estado": "activo",
        "fecha_corte": "2026-08-12T20:54:31Z",
        "fuente": "mapa-emergencia",
        "fuente_url": "https://mapa-emergencia.artefactofilms.workers.dev/#p=ab2ds565qkuq",
        "id": "mapa-emergencia-a2dda35eca",
        "municipio": "",
        "necesita": [
          "AINES",
          "Agua",
          "Antibióticos orales y endovenosos",
          "Botiquín",
          "Carpas",
          "Comida",
          "Linternas",
          "Tapabocas",
          "a pósitos estériles",
          "alimentos no perecederos",
          "dipirona",
          "lidocaina",
          "vendajes"
        ],
        "nombre": "Cra 83c #38-10 casa 28 conjunto R ciudadela confandi",
        "tipo": "acopio",
        "verificado": false
      },
      "type": "Feature"
    },
    {
      "geometry": {
        "coordinates": [
          -76.5433978359215,
          3.3926080659187385
        ],
        "type": "Point"
      },
      "properties": {
        "barrio": "Limonar",
        "contacto": "Maria Paula Hernandez 3147874022",
        "departamento": "Valle del Cauca",
        "direccion": "Calle 5 con 72",
        "estado": "urgente",
        "fecha_corte": "2026-08-12T20:54:31Z",
        "fuente": "mapa-emergencia",
        "fuente_url": "https://mapa-emergencia.artefactofilms.workers.dev/#p=u4fj9yhr",
        "id": "mapa-emergencia-a3d3b3369d",
        "municipio": "",
        "necesita": [
          "Rescate de personas atrapadas",
          "aerosoles",
          "camillas",
          "linternas con duración larga de batería",
          "láser",
          "pilas"
        ],
        "nombre": "Torres de Limonar",
        "tipo": "rescate",
        "verificado": false
      },
      "type": "Feature"
    },
    {
      "geometry": {
        "coordinates": [
          -76.4936767,
          3.4253077
        ],
        "type": "Point"
      },
      "properties": {
        "barrio": "",
        "contacto": "",
        "departamento": "",
        "direccion": "Notaria 20",
        "estado": "urgente",
        "fecha_corte": "2026-08-12T20:54:31Z",
        "fuente": "mapa-emergencia",
        "fuente_url": "https://mapa-emergencia.artefactofilms.workers.dev/#p=9ephzemt7qsf",
        "id": "mapa-emergencia-a4fa33aad2",
        "municipio": "",
        "necesita": [],
        "nombre": "Notaria 20",
        "tipo": "rescate",
        "verificado": false
      },
      "type": "Feature"
    },
    {
      "geometry": {
        "coordinates": [
          -76.6464906,
          3.6012231
        ],
        "type": "Point"
      },
      "properties": {
        "barrio": "",
        "contacto": "",
        "departamento": "",
        "direccion": "El Palmar dagua",
        "estado": "urgente",
        "fecha_corte": "2026-08-12T20:54:31Z",
        "fuente": "mapa-emergencia",
        "fuente_url": "https://mapa-emergencia.artefactofilms.workers.dev/#p=3zyb78h2sxzf",
        "id": "mapa-emergencia-a56d89b477",
        "municipio": "",
        "necesita": [
          "Agua",
          "Botiquín",
          "Cintas de seguridad",
          "Comida",
          "Electrolitos",
          "Gafas de seguridad",
          "Guantes de obra",
          "Linternas",
          "MAQUINARIA AMARILLA",
          "Palas",
          "Picas",
          "Tapabocas",
          "Voluntarios"
        ],
        "nombre": "El Palmar dagua",
        "tipo": "rescate",
        "verificado": false
      },
      "type": "Feature"
    },
    {
      "geometry": {
        "coordinates": [
          -76.38187408447266,
          3.9844783245793747
        ],
        "type": "Point"
      },
      "properties": {
        "barrio": "",
        "contacto": "",
        "departamento": "",
        "direccion": "Miravalle, Yotoco",
        "estado": "urgente",
        "fecha_corte": "2026-08-12T20:54:31Z",
        "fuente": "mapa-emergencia",
        "fuente_url": "https://mapa-emergencia.artefactofilms.workers.dev/#p=tznrabygzv4z",
        "id": "mapa-emergencia-a5bd2dea9f",
        "municipio": "",
        "necesita": [
          "Carpas",
          "Colchonetas",
          "Comida",
          "Costales"
        ],
        "nombre": "Miravalle, Yotoco",
        "tipo": "rescate",
        "verificado": false
      },
      "type": "Feature"
    },
    {
      "geometry": {
        "coordinates": [
          -76.5523514,
          3.3782049
        ],
        "type": "Point"
      },
      "properties": {
        "barrio": "",
        "contacto": "",
        "departamento": "",
        "direccion": "Cra 92 #2a-65",
        "estado": "por-confirmar",
        "fecha_corte": "2026-08-12T20:54:31Z",
        "fuente": "mapa-emergencia",
        "fuente_url": "https://mapa-emergencia.artefactofilms.workers.dev/#p=2caq82965495",
        "id": "mapa-emergencia-a630e414e0",
        "municipio": "",
        "necesita": [
          "Colchonetas",
          "Linternas",
          "Pañales"
        ],
        "nombre": "Cra 92 #2a-65",
        "tipo": "rescate",
        "verificado": false
      },
      "type": "Feature"
    },
    {
      "geometry": {
        "coordinates": [
          -76.486634,
          3.429622
        ],
        "type": "Point"
      },
      "properties": {
        "barrio": "",
        "contacto": "",
        "departamento": "",
        "direccion": "Los lagos",
        "estado": "urgente",
        "fecha_corte": "2026-08-12T20:54:31Z",
        "fuente": "mapa-emergencia",
        "fuente_url": "https://mapa-emergencia.artefactofilms.workers.dev/#p=6y6377w4f78p",
        "id": "mapa-emergencia-a69e400885",
        "municipio": "",
        "necesita": [
          "Comida"
        ],
        "nombre": "Los lagos",
        "tipo": "rescate",
        "verificado": false
      },
      "type": "Feature"
    },
    {
      "geometry": {
        "coordinates": [
          -76.54965116726606,
          3.4006413717092068
        ],
        "type": "Point"
      },
      "properties": {
        "barrio": "",
        "contacto": "3174393566",
        "departamento": "",
        "direccion": "calle 2a #64-01 Edificio Diana Carolina",
        "estado": "activo",
        "fecha_corte": "2026-08-12T20:54:31Z",
        "fuente": "mapa-emergencia",
        "fuente_url": "https://mapa-emergencia.artefactofilms.workers.dev/#p=8226cw8xw6mf",
        "id": "mapa-emergencia-a6a0b2d2bf",
        "municipio": "",
        "necesita": [
          "Revisión estructural de la edificación. Edificios desalojados",
          "Voluntarios"
        ],
        "nombre": "calle 2a #64-01 Edificio Diana Carolina",
        "tipo": "otro",
        "verificado": false
      },
      "type": "Feature"
    },
    {
      "geometry": {
        "coordinates": [
          -76.5085992,
          3.3926144
        ],
        "type": "Point"
      },
      "properties": {
        "barrio": "",
        "contacto": "",
        "departamento": "",
        "direccion": "",
        "estado": "descartado",
        "fecha_corte": "2026-08-12T20:54:31Z",
        "fuente": "mapa-emergencia",
        "fuente_url": "https://mapa-emergencia.artefactofilms.workers.dev/#p=zf8568ip72ei",
        "id": "mapa-emergencia-a6ec80a14e",
        "municipio": "",
        "necesita": [],
        "nombre": "Calle 56d 48b 78",
        "tipo": "otro",
        "verificado": false
      },
      "type": "Feature"
    },
    {
      "geometry": {
        "coordinates": [
          -75.61230480670474,
          6.168731654113047
        ],
        "type": "Point"
      },
      "properties": {
        "barrio": "",
        "contacto": "",
        "departamento": "",
        "direccion": "Club rotario Itagüí",
        "estado": "urgente",
        "fecha_corte": "2026-08-12T20:54:31Z",
        "fuente": "mapa-emergencia",
        "fuente_url": "https://mapa-emergencia.artefactofilms.workers.dev/#p=h7t3cnjtza43",
        "id": "mapa-emergencia-a74a1fb9c9",
        "municipio": "",
        "necesita": [
          "Agua",
          "Baldes",
          "Barras de demolición",
          "Botiquín",
          "Cinceles",
          "Cintas de seguridad",
          "Comida",
          "Costales",
          "Discos de pulidora",
          "Electrolitos",
          "Gafas de seguridad",
          "Guantes de obra",
          "Linternas",
          "Palas",
          "Percutores",
          "Picas",
          "Porras",
          "Seguetas",
          "Tapabocas",
          "Tapers"
        ],
        "nombre": "Club rotario Itagüí",
        "tipo": "rescate",
        "verificado": false
      },
      "type": "Feature"
    },
    {
      "geometry": {
        "coordinates": [
          -76.4762984,
          3.4247917
        ],
        "type": "Point"
      },
      "properties": {
        "barrio": "",
        "contacto": "",
        "departamento": "",
        "direccion": "Mentiras",
        "estado": "descartado",
        "fecha_corte": "2026-08-12T20:54:31Z",
        "fuente": "mapa-emergencia",
        "fuente_url": "https://mapa-emergencia.artefactofilms.workers.dev/#p=if3rvt6ifgv4",
        "id": "mapa-emergencia-a7d54f3533",
        "municipio": "",
        "necesita": [
          "Agua",
          "Baldes",
          "Cinceles",
          "Cintas de seguridad",
          "Comida",
          "Comida para animales",
          "Costales",
          "Discos de pulidora",
          "Electrolitos",
          "Gafas de seguridad",
          "Linternas",
          "Palas",
          "Percutores",
          "Picas",
          "Porras",
          "Seguetas"
        ],
        "nombre": "Mentiras",
        "tipo": "otro",
        "verificado": false
      },
      "type": "Feature"
    },
    {
      "geometry": {
        "coordinates": [
          -76.49552379674316,
          3.4663610854491114
        ],
        "type": "Point"
      },
      "properties": {
        "barrio": "",
        "contacto": "comida",
        "departamento": "",
        "direccion": "CARRERA 7P #76-46",
        "estado": "por-confirmar",
        "fecha_corte": "2026-08-12T20:54:31Z",
        "fuente": "mapa-emergencia",
        "fuente_url": "https://mapa-emergencia.artefactofilms.workers.dev/#p=sxz3w2k8gird",
        "id": "mapa-emergencia-a82f8548ab",
        "municipio": "",
        "necesita": [
          "Agua"
        ],
        "nombre": "CARRERA 7P #76-46",
        "tipo": "rescate",
        "verificado": false
      },
      "type": "Feature"
    },
    {
      "geometry": {
        "coordinates": [
          -76.54786045371307,
          3.4054202687235526
        ],
        "type": "Point"
      },
      "properties": {
        "barrio": "",
        "contacto": "",
        "departamento": "",
        "direccion": "Restaurante casentino",
        "estado": "urgente",
        "fecha_corte": "2026-08-12T20:54:31Z",
        "fuente": "mapa-emergencia",
        "fuente_url": "https://mapa-emergencia.artefactofilms.workers.dev/#p=5m5y77uzxg8s",
        "id": "mapa-emergencia-a846610b2d",
        "municipio": "",
        "necesita": [
          "Agua",
          "Barras de demolición",
          "Comida",
          "Discos de pulidora",
          "Gafas de seguridad",
          "Guantes de obra",
          "Linternas",
          "Necesitamos todo",
          "Palas",
          "Percutores",
          "Picas",
          "Porras",
          "Tapabocas",
          "Voluntarios",
          "edificación caída y no hay rescatistas ni ayuda"
        ],
        "nombre": "Restaurante casentino",
        "tipo": "rescate",
        "verificado": false
      },
      "type": "Feature"
    },
    {
      "geometry": {
        "coordinates": [
          -76.53333664005915,
          3.42636788728359
        ],
        "type": "Point"
      },
      "properties": {
        "barrio": "",
        "contacto": "",
        "departamento": "",
        "direccion": "Hostal La Curva 2Km Via al Dovio Valle",
        "estado": "urgente",
        "fecha_corte": "2026-08-12T20:54:31Z",
        "fuente": "mapa-emergencia",
        "fuente_url": "https://mapa-emergencia.artefactofilms.workers.dev/#p=yhseqv2v2c9i",
        "id": "mapa-emergencia-a882666837",
        "municipio": "",
        "necesita": [],
        "nombre": "Hostal La Curva 2Km Via al Dovio Valle",
        "tipo": "rescate",
        "verificado": false
      },
      "type": "Feature"
    },
    {
      "geometry": {
        "coordinates": [
          -77.0738324,
          3.8881929
        ],
        "type": "Point"
      },
      "properties": {
        "barrio": "",
        "contacto": "",
        "departamento": "",
        "direccion": "Buenaventura",
        "estado": "urgente",
        "fecha_corte": "2026-08-12T20:54:31Z",
        "fuente": "mapa-emergencia",
        "fuente_url": "https://mapa-emergencia.artefactofilms.workers.dev/#p=8mhndaykatbh",
        "id": "mapa-emergencia-a8e74dc565",
        "municipio": "",
        "necesita": [
          "Agua",
          "Baldes",
          "Barras de demolición",
          "Botiquín",
          "Carpas",
          "Comida",
          "Costales",
          "Gafas de seguridad",
          "Guantes de obra",
          "Linternas",
          "Palas",
          "Pañales",
          "Picas",
          "Tapabocas"
        ],
        "nombre": "Universidad del Pacífico",
        "tipo": "rescate",
        "verificado": false
      },
      "type": "Feature"
    },
    {
      "geometry": {
        "coordinates": [
          -76.49422645568848,
          3.4198226099755673
        ],
        "type": "Point"
      },
      "properties": {
        "barrio": "",
        "contacto": "",
        "departamento": "",
        "direccion": "Carlos Holmes",
        "estado": "cubierto",
        "fecha_corte": "2026-08-12T20:54:31Z",
        "fuente": "mapa-emergencia",
        "fuente_url": "https://mapa-emergencia.artefactofilms.workers.dev/#p=2mtqc2agefqz",
        "id": "mapa-emergencia-a93908e72e",
        "municipio": "",
        "necesita": [],
        "nombre": "Carlos Holmes",
        "tipo": "rescate",
        "verificado": false
      },
      "type": "Feature"
    },
    {
      "geometry": {
        "coordinates": [
          -76.53196334838869,
          3.4516513996157965
        ],
        "type": "Point"
      },
      "properties": {
        "barrio": "",
        "contacto": "",
        "departamento": "",
        "direccion": "Cra 92 #2 A-65",
        "estado": "urgente",
        "fecha_corte": "2026-08-12T20:54:31Z",
        "fuente": "mapa-emergencia",
        "fuente_url": "https://mapa-emergencia.artefactofilms.workers.dev/#p=6k7s3rzcq65q",
        "id": "mapa-emergencia-aa9e7e240f",
        "municipio": "",
        "necesita": [
          "Enalapril. Losartán",
          "Linternas",
          "Palas",
          "Picas",
          "Voluntarios"
        ],
        "nombre": "Cra 92 #2 A-65",
        "tipo": "rescate",
        "verificado": false
      },
      "type": "Feature"
    },
    {
      "geometry": {
        "coordinates": [
          -76.5464472770691,
          3.4063979446051675
        ],
        "type": "Point"
      },
      "properties": {
        "barrio": "Camino Real",
        "contacto": "Ana Lozano",
        "departamento": "",
        "direccion": "Carrera 59A # 5 - 41",
        "estado": "urgente",
        "fecha_corte": "2026-08-12T20:54:31Z",
        "fuente": "mapa-emergencia",
        "fuente_url": "https://mapa-emergencia.artefactofilms.workers.dev/#p=bnizizxiwr36",
        "id": "mapa-emergencia-abeecb2b4c",
        "municipio": "",
        "necesita": [
          "Inspección para valorar el estado del edificio de 6 pisos que tiene muchas grietas afuera y al interior."
        ],
        "nombre": "Carrera 59A # 5 - 41",
        "tipo": "rescate",
        "verificado": false
      },
      "type": "Feature"
    },
    {
      "geometry": {
        "coordinates": [
          -76.54887309662095,
          3.4091288004957767
        ],
        "type": "Point"
      },
      "properties": {
        "barrio": "",
        "contacto": "",
        "departamento": "",
        "direccion": "Calle 5 con carrera 56",
        "estado": "urgente",
        "fecha_corte": "2026-08-12T20:54:31Z",
        "fuente": "mapa-emergencia",
        "fuente_url": "https://mapa-emergencia.artefactofilms.workers.dev/#p=9ih8kaw2ue3g",
        "id": "mapa-emergencia-ac1db8e25d",
        "municipio": "",
        "necesita": [],
        "nombre": "Calle 5 con carrera 56",
        "tipo": "rescate",
        "verificado": false
      },
      "type": "Feature"
    },
    {
      "geometry": {
        "coordinates": [
          -76.51416778564456,
          3.39090590230808
        ],
        "type": "Point"
      },
      "properties": {
        "barrio": "",
        "contacto": "",
        "departamento": "",
        "direccion": "",
        "estado": "descartado",
        "fecha_corte": "2026-08-12T20:54:31Z",
        "fuente": "mapa-emergencia",
        "fuente_url": "https://mapa-emergencia.artefactofilms.workers.dev/#p=7ijqu2ycq9ec",
        "id": "mapa-emergencia-ac8ad71b16",
        "municipio": "",
        "necesita": [],
        "nombre": "Cra 43a # 55c 18 morichal",
        "tipo": "otro",
        "verificado": false
      },
      "type": "Feature"
    },
    {
      "geometry": {
        "coordinates": [
          -76.53065319479333,
          3.4172139045956462
        ],
        "type": "Point"
      },
      "properties": {
        "barrio": "",
        "contacto": "",
        "departamento": "",
        "direccion": "Calle 12b #39-39 Alhambra D",
        "estado": "por-confirmar",
        "fecha_corte": "2026-08-12T20:54:31Z",
        "fuente": "mapa-emergencia",
        "fuente_url": "https://mapa-emergencia.artefactofilms.workers.dev/#p=npqwjstw2b8y",
        "id": "mapa-emergencia-ae3a461b7a",
        "municipio": "",
        "necesita": [
          "Revisión del edificio"
        ],
        "nombre": "Calle 12b #39-39 Alhambra D",
        "tipo": "rescate",
        "verificado": false
      },
      "type": "Feature"
    },
    {
      "geometry": {
        "coordinates": [
          -76.53135176199498,
          3.40905098302541
        ],
        "type": "Point"
      },
      "properties": {
        "barrio": "",
        "contacto": "",
        "departamento": "",
        "direccion": "Cll. 13c no. 49-15",
        "estado": "activo",
        "fecha_corte": "2026-08-12T20:54:31Z",
        "fuente": "mapa-emergencia",
        "fuente_url": "https://mapa-emergencia.artefactofilms.workers.dev/#p=e4gqhbf8i9ak",
        "id": "mapa-emergencia-ae74482ae6",
        "municipio": "",
        "necesita": [],
        "nombre": "Cll. 13c no. 49-15",
        "tipo": "acopio",
        "verificado": false
      },
      "type": "Feature"
    },
    {
      "geometry": {
        "coordinates": [
          -76.5192523,
          3.2463884
        ],
        "type": "Point"
      },
      "properties": {
        "barrio": "",
        "contacto": "",
        "departamento": "",
        "direccion": "Río Cauca Valle grande",
        "estado": "urgente",
        "fecha_corte": "2026-08-12T20:54:31Z",
        "fuente": "mapa-emergencia",
        "fuente_url": "https://mapa-emergencia.artefactofilms.workers.dev/#p=mvg2q8ampmcx",
        "id": "mapa-emergencia-aee531f135",
        "municipio": "",
        "necesita": [
          "Colchonetas",
          "Comida",
          "Comida para animales",
          "Pañales"
        ],
        "nombre": "Río Cauca Valle grande",
        "tipo": "rescate",
        "verificado": false
      },
      "type": "Feature"
    },
    {
      "geometry": {
        "coordinates": [
          -76.47157827820566,
          5.185576434999106
        ],
        "type": "Point"
      },
      "properties": {
        "barrio": "",
        "contacto": "",
        "departamento": "",
        "direccion": "Río Iró",
        "estado": "urgente",
        "fecha_corte": "2026-08-12T20:54:31Z",
        "fuente": "mapa-emergencia",
        "fuente_url": "https://mapa-emergencia.artefactofilms.workers.dev/#p=srtwptspmesh",
        "id": "mapa-emergencia-aef9b51038",
        "municipio": "",
        "necesita": [
          "Cintas de seguridad",
          "Colchonetas",
          "Linternas"
        ],
        "nombre": "Río Iró",
        "tipo": "rescate",
        "verificado": false
      },
      "type": "Feature"
    },
    {
      "geometry": {
        "coordinates": [
          -76.38995647430421,
          3.1327837209935496
        ],
        "type": "Point"
      },
      "properties": {
        "barrio": "",
        "contacto": "",
        "departamento": "",
        "direccion": "Carrera 5 calle 5 #4-47 Guachene",
        "estado": "por-confirmar",
        "fecha_corte": "2026-08-12T20:54:31Z",
        "fuente": "mapa-emergencia",
        "fuente_url": "https://mapa-emergencia.artefactofilms.workers.dev/#p=3w9cesv6dd5g",
        "id": "mapa-emergencia-af1daae54a",
        "municipio": "",
        "necesita": [
          "3183682587",
          "Deylin Aponza Guaza 3174219573"
        ],
        "nombre": "Carrera 5 calle 5 #4-47 Guachene",
        "tipo": "rescate",
        "verificado": false
      },
      "type": "Feature"
    },
    {
      "geometry": {
        "coordinates": [
          -76.48666852953642,
          3.4269665928418482
        ],
        "type": "Point"
      },
      "properties": {
        "barrio": "",
        "contacto": "",
        "departamento": "",
        "direccion": "",
        "estado": "por-confirmar",
        "fecha_corte": "2026-08-12T20:54:31Z",
        "fuente": "mapa-emergencia",
        "fuente_url": "https://mapa-emergencia.artefactofilms.workers.dev/#p=fzjibvfz73ed",
        "id": "mapa-emergencia-b166c00414",
        "municipio": "",
        "necesita": [],
        "nombre": "ivan Dario",
        "tipo": "rescate",
        "verificado": false
      },
      "type": "Feature"
    },
    {
      "geometry": {
        "coordinates": [
          -76.54996943484093,
          3.3976525164508566
        ],
        "type": "Point"
      },
      "properties": {
        "barrio": "",
        "contacto": "",
        "departamento": "",
        "direccion": "Calle 3 #66-34 Edificio Vizcaya",
        "estado": "urgente",
        "fecha_corte": "2026-08-12T20:54:31Z",
        "fuente": "mapa-emergencia",
        "fuente_url": "https://mapa-emergencia.artefactofilms.workers.dev/#p=bh23hd67imtj",
        "id": "mapa-emergencia-b175fd2768",
        "municipio": "",
        "necesita": [
          "TENER PRECAUCIÓN"
        ],
        "nombre": "Calle 3 #66-34 EDIFICIO RIESGO DE COLAPSO",
        "tipo": "otro",
        "verificado": false
      },
      "type": "Feature"
    },
    {
      "geometry": {
        "coordinates": [
          -76.490238904953,
          3.4211291962286867
        ],
        "type": "Point"
      },
      "properties": {
        "barrio": "",
        "contacto": "Jhon Caicedo / Ximena · 312 7937130",
        "departamento": "",
        "direccion": "Carrera 28D #72W-14, segundo piso",
        "estado": "urgente",
        "fecha_corte": "2026-08-12T20:54:31Z",
        "fuente": "mapa-emergencia",
        "fuente_url": "https://mapa-emergencia.artefactofilms.workers.dev/#p=2stwa2u7",
        "id": "mapa-emergencia-b1a37b2a2d",
        "municipio": "",
        "necesita": [
          "Agua",
          "Baldes",
          "Barras de demolición",
          "Botiquín",
          "Cintas de seguridad",
          "Discos de pulidora",
          "Gafas de seguridad",
          "Linternas",
          "Palas",
          "Percutores",
          "Picas",
          "Porras",
          "Pulidoras con operadores",
          "Tapabocas",
          "VOLQUETAS",
          "Voluntarios"
        ],
        "nombre": "Notaría 20 — Poblado II",
        "tipo": "olla",
        "verificado": false
      },
      "type": "Feature"
    },
    {
      "geometry": {
        "coordinates": [
          -76.49017453193666,
          3.4205776456915125
        ],
        "type": "Point"
      },
      "properties": {
        "barrio": "",
        "contacto": "",
        "departamento": "",
        "direccion": "Diagonal 109 26g3 22-72",
        "estado": "por-confirmar",
        "fecha_corte": "2026-08-12T20:54:31Z",
        "fuente": "mapa-emergencia",
        "fuente_url": "https://mapa-emergencia.artefactofilms.workers.dev/#p=dwgn2sgrem6b",
        "id": "mapa-emergencia-b21366b94e",
        "municipio": "",
        "necesita": [
          "Baldes",
          "Barras de demolición",
          "Botiquín",
          "Cintas de seguridad",
          "Costales",
          "Discos de pulidora",
          "Gafas de seguridad",
          "Guantes de obra",
          "Linternas",
          "Palas",
          "Picas",
          "Porras",
          "Tapabocas",
          "Voluntarios"
        ],
        "nombre": "Diagonal 109 26g3 22-72",
        "tipo": "rescate",
        "verificado": false
      },
      "type": "Feature"
    },
    {
      "geometry": {
        "coordinates": [
          -77.0200653,
          3.880601
        ],
        "type": "Point"
      },
      "properties": {
        "barrio": "",
        "contacto": "",
        "departamento": "",
        "direccion": "Clínica santa Sofía Buenaventura",
        "estado": "urgente",
        "fecha_corte": "2026-08-12T20:54:31Z",
        "fuente": "mapa-emergencia",
        "fuente_url": "https://mapa-emergencia.artefactofilms.workers.dev/#p=ptfzxqig45dt",
        "id": "mapa-emergencia-b221666baf",
        "municipio": "",
        "necesita": [
          "Agua",
          "Colchonetas",
          "Comida",
          "Linternas",
          "Pañales",
          "Tapabocas",
          "Voluntarios"
        ],
        "nombre": "Clínica santa Sofía Buenaventura",
        "tipo": "rescate",
        "verificado": false
      },
      "type": "Feature"
    },
    {
      "geometry": {
        "coordinates": [
          -76.4659619,
          3.4311877
        ],
        "type": "Point"
      },
      "properties": {
        "barrio": "",
        "contacto": "",
        "departamento": "",
        "direccion": "",
        "estado": "urgente",
        "fecha_corte": "2026-08-12T20:54:31Z",
        "fuente": "mapa-emergencia",
        "fuente_url": "https://mapa-emergencia.artefactofilms.workers.dev/#p=p7aq56fy6c8g",
        "id": "mapa-emergencia-b22b6c9341",
        "municipio": "",
        "necesita": [],
        "nombre": "Carrera 23B#102D-11",
        "tipo": "rescate",
        "verificado": false
      },
      "type": "Feature"
    },
    {
      "geometry": {
        "coordinates": [
          -77.0738324,
          3.8881929
        ],
        "type": "Point"
      },
      "properties": {
        "barrio": "",
        "contacto": "",
        "departamento": "",
        "direccion": "Buenaventura",
        "estado": "por-confirmar",
        "fecha_corte": "2026-08-12T20:54:31Z",
        "fuente": "mapa-emergencia",
        "fuente_url": "https://mapa-emergencia.artefactofilms.workers.dev/#p=8e262ne2v7v3",
        "id": "mapa-emergencia-b2348dd58d",
        "municipio": "",
        "necesita": [
          "Agua",
          "Botiquín",
          "Carpas",
          "Cinceles",
          "Comida",
          "Gafas de seguridad",
          "Guantes de obra",
          "Informan que no logran ingresar a Buenaventura",
          "Linternas",
          "Palas",
          "Picas",
          "Tapers",
          "Voluntarios",
          "no hay gente ayudando son muy poco"
        ],
        "nombre": "Avioneta urgente!!!",
        "tipo": "rescate",
        "verificado": false
      },
      "type": "Feature"
    },
    {
      "geometry": {
        "coordinates": [
          -76.5290385,
          3.450082
        ],
        "type": "Point"
      },
      "properties": {
        "barrio": "",
        "contacto": "",
        "departamento": "",
        "direccion": "Calle14",
        "estado": "urgente",
        "fecha_corte": "2026-08-12T20:54:31Z",
        "fuente": "mapa-emergencia",
        "fuente_url": "https://mapa-emergencia.artefactofilms.workers.dev/#p=ks3cju5x6gip",
        "id": "mapa-emergencia-b2569e6853",
        "municipio": "",
        "necesita": [],
        "nombre": "Calle14",
        "tipo": "rescate",
        "verificado": false
      },
      "type": "Feature"
    },
    {
      "geometry": {
        "coordinates": [
          -75.7348289400653,
          4.799396539963939
        ],
        "type": "Point"
      },
      "properties": {
        "barrio": "",
        "contacto": "",
        "departamento": "",
        "direccion": "Crra 30a casa 28 el acuairo",
        "estado": "por-confirmar",
        "fecha_corte": "2026-08-12T20:54:31Z",
        "fuente": "mapa-emergencia",
        "fuente_url": "https://mapa-emergencia.artefactofilms.workers.dev/#p=qvh3v59vvyke",
        "id": "mapa-emergencia-b299d0d8db",
        "municipio": "",
        "necesita": [],
        "nombre": "Crra 30a casa 28 el acuairo",
        "tipo": "rescate",
        "verificado": false
      },
      "type": "Feature"
    },
    {
      "geometry": {
        "coordinates": [
          -76.50849,
          3.4536596
        ],
        "type": "Point"
      },
      "properties": {
        "barrio": "",
        "contacto": "",
        "departamento": "",
        "direccion": "Cra 8 44 16 cali",
        "estado": "urgente",
        "fecha_corte": "2026-08-12T20:54:31Z",
        "fuente": "mapa-emergencia",
        "fuente_url": "https://mapa-emergencia.artefactofilms.workers.dev/#p=jd6jxxyukup2",
        "id": "mapa-emergencia-b343169952",
        "municipio": "",
        "necesita": [],
        "nombre": "Cra 8 44 16 cali",
        "tipo": "rescate",
        "verificado": false
      },
      "type": "Feature"
    },
    {
      "geometry": {
        "coordinates": [
          -76.4694899,
          3.4568745
        ],
        "type": "Point"
      },
      "properties": {
        "barrio": "",
        "contacto": "",
        "departamento": "",
        "direccion": "Calle 97#16-02 ciudad del campo",
        "estado": "por-confirmar",
        "fecha_corte": "2026-08-12T20:54:31Z",
        "fuente": "mapa-emergencia",
        "fuente_url": "https://mapa-emergencia.artefactofilms.workers.dev/#p=fu2y8xspa8sv",
        "id": "mapa-emergencia-b38a65277e",
        "municipio": "",
        "necesita": [],
        "nombre": "Calle 97#16-02 ciudad del campo",
        "tipo": "rescate",
        "verificado": false
      },
      "type": "Feature"
    },
    {
      "geometry": {
        "coordinates": [
          -76.5358967,
          3.3281235
        ],
        "type": "Point"
      },
      "properties": {
        "barrio": "",
        "contacto": "",
        "departamento": "",
        "direccion": "Caminos de la Mari a",
        "estado": "urgente",
        "fecha_corte": "2026-08-12T20:54:31Z",
        "fuente": "mapa-emergencia",
        "fuente_url": "https://mapa-emergencia.artefactofilms.workers.dev/#p=5vieuk7ms7yn",
        "id": "mapa-emergencia-b38fd99bd8",
        "municipio": "",
        "necesita": [],
        "nombre": "Caminos de la Mari a",
        "tipo": "rescate",
        "verificado": false
      },
      "type": "Feature"
    },
    {
      "geometry": {
        "coordinates": [
          -76.52286694982973,
          3.417329905198654
        ],
        "type": "Point"
      },
      "properties": {
        "barrio": "",
        "contacto": "",
        "departamento": "",
        "direccion": "Calle 5 b 3 no 36 b-27",
        "estado": "por-confirmar",
        "fecha_corte": "2026-08-12T20:54:31Z",
        "fuente": "mapa-emergencia",
        "fuente_url": "https://mapa-emergencia.artefactofilms.workers.dev/#p=is3i578yc98t",
        "id": "mapa-emergencia-b39ffb1ce3",
        "municipio": "",
        "necesita": [],
        "nombre": "Calle 5 b 3 no 36 b-27",
        "tipo": "rescate",
        "verificado": false
      },
      "type": "Feature"
    },
    {
      "geometry": {
        "coordinates": [
          -75.2984576,
          2.9525097
        ],
        "type": "Point"
      },
      "properties": {
        "barrio": "",
        "contacto": "",
        "departamento": "",
        "direccion": "Calle 9a #22-66",
        "estado": "urgente",
        "fecha_corte": "2026-08-12T20:54:31Z",
        "fuente": "mapa-emergencia",
        "fuente_url": "https://mapa-emergencia.artefactofilms.workers.dev/#p=dzva2ngtw32b",
        "id": "mapa-emergencia-b657326537",
        "municipio": "",
        "necesita": [
          "Edificio con estructura Comprometida",
          "evacuaron"
        ],
        "nombre": "Calle 9a #22-66",
        "tipo": "rescate",
        "verificado": false
      },
      "type": "Feature"
    },
    {
      "geometry": {
        "coordinates": [
          -76.54971063130235,
          3.409253105784271
        ],
        "type": "Point"
      },
      "properties": {
        "barrio": "",
        "contacto": "",
        "departamento": "",
        "direccion": "Carrera 56 # 3 - 88 • Edificio Ana Pilar",
        "estado": "urgente",
        "fecha_corte": "2026-08-12T20:54:31Z",
        "fuente": "mapa-emergencia",
        "fuente_url": "https://mapa-emergencia.artefactofilms.workers.dev/#p=eiij3v6ew25v",
        "id": "mapa-emergencia-b6b92147e6",
        "municipio": "",
        "necesita": [
          "Cinceles",
          "Grúa pluma 50 toneladas",
          "Linternas",
          "Tapabocas"
        ],
        "nombre": "Carrera 56 # 3 - 88 • Edificio Ana Pilar",
        "tipo": "rescate",
        "verificado": false
      },
      "type": "Feature"
    },
    {
      "geometry": {
        "coordinates": [
          -76.51503212591167,
          3.490348758214576
        ],
        "type": "Point"
      },
      "properties": {
        "barrio": "Rincón de la flora",
        "contacto": "3183130402",
        "departamento": "",
        "direccion": "Avenida 3 c norte # 62 n 77",
        "estado": "urgente",
        "fecha_corte": "2026-08-12T20:54:31Z",
        "fuente": "mapa-emergencia",
        "fuente_url": "https://mapa-emergencia.artefactofilms.workers.dev/#p=ngjm47ppgrzw",
        "id": "mapa-emergencia-b852514a41",
        "municipio": "",
        "necesita": [],
        "nombre": "Avenida 3 c norte # 62 n 77",
        "tipo": "rescate",
        "verificado": false
      },
      "type": "Feature"
    },
    {
      "geometry": {
        "coordinates": [
          -76.5049141,
          3.4817924
        ],
        "type": "Point"
      },
      "properties": {
        "barrio": "",
        "contacto": "",
        "departamento": "",
        "direccion": "Cra. 67 #3C-15 Conjunto Residencial Ariguani",
        "estado": "urgente",
        "fecha_corte": "2026-08-12T20:54:31Z",
        "fuente": "mapa-emergencia",
        "fuente_url": "https://mapa-emergencia.artefactofilms.workers.dev/#p=cetr8dqndkhd",
        "id": "mapa-emergencia-b87246cece",
        "municipio": "",
        "necesita": [
          "Agua",
          "Cintas de seguridad",
          "Guantes de obra",
          "Palas"
        ],
        "nombre": "Cra. 67 #3C-15 Conjunto Residencial Ariguani",
        "tipo": "rescate",
        "verificado": false
      },
      "type": "Feature"
    },
    {
      "geometry": {
        "coordinates": [
          -76.5361239,
          3.4218176
        ],
        "type": "Point"
      },
      "properties": {
        "barrio": "",
        "contacto": "",
        "departamento": "",
        "direccion": "Canchas panamericanas",
        "estado": "urgente",
        "fecha_corte": "2026-08-12T20:54:31Z",
        "fuente": "mapa-emergencia",
        "fuente_url": "https://mapa-emergencia.artefactofilms.workers.dev/#p=5eqzzkrp3xxe",
        "id": "mapa-emergencia-b884336dce",
        "municipio": "",
        "necesita": [
          "Botiquín",
          "Colchonetas",
          "Comida",
          "Pañales"
        ],
        "nombre": "Canchas panamericanas",
        "tipo": "rescate",
        "verificado": false
      },
      "type": "Feature"
    },
    {
      "geometry": {
        "coordinates": [
          -76.2350277,
          4.8950096
        ],
        "type": "Point"
      },
      "properties": {
        "barrio": "",
        "contacto": "",
        "departamento": "",
        "direccion": "San José del palmar",
        "estado": "urgente",
        "fecha_corte": "2026-08-12T20:54:31Z",
        "fuente": "mapa-emergencia",
        "fuente_url": "https://mapa-emergencia.artefactofilms.workers.dev/#p=4wcje5hwych4",
        "id": "mapa-emergencia-b951341084",
        "municipio": "",
        "necesita": [
          "Agua",
          "Botiquín",
          "Comida",
          "Guantes de obra",
          "Linternas",
          "Maquinaria pesada",
          "Voluntarios",
          "derrumbes en la vía"
        ],
        "nombre": "San José del palmar",
        "tipo": "rescate",
        "verificado": false
      },
      "type": "Feature"
    },
    {
      "geometry": {
        "coordinates": [
          -76.5074155,
          3.4601152
        ],
        "type": "Point"
      },
      "properties": {
        "barrio": "",
        "contacto": "",
        "departamento": "",
        "direccion": "Calle44#8-34",
        "estado": "urgente",
        "fecha_corte": "2026-08-12T20:54:31Z",
        "fuente": "mapa-emergencia",
        "fuente_url": "https://mapa-emergencia.artefactofilms.workers.dev/#p=imbcu3wwzwve",
        "id": "mapa-emergencia-b964ca1159",
        "municipio": "",
        "necesita": [],
        "nombre": "Calle44#8-34",
        "tipo": "rescate",
        "verificado": false
      },
      "type": "Feature"
    },
    {
      "geometry": {
        "coordinates": [
          -76.515009,
          3.3579294
        ],
        "type": "Point"
      },
      "properties": {
        "barrio": "",
        "contacto": "318 675 6125 · 314 606 1957",
        "departamento": "",
        "direccion": "Conjunto residencial Caoba K-109, barrio Bochalema",
        "estado": "activo",
        "fecha_corte": "2026-08-12T20:54:31Z",
        "fuente": "mapa-emergencia",
        "fuente_url": "https://mapa-emergencia.artefactofilms.workers.dev/#p=tijdw6eq",
        "id": "mapa-emergencia-b9b3b7d5ef",
        "municipio": "",
        "necesita": [
          "Insumos para animales",
          "Todo tipo de ayuda para Buenaventura"
        ],
        "nombre": "Acopio para Buenaventura — Conj. Caoba K-109 (Bochalema)",
        "tipo": "acopio",
        "verificado": false
      },
      "type": "Feature"
    },
    {
      "geometry": {
        "coordinates": [
          -76.5311,
          3.4553
        ],
        "type": "Point"
      },
      "properties": {
        "barrio": "",
        "contacto": "",
        "departamento": "",
        "direccion": "",
        "estado": "urgente",
        "fecha_corte": "2026-08-12T20:54:31Z",
        "fuente": "mapa-emergencia",
        "fuente_url": "https://mapa-emergencia.artefactofilms.workers.dev/#p=ff4qvxyc",
        "id": "mapa-emergencia-b9e6a120ff",
        "municipio": "",
        "necesita": [
          "Aceite",
          "Donaciones",
          "sal"
        ],
        "nombre": "Plazoleta Jairo Varela",
        "tipo": "acopio",
        "verificado": false
      },
      "type": "Feature"
    },
    {
      "geometry": {
        "coordinates": [
          -76.6893973,
          3.658161
        ],
        "type": "Point"
      },
      "properties": {
        "barrio": "",
        "contacto": "",
        "departamento": "",
        "direccion": "Dagua",
        "estado": "por-confirmar",
        "fecha_corte": "2026-08-12T20:54:31Z",
        "fuente": "mapa-emergencia",
        "fuente_url": "https://mapa-emergencia.artefactofilms.workers.dev/#p=jc44y4y5b84t",
        "id": "mapa-emergencia-ba2bcbe284",
        "municipio": "",
        "necesita": [
          "Agua",
          "Colchonetas",
          "Comida",
          "Linternas"
        ],
        "nombre": "Dagua",
        "tipo": "rescate",
        "verificado": false
      },
      "type": "Feature"
    },
    {
      "geometry": {
        "coordinates": [
          -75.697418,
          4.8034083
        ],
        "type": "Point"
      },
      "properties": {
        "barrio": "",
        "contacto": "",
        "departamento": "",
        "direccion": "Providencia Pereira",
        "estado": "urgente",
        "fecha_corte": "2026-08-12T20:54:31Z",
        "fuente": "mapa-emergencia",
        "fuente_url": "https://mapa-emergencia.artefactofilms.workers.dev/#p=mfbtw6pfkwn8",
        "id": "mapa-emergencia-ba2df2d173",
        "municipio": "",
        "necesita": [
          "Comida para animales",
          "Costales",
          "Gafas de seguridad",
          "Guantes de obra",
          "Linternas",
          "Palas",
          "Picas",
          "Tapabocas"
        ],
        "nombre": "Providencia Pereira",
        "tipo": "rescate",
        "verificado": false
      },
      "type": "Feature"
    },
    {
      "geometry": {
        "coordinates": [
          -76.5136439,
          3.4225375
        ],
        "type": "Point"
      },
      "properties": {
        "barrio": "",
        "contacto": "",
        "departamento": "",
        "direccion": "San Carlos",
        "estado": "cerrado",
        "fecha_corte": "2026-08-12T20:54:31Z",
        "fuente": "mapa-emergencia",
        "fuente_url": "https://mapa-emergencia.artefactofilms.workers.dev/#p=z48j9qfkt3ts",
        "id": "mapa-emergencia-bb4df44a71",
        "municipio": "",
        "necesita": [],
        "nombre": "San Carlos",
        "tipo": "rescate",
        "verificado": false
      },
      "type": "Feature"
    },
    {
      "geometry": {
        "coordinates": [
          -76.5370942,
          3.4429061
        ],
        "type": "Point"
      },
      "properties": {
        "barrio": "",
        "contacto": "",
        "departamento": "",
        "direccion": "Loma de la cruz",
        "estado": "por-confirmar",
        "fecha_corte": "2026-08-12T20:54:31Z",
        "fuente": "mapa-emergencia",
        "fuente_url": "https://mapa-emergencia.artefactofilms.workers.dev/#p=e98yr5wwddfh",
        "id": "mapa-emergencia-bd3cb679c0",
        "municipio": "",
        "necesita": [
          "Carpas",
          "Refugio para personas sin hogar"
        ],
        "nombre": "Loma de la cruz",
        "tipo": "rescate",
        "verificado": false
      },
      "type": "Feature"
    },
    {
      "geometry": {
        "coordinates": [
          -76.54586791992189,
          3.412325769209019
        ],
        "type": "Point"
      },
      "properties": {
        "barrio": "",
        "contacto": "+491627290039",
        "departamento": "",
        "direccion": "Cali",
        "estado": "por-confirmar",
        "fecha_corte": "2026-08-12T20:54:31Z",
        "fuente": "mapa-emergencia",
        "fuente_url": "https://mapa-emergencia.artefactofilms.workers.dev/#p=vsqqw5t3qjgb",
        "id": "mapa-emergencia-bd45851bb6",
        "municipio": "",
        "necesita": [],
        "nombre": "Cali",
        "tipo": "rescate",
        "verificado": false
      },
      "type": "Feature"
    },
    {
      "geometry": {
        "coordinates": [
          -76.4971191,
          3.4095572
        ],
        "type": "Point"
      },
      "properties": {
        "barrio": "",
        "contacto": "",
        "departamento": "",
        "direccion": "Carrera 37#56-75",
        "estado": "urgente",
        "fecha_corte": "2026-08-12T20:54:31Z",
        "fuente": "mapa-emergencia",
        "fuente_url": "https://mapa-emergencia.artefactofilms.workers.dev/#p=3qyrgjnn4wgp",
        "id": "mapa-emergencia-bd931b3287",
        "municipio": "",
        "necesita": [
          "Agua",
          "Colchonetas",
          "Comida"
        ],
        "nombre": "Carrera 37#56-75",
        "tipo": "rescate",
        "verificado": false
      },
      "type": "Feature"
    },
    {
      "geometry": {
        "coordinates": [
          -76.4638692,
          3.426602
        ],
        "type": "Point"
      },
      "properties": {
        "barrio": "",
        "contacto": "",
        "departamento": "",
        "direccion": "Cl. 120j # 23-35, Puerta Del Sol, Cali, Valle del Cauca",
        "estado": "urgente",
        "fecha_corte": "2026-08-12T20:54:31Z",
        "fuente": "mapa-emergencia",
        "fuente_url": "https://mapa-emergencia.artefactofilms.workers.dev/#p=kr7c68ujxgtv",
        "id": "mapa-emergencia-be8a6b1cf1",
        "municipio": "",
        "necesita": [],
        "nombre": "Cl. 120j # 23-35, Puerta Del Sol, Cali, Valle del Cauca",
        "tipo": "rescate",
        "verificado": false
      },
      "type": "Feature"
    },
    {
      "geometry": {
        "coordinates": [
          -76.53198278239937,
          3.424411079624851
        ],
        "type": "Point"
      },
      "properties": {
        "barrio": "",
        "contacto": "",
        "departamento": "",
        "direccion": "Cta 98c 58 72 unidad Santa ana A",
        "estado": "urgente",
        "fecha_corte": "2026-08-12T20:54:31Z",
        "fuente": "mapa-emergencia",
        "fuente_url": "https://mapa-emergencia.artefactofilms.workers.dev/#p=bhbrz8fn92ig",
        "id": "mapa-emergencia-bf0b142484",
        "municipio": "",
        "necesita": [
          "Evaluacion de daños y desbloqueo de ascensor"
        ],
        "nombre": "Cta 98c 58 72 unidad Santa ana A",
        "tipo": "rescate",
        "verificado": false
      },
      "type": "Feature"
    },
    {
      "geometry": {
        "coordinates": [
          -76.49093627929688,
          3.3156755901788997
        ],
        "type": "Point"
      },
      "properties": {
        "barrio": "",
        "contacto": "",
        "departamento": "",
        "direccion": "C. 11 Oeste 37",
        "estado": "urgente",
        "fecha_corte": "2026-08-12T20:54:31Z",
        "fuente": "mapa-emergencia",
        "fuente_url": "https://mapa-emergencia.artefactofilms.workers.dev/#p=zyxr2gzc3jyf",
        "id": "mapa-emergencia-bf3157458f",
        "municipio": "",
        "necesita": [],
        "nombre": "C. 11 Oeste 37",
        "tipo": "rescate",
        "verificado": false
      },
      "type": "Feature"
    },
    {
      "geometry": {
        "coordinates": [
          -76.5603706,
          3.4114979
        ],
        "type": "Point"
      },
      "properties": {
        "barrio": "",
        "contacto": "",
        "departamento": "",
        "direccion": "Carrera 56 # 3",
        "estado": "urgente",
        "fecha_corte": "2026-08-12T20:54:31Z",
        "fuente": "mapa-emergencia",
        "fuente_url": "https://mapa-emergencia.artefactofilms.workers.dev/#p=jtz7kue7c2p4",
        "id": "mapa-emergencia-bf52233fb0",
        "municipio": "",
        "necesita": [],
        "nombre": "Carrera 56 # 3",
        "tipo": "rescate",
        "verificado": false
      },
      "type": "Feature"
    },
    {
      "geometry": {
        "coordinates": [
          -76.47897988557817,
          3.4487424615849465
        ],
        "type": "Point"
      },
      "properties": {
        "barrio": "",
        "contacto": "",
        "departamento": "",
        "direccion": "Iglesia Puerto mallarino",
        "estado": "urgente",
        "fecha_corte": "2026-08-12T20:54:31Z",
        "fuente": "mapa-emergencia",
        "fuente_url": "https://mapa-emergencia.artefactofilms.workers.dev/#p=5haui3kgbm3d",
        "id": "mapa-emergencia-bfb1bca382",
        "municipio": "",
        "necesita": [
          "Agua",
          "Barras de demolición",
          "Cintas de seguridad",
          "Costales",
          "Gafas de seguridad",
          "Guantes de obra",
          "Palas",
          "Porras",
          "Tapabocas",
          "Voluntarios"
        ],
        "nombre": "Iglesia Puerto mallarino",
        "tipo": "rescate",
        "verificado": false
      },
      "type": "Feature"
    },
    {
      "geometry": {
        "coordinates": [
          -75.6995789,
          4.7844984
        ],
        "type": "Point"
      },
      "properties": {
        "barrio": "",
        "contacto": "",
        "departamento": "",
        "direccion": "El rocio alto",
        "estado": "urgente",
        "fecha_corte": "2026-08-12T20:54:31Z",
        "fuente": "mapa-emergencia",
        "fuente_url": "https://mapa-emergencia.artefactofilms.workers.dev/#p=3i3cdyqsjwc4",
        "id": "mapa-emergencia-bfd16b97a3",
        "municipio": "",
        "necesita": [
          "Agua",
          "Botiquín",
          "Colchonetas",
          "Comida",
          "Comida para animales",
          "Gafas de seguridad",
          "Guantes de obra",
          "Linternas",
          "Más abajo de la ferretería y la parte de la invasión",
          "Palas",
          "Pañales",
          "Tapabocas",
          "Voluntarios"
        ],
        "nombre": "El rocio alto",
        "tipo": "rescate",
        "verificado": false
      },
      "type": "Feature"
    },
    {
      "geometry": {
        "coordinates": [
          -76.53493881225587,
          3.439599708272335
        ],
        "type": "Point"
      },
      "properties": {
        "barrio": "Marroquín3",
        "contacto": "3156973125",
        "departamento": "",
        "direccion": "Carrera 26 g6 #72s-160",
        "estado": "urgente",
        "fecha_corte": "2026-08-12T20:54:31Z",
        "fuente": "mapa-emergencia",
        "fuente_url": "https://mapa-emergencia.artefactofilms.workers.dev/#p=jcc6cy3b2fx5",
        "id": "mapa-emergencia-c184fd0d6f",
        "municipio": "",
        "necesita": [
          "Agua",
          "Botiquín",
          "Carpas",
          "Colchonetas",
          "Comida",
          "Comida para animales",
          "Electrolitos",
          "Gafas de seguridad",
          "Guantes de obra",
          "Linternas",
          "Pañales",
          "Tapabocas"
        ],
        "nombre": "Carrera 26 g6 #72s-160",
        "tipo": "rescate",
        "verificado": false
      },
      "type": "Feature"
    },
    {
      "geometry": {
        "coordinates": [
          -76.54930114746095,
          3.3715419342031883
        ],
        "type": "Point"
      },
      "properties": {
        "barrio": "",
        "contacto": "",
        "departamento": "",
        "direccion": "Calle 9 Numero 5-10",
        "estado": "por-confirmar",
        "fecha_corte": "2026-08-12T20:54:31Z",
        "fuente": "mapa-emergencia",
        "fuente_url": "https://mapa-emergencia.artefactofilms.workers.dev/#p=262rcqdd34kr",
        "id": "mapa-emergencia-c20ddb1297",
        "municipio": "",
        "necesita": [
          "Agua",
          "Cintas de seguridad",
          "Colchonetas",
          "Comida",
          "Comida para animales",
          "Guantes de obra",
          "Linternas",
          "Palas",
          "Picas",
          "Tapabocas"
        ],
        "nombre": "Calle 9 Numero 5-10",
        "tipo": "rescate",
        "verificado": false
      },
      "type": "Feature"
    },
    {
      "geometry": {
        "coordinates": [
          -75.69251306355001,
          4.805466790980469
        ],
        "type": "Point"
      },
      "properties": {
        "barrio": "",
        "contacto": "+57 324 3173373",
        "departamento": "",
        "direccion": "Asilo San José, Pereira",
        "estado": "urgente",
        "fecha_corte": "2026-08-12T20:54:31Z",
        "fuente": "mapa-emergencia",
        "fuente_url": "https://mapa-emergencia.artefactofilms.workers.dev/#p=ee6kmftyz86j",
        "id": "mapa-emergencia-c2b552a96b",
        "municipio": "",
        "necesita": [
          "Agua",
          "Asilo San José no ha llegado ayuda :(",
          "Botiquín",
          "Cintas de seguridad",
          "Comida",
          "Electrolitos"
        ],
        "nombre": "Asilo San José",
        "tipo": "rescate",
        "verificado": false
      },
      "type": "Feature"
    },
    {
      "geometry": {
        "coordinates": [
          -76.4582476,
          3.4103352
        ],
        "type": "Point"
      },
      "properties": {
        "barrio": "",
        "contacto": "",
        "departamento": "",
        "direccion": "",
        "estado": "descartado",
        "fecha_corte": "2026-08-12T20:54:31Z",
        "fuente": "mapa-emergencia",
        "fuente_url": "https://mapa-emergencia.artefactofilms.workers.dev/#p=ub7zu2nmqt8u",
        "id": "mapa-emergencia-c31a9c47b8",
        "municipio": "",
        "necesita": [],
        "nombre": "Poblado campestre",
        "tipo": "rescate",
        "verificado": false
      },
      "type": "Feature"
    },
    {
      "geometry": {
        "coordinates": [
          -76.4929519,
          3.4750417
        ],
        "type": "Point"
      },
      "properties": {
        "barrio": "",
        "contacto": "3014562076",
        "departamento": "",
        "direccion": "Chiminagos 2, calle 62 1B",
        "estado": "urgente",
        "fecha_corte": "2026-08-12T20:54:31Z",
        "fuente": "mapa-emergencia",
        "fuente_url": "https://mapa-emergencia.artefactofilms.workers.dev/#p=jrm8w7vs9hez",
        "id": "mapa-emergencia-c376af791a",
        "municipio": "",
        "necesita": [
          "Agua",
          "Botiquín",
          "Carpas",
          "Colchonetas",
          "Comida para animales",
          "Linternas",
          "Pañales",
          "Tapers"
        ],
        "nombre": "Chiminagos 2, calle 62 1B",
        "tipo": "rescate",
        "verificado": false
      },
      "type": "Feature"
    },
    {
      "geometry": {
        "coordinates": [
          -76.12083435058595,
          4.7184353921111155
        ],
        "type": "Point"
      },
      "properties": {
        "barrio": "",
        "contacto": "",
        "departamento": "",
        "direccion": "Argelia Valle del Cauca",
        "estado": "por-confirmar",
        "fecha_corte": "2026-08-12T20:54:31Z",
        "fuente": "mapa-emergencia",
        "fuente_url": "https://mapa-emergencia.artefactofilms.workers.dev/#p=96dfsf7hfcrm",
        "id": "mapa-emergencia-c3b790085d",
        "municipio": "",
        "necesita": [
          "Agua",
          "Colchonetas",
          "Comida",
          "Comida para animales",
          "Gasolina",
          "Ingenieros y arquitectos voluntarios …no llegan ayudas acá",
          "Linternas"
        ],
        "nombre": "Argelia Valle del Cauca",
        "tipo": "rescate",
        "verificado": false
      },
      "type": "Feature"
    },
    {
      "geometry": {
        "coordinates": [
          -76.5427004,
          3.4230216
        ],
        "type": "Point"
      },
      "properties": {
        "barrio": "",
        "contacto": "",
        "departamento": "",
        "direccion": "Calle 5D #38A-35",
        "estado": "urgente",
        "fecha_corte": "2026-08-12T20:54:31Z",
        "fuente": "mapa-emergencia",
        "fuente_url": "https://mapa-emergencia.artefactofilms.workers.dev/#p=wvv7s4gw",
        "id": "mapa-emergencia-c5709151d7",
        "municipio": "",
        "necesita": [
          "Discos de Diamante",
          "Hielo",
          "cascos con linternas",
          "megafono"
        ],
        "nombre": "Edificio de Colores55",
        "tipo": "rescate",
        "verificado": false
      },
      "type": "Feature"
    },
    {
      "geometry": {
        "coordinates": [
          -76.54713844855905,
          3.4105634947280965
        ],
        "type": "Point"
      },
      "properties": {
        "barrio": "",
        "contacto": "",
        "departamento": "",
        "direccion": "CRA 54A # 5A-21 Nueva Tequendama, comuna 19",
        "estado": "por-confirmar",
        "fecha_corte": "2026-08-12T20:54:31Z",
        "fuente": "mapa-emergencia",
        "fuente_url": "https://mapa-emergencia.artefactofilms.workers.dev/#p=d29i3tti5mhx",
        "id": "mapa-emergencia-c594334845",
        "municipio": "",
        "necesita": [],
        "nombre": "CRA 54A # 5A-21 Nueva Tequendama, comuna 19",
        "tipo": "rescate",
        "verificado": false
      },
      "type": "Feature"
    },
    {
      "geometry": {
        "coordinates": [
          -76.485821,
          3.4524667
        ],
        "type": "Point"
      },
      "properties": {
        "barrio": "",
        "contacto": "",
        "departamento": "",
        "direccion": "Calle 72w 28b1-06 poblado 2",
        "estado": "por-confirmar",
        "fecha_corte": "2026-08-12T20:54:31Z",
        "fuente": "mapa-emergencia",
        "fuente_url": "https://mapa-emergencia.artefactofilms.workers.dev/#p=k6d92bdkqgkm",
        "id": "mapa-emergencia-c62b06bed7",
        "municipio": "",
        "necesita": [
          "Se necesita defensa civil bomberos y ayudas"
        ],
        "nombre": "Calle 72w 28b1-06 poblado 2",
        "tipo": "rescate",
        "verificado": false
      },
      "type": "Feature"
    },
    {
      "geometry": {
        "coordinates": [
          -74.2161454,
          4.5754258
        ],
        "type": "Point"
      },
      "properties": {
        "barrio": "",
        "contacto": "",
        "departamento": "",
        "direccion": "España 1",
        "estado": "por-confirmar",
        "fecha_corte": "2026-08-12T20:54:31Z",
        "fuente": "mapa-emergencia",
        "fuente_url": "https://mapa-emergencia.artefactofilms.workers.dev/#p=uqcan3am3bx7",
        "id": "mapa-emergencia-c64f7b5678",
        "municipio": "",
        "necesita": [
          "Agua",
          "Baldes",
          "Barras de demolición",
          "Botiquín",
          "Cinceles",
          "Cintas de seguridad",
          "Comida",
          "Costales",
          "Discos de pulidora",
          "Electrolitos",
          "Gafas de seguridad",
          "Guantes de obra",
          "Linternas",
          "Palas",
          "Percutores",
          "Picas",
          "Porras",
          "Seguetas",
          "Tapabocas"
        ],
        "nombre": "España 1",
        "tipo": "rescate",
        "verificado": false
      },
      "type": "Feature"
    },
    {
      "geometry": {
        "coordinates": [
          -76.4903622,
          3.4771939
        ],
        "type": "Point"
      },
      "properties": {
        "barrio": "",
        "contacto": "",
        "departamento": "",
        "direccion": "CHIMINANGOS",
        "estado": "urgente",
        "fecha_corte": "2026-08-12T20:54:31Z",
        "fuente": "mapa-emergencia",
        "fuente_url": "https://mapa-emergencia.artefactofilms.workers.dev/#p=etsg24vddnxh",
        "id": "mapa-emergencia-c7ec39fdf3",
        "municipio": "",
        "necesita": [
          "Botiquín",
          "Carpas",
          "Colchonetas",
          "Comida",
          "Electrolitos",
          "Linternas"
        ],
        "nombre": "CHIMINANGOS",
        "tipo": "rescate",
        "verificado": false
      },
      "type": "Feature"
    },
    {
      "geometry": {
        "coordinates": [
          -76.536956651709,
          3.4427976657052
        ],
        "type": "Point"
      },
      "properties": {
        "barrio": "",
        "contacto": "Carmen",
        "departamento": "",
        "direccion": "Calle 5 - 16 Biblioteca la dignidad",
        "estado": "urgente",
        "fecha_corte": "2026-08-12T20:54:31Z",
        "fuente": "mapa-emergencia",
        "fuente_url": "https://mapa-emergencia.artefactofilms.workers.dev/#p=jn7bwasecny6",
        "id": "mapa-emergencia-c842e2cb34",
        "municipio": "",
        "necesita": [
          "Baldes",
          "Botiquín",
          "Carpas",
          "Electrolitos",
          "Elementos para llevar al norte del valle",
          "Linternas",
          "Palas"
        ],
        "nombre": "Calle 5 - 16 Biblioteca la dignidad",
        "tipo": "rescate",
        "verificado": false
      },
      "type": "Feature"
    },
    {
      "geometry": {
        "coordinates": [
          -76.58241709015505,
          3.3936859841469804
        ],
        "type": "Point"
      },
      "properties": {
        "barrio": "",
        "contacto": "",
        "departamento": "",
        "direccion": "5ta con 56 Cali",
        "estado": "urgente",
        "fecha_corte": "2026-08-12T20:54:31Z",
        "fuente": "mapa-emergencia",
        "fuente_url": "https://mapa-emergencia.artefactofilms.workers.dev/#p=2u58qe88si9a",
        "id": "mapa-emergencia-c866c27919",
        "municipio": "",
        "necesita": [
          "Baldes",
          "Barras de demolición",
          "Cinceles",
          "Colchonetas",
          "Comida",
          "Costales",
          "Discos de pulidora",
          "Electrolitos",
          "Gafas de seguridad",
          "Guantes de obra",
          "Linternas",
          "Palas",
          "Pañales",
          "Percutores",
          "Picas",
          "Porras",
          "Seguetas",
          "Tapabocas"
        ],
        "nombre": "5ta con 56",
        "tipo": "rescate",
        "verificado": false
      },
      "type": "Feature"
    },
    {
      "geometry": {
        "coordinates": [
          -76.54794931411745,
          3.3959904862724875
        ],
        "type": "Point"
      },
      "properties": {
        "barrio": "",
        "contacto": "",
        "departamento": "",
        "direccion": "Cra. 67 #3C-15",
        "estado": "activo",
        "fecha_corte": "2026-08-12T20:54:31Z",
        "fuente": "mapa-emergencia",
        "fuente_url": "https://mapa-emergencia.artefactofilms.workers.dev/#p=25hyp7hxft9q",
        "id": "mapa-emergencia-c8b297cbd6",
        "municipio": "",
        "necesita": [
          "Cascos",
          "Comida",
          "Gasolina",
          "Guantes de obra",
          "Hielo",
          "Linternas",
          "Palas",
          "Picas",
          "Tapabocas",
          "aceite dos tiempos",
          "porras"
        ],
        "nombre": "Cra. 67 #3C-15",
        "tipo": "otro",
        "verificado": false
      },
      "type": "Feature"
    },
    {
      "geometry": {
        "coordinates": [
          -76.5471397,
          3.4222844
        ],
        "type": "Point"
      },
      "properties": {
        "barrio": "",
        "contacto": "",
        "departamento": "",
        "direccion": "PANADERIA QUINTAPAN (QUINTA CON 42)",
        "estado": "urgente",
        "fecha_corte": "2026-08-12T20:54:31Z",
        "fuente": "mapa-emergencia",
        "fuente_url": "https://mapa-emergencia.artefactofilms.workers.dev/#p=j5akq96bai3n",
        "id": "mapa-emergencia-c9334fa6fb",
        "municipio": "",
        "necesita": [
          "Baldes",
          "Gafas de seguridad",
          "Guantes de obra",
          "MEGAFONO MUCHO HIELO CUERDAS NO SE REQUIERE PERSONAL"
        ],
        "nombre": "PANADERIA QUINTAPAN (QUINTA CON 42)",
        "tipo": "rescate",
        "verificado": false
      },
      "type": "Feature"
    },
    {
      "geometry": {
        "coordinates": [
          -76.55090991410603,
          3.3738011165152675
        ],
        "type": "Point"
      },
      "properties": {
        "barrio": "",
        "contacto": "",
        "departamento": "",
        "direccion": "CALLE 3D #66-99",
        "estado": "urgente",
        "fecha_corte": "2026-08-12T20:54:31Z",
        "fuente": "mapa-emergencia",
        "fuente_url": "https://mapa-emergencia.artefactofilms.workers.dev/#p=vbpierxc53sn",
        "id": "mapa-emergencia-c9441b9b95",
        "municipio": "",
        "necesita": [
          "Cascos",
          "Cinceles",
          "Gafas de seguridad",
          "Guantes de obra",
          "Porras"
        ],
        "nombre": "CALLE 3D #66-99",
        "tipo": "rescate",
        "verificado": false
      },
      "type": "Feature"
    },
    {
      "geometry": {
        "coordinates": [
          -76.09790930562004,
          4.527268800722869
        ],
        "type": "Point"
      },
      "properties": {
        "barrio": "",
        "contacto": "",
        "departamento": "",
        "direccion": "Coliseo Angelino Garzón",
        "estado": "activo",
        "fecha_corte": "2026-08-12T20:54:31Z",
        "fuente": "mapa-emergencia",
        "fuente_url": "https://mapa-emergencia.artefactofilms.workers.dev/#p=u3svfre9n2dj",
        "id": "mapa-emergencia-c9a88dd884",
        "municipio": "",
        "necesita": [
          "Colchonetas",
          "Comida",
          "Comida para animales",
          "Electrolitos",
          "Pañales"
        ],
        "nombre": "Coliseo Angelino Garzón",
        "tipo": "albergue",
        "verificado": false
      },
      "type": "Feature"
    },
    {
      "geometry": {
        "coordinates": [
          -76.54068768024446,
          3.418764131008716
        ],
        "type": "Point"
      },
      "properties": {
        "barrio": "",
        "contacto": "",
        "departamento": "",
        "direccion": "Calle 8 # 42 55",
        "estado": "urgente",
        "fecha_corte": "2026-08-12T20:54:31Z",
        "fuente": "mapa-emergencia",
        "fuente_url": "https://mapa-emergencia.artefactofilms.workers.dev/#p=vxpf4mteg3eh",
        "id": "mapa-emergencia-c9e499710f",
        "municipio": "",
        "necesita": [
          "Edificio Daniela",
          "Presencia policial",
          "estructura dañada se necesita valoración técnica."
        ],
        "nombre": "Calle 8 # 42 55",
        "tipo": "rescate",
        "verificado": false
      },
      "type": "Feature"
    },
    {
      "geometry": {
        "coordinates": [
          -76.2927205696216,
          3.8902598453459545
        ],
        "type": "Point"
      },
      "properties": {
        "barrio": "",
        "contacto": "",
        "departamento": "",
        "direccion": "Calle 5 carrera 44",
        "estado": "urgente",
        "fecha_corte": "2026-08-12T20:54:31Z",
        "fuente": "mapa-emergencia",
        "fuente_url": "https://mapa-emergencia.artefactofilms.workers.dev/#p=x4a9emmranmi",
        "id": "mapa-emergencia-ca0123452e",
        "municipio": "",
        "necesita": [
          "Baldes",
          "Barras de demolición",
          "Cucharas y tenedores (desechables)",
          "Discos de pulidora",
          "Gafas de seguridad",
          "Guantes de obra",
          "Linternas",
          "Palas",
          "Picas",
          "Porras",
          "Seguetas"
        ],
        "nombre": "Calle 5 carrera 44",
        "tipo": "rescate",
        "verificado": false
      },
      "type": "Feature"
    },
    {
      "geometry": {
        "coordinates": [
          -76.5618125,
          3.3900211
        ],
        "type": "Point"
      },
      "properties": {
        "barrio": "Los chorros",
        "contacto": "Jhon Eiver Bermúdez",
        "departamento": "",
        "direccion": "Calle 4D oeste 76B Bis -48",
        "estado": "activo",
        "fecha_corte": "2026-08-12T20:54:31Z",
        "fuente": "mapa-emergencia",
        "fuente_url": "https://mapa-emergencia.artefactofilms.workers.dev/#p=98v2sh2ths8h",
        "id": "mapa-emergencia-cbac1ebd10",
        "municipio": "",
        "necesita": [
          "Barras de demolición",
          "Botiquín",
          "Gafas de seguridad",
          "Guantes de obra",
          "Llevar un botiquín de auxilios para la actividad y 1 pack de agua",
          "No prioritario/ No hay víctimas/ Se requiere reducir riesgo de colapso de vivienda pequeña",
          "Porras",
          "Voluntarios",
          "andamio de 3 cuerpos 3 tablones de andamio",
          "se estima terminar la actividad en 4h"
        ],
        "nombre": "Casa por demoler parcialmente, para evitar transeúntes afectados por desprendimientos",
        "tipo": "otro",
        "verificado": false
      },
      "type": "Feature"
    },
    {
      "geometry": {
        "coordinates": [
          -76.54816639507106,
          3.4081051351755205
        ],
        "type": "Point"
      },
      "properties": {
        "barrio": "",
        "contacto": "",
        "departamento": "",
        "direccion": "Cuarto de legua",
        "estado": "urgente",
        "fecha_corte": "2026-08-12T20:54:31Z",
        "fuente": "mapa-emergencia",
        "fuente_url": "https://mapa-emergencia.artefactofilms.workers.dev/#p=rmpv8ze9w4dy",
        "id": "mapa-emergencia-cc4132c9da",
        "municipio": "",
        "necesita": [
          "Banano",
          "Café en polvo",
          "Comida",
          "Electrolitos",
          "Electrolitos en sobre",
          "Recibimos comida perecedera que no sean sandwich por favor ya tenemos muchos🙏",
          "Vaporub"
        ],
        "nombre": "Cuarto de legua",
        "tipo": "rescate",
        "verificado": false
      },
      "type": "Feature"
    },
    {
      "geometry": {
        "coordinates": [
          -76.55255332452957,
          3.377103338625561
        ],
        "type": "Point"
      },
      "properties": {
        "barrio": "",
        "contacto": "",
        "departamento": "",
        "direccion": "Barrio El Jordán (punto exacto por confirmar)",
        "estado": "urgente",
        "fecha_corte": "2026-08-12T20:54:31Z",
        "fuente": "mapa-emergencia",
        "fuente_url": "https://mapa-emergencia.artefactofilms.workers.dev/#p=73zxgg9k",
        "id": "mapa-emergencia-ccd2b5085f",
        "municipio": "",
        "necesita": [
          "Alimentos no perecederos",
          "Carpas",
          "Cobijas",
          "Colchonetas",
          "Hidratación (tuberías rotas)",
          "Leche para bebés",
          "Manos para remover escombros",
          "Pañales"
        ],
        "nombre": "Jordán / Altos de Jordán",
        "tipo": "rescate",
        "verificado": false
      },
      "type": "Feature"
    },
    {
      "geometry": {
        "coordinates": [
          -76.49419269770256,
          3.477379042600585
        ],
        "type": "Point"
      },
      "properties": {
        "barrio": "",
        "contacto": "Sebastián Escobar Sarria (Compromiso Valle) · 310 4918612 / 320 5490085",
        "departamento": "",
        "direccion": "Chiminangos 2",
        "estado": "cubierto",
        "fecha_corte": "2026-08-12T20:54:31Z",
        "fuente": "mapa-emergencia",
        "fuente_url": "https://mapa-emergencia.artefactofilms.workers.dev/#p=6sgd77452dgj",
        "id": "mapa-emergencia-cd045460d5",
        "municipio": "",
        "necesita": [
          "Agua",
          "Botiquín",
          "Carpas",
          "Colchonetas",
          "Comida",
          "Comida para animales",
          "Electrolitos",
          "Linternas",
          "Medicamentos : Losartan Repelente Anti bacterial Valsartan 160 Merformina Pañales adulto talla L Pañales Pañitos Bloqueador solar Milanta Anlodipino Vidagliptina clorhidato de metformina 50mg/1000mg Gastroimas Elotrolit Comida: Leche en polvo Nestcafe Agua con gas Nevera con hielo Granos remesa Arroz aceite Panela Agua Revuelto: Tomates Cebollas Frutas Compotas Otras cosas: Colchonetas Almohadas Carpas Cobijas Ropa interior Camisetas Sudaderas Linternas",
          "Pañales",
          "Tapabocas",
          "Tapers"
        ],
        "nombre": "Chiminangos 2",
        "tipo": "acopio",
        "verificado": false
      },
      "type": "Feature"
    },
    {
      "geometry": {
        "coordinates": [
          -76.5418636,
          3.391729
        ],
        "type": "Point"
      },
      "properties": {
        "barrio": "Capri",
        "contacto": "",
        "departamento": "",
        "direccion": "Capri VOLQUETAS PARA RETIRAR ESCOMBROS",
        "estado": "por-confirmar",
        "fecha_corte": "2026-08-12T20:54:31Z",
        "fuente": "mapa-emergencia",
        "fuente_url": "https://mapa-emergencia.artefactofilms.workers.dev/#p=q5dtke82njuu",
        "id": "mapa-emergencia-cd1e219a6e",
        "municipio": "",
        "necesita": [
          "Se necesita urgente volquetas"
        ],
        "nombre": "Capri VOLQUETAS PARA RETIRAR ESCOMBROS",
        "tipo": "otro",
        "verificado": false
      },
      "type": "Feature"
    },
    {
      "geometry": {
        "coordinates": [
          -76.5357398735846,
          3.3884214024780213
        ],
        "type": "Point"
      },
      "properties": {
        "barrio": "",
        "contacto": "",
        "departamento": "",
        "direccion": "Carrera 01 06 46 sector tunia cuerda primaria el cual genera chispa en el sector basurero",
        "estado": "urgente",
        "fecha_corte": "2026-08-12T20:54:31Z",
        "fuente": "mapa-emergencia",
        "fuente_url": "https://mapa-emergencia.artefactofilms.workers.dev/#p=jb3xhbfhqwxu",
        "id": "mapa-emergencia-cdbde61bc6",
        "municipio": "",
        "necesita": [],
        "nombre": "Carrera 01 06 46 sector tunia cuerda primaria el cual genera chispa en el sector basurero",
        "tipo": "rescate",
        "verificado": false
      },
      "type": "Feature"
    },
    {
      "geometry": {
        "coordinates": [
          -76.18849824182828,
          4.339211836303785
        ],
        "type": "Point"
      },
      "properties": {
        "barrio": "",
        "contacto": "",
        "departamento": "",
        "direccion": "Bolívar valle",
        "estado": "urgente",
        "fecha_corte": "2026-08-12T20:54:31Z",
        "fuente": "mapa-emergencia",
        "fuente_url": "https://mapa-emergencia.artefactofilms.workers.dev/#p=ha5vixr4ie8t",
        "id": "mapa-emergencia-ce3924311a",
        "municipio": "",
        "necesita": [
          "Carpas",
          "Cintas de seguridad",
          "Comida",
          "Costales",
          "Gafas de seguridad",
          "Guantes de obra",
          "Tejas"
        ],
        "nombre": "Bolívar valle",
        "tipo": "rescate",
        "verificado": false
      },
      "type": "Feature"
    },
    {
      "geometry": {
        "coordinates": [
          -76.54711007626314,
          3.3735545836841467
        ],
        "type": "Point"
      },
      "properties": {
        "barrio": "",
        "contacto": "",
        "departamento": "",
        "direccion": "Somos un grupo de voluntarios 50aprox en una grúa y motos",
        "estado": "urgente",
        "fecha_corte": "2026-08-12T20:54:31Z",
        "fuente": "mapa-emergencia",
        "fuente_url": "https://mapa-emergencia.artefactofilms.workers.dev/#p=sm3chra7nw6k",
        "id": "mapa-emergencia-cead1519d3",
        "municipio": "",
        "necesita": [],
        "nombre": "Somos un grupo de voluntarios 50aprox en una grúa y motos",
        "tipo": "rescate",
        "verificado": false
      },
      "type": "Feature"
    },
    {
      "geometry": {
        "coordinates": [
          -76.52891635894777,
          3.427353306005664
        ],
        "type": "Point"
      },
      "properties": {
        "barrio": "Colseguros andes",
        "contacto": "",
        "departamento": "",
        "direccion": "Calle 12 c # 29b 115",
        "estado": "urgente",
        "fecha_corte": "2026-08-12T20:54:31Z",
        "fuente": "mapa-emergencia",
        "fuente_url": "https://mapa-emergencia.artefactofilms.workers.dev/#p=p5tuxn33xcb7",
        "id": "mapa-emergencia-cf0dff94ee",
        "municipio": "",
        "necesita": [],
        "nombre": "Unidad residencial colseguros ll",
        "tipo": "rescate",
        "verificado": false
      },
      "type": "Feature"
    },
    {
      "geometry": {
        "coordinates": [
          -76.48814495780312,
          3.474928162113566
        ],
        "type": "Point"
      },
      "properties": {
        "barrio": "",
        "contacto": "",
        "departamento": "",
        "direccion": "Chiminangos 1",
        "estado": "descartado",
        "fecha_corte": "2026-08-12T20:54:31Z",
        "fuente": "mapa-emergencia",
        "fuente_url": "https://mapa-emergencia.artefactofilms.workers.dev/#p=2ub7q2p7cucp",
        "id": "mapa-emergencia-cf3a4f0bb3",
        "municipio": "",
        "necesita": [
          "Agua",
          "Almipro",
          "Comida",
          "Crema",
          "Electrolitos",
          "Jabón",
          "Pañales para adulto",
          "Pañitos húmedos"
        ],
        "nombre": "Chiminangos 1",
        "tipo": "otro",
        "verificado": false
      },
      "type": "Feature"
    },
    {
      "geometry": {
        "coordinates": [
          -76.49952113628389,
          3.439839779738579
        ],
        "type": "Point"
      },
      "properties": {
        "barrio": "Nueva floresta",
        "contacto": "318 805 6915",
        "departamento": "",
        "direccion": "CARRERA 24 CALLE 51-68 NUEVA FLORESTA",
        "estado": "urgente",
        "fecha_corte": "2026-08-12T20:54:31Z",
        "fuente": "mapa-emergencia",
        "fuente_url": "https://mapa-emergencia.artefactofilms.workers.dev/#p=94hgnbjkf4vc",
        "id": "mapa-emergencia-cf8c896f16",
        "municipio": "",
        "necesita": [
          "Baldes",
          "Botiquín",
          "Carpas",
          "Cinceles",
          "Comida para animales",
          "Costales",
          "Discos de pulidora",
          "Electrolitos",
          "Guantes de obra",
          "Linternas",
          "Palas",
          "Pañales",
          "Picas",
          "Porras",
          "Seguetas"
        ],
        "nombre": "PUNTO DE ACOPIO CARRERA 24 CALLE 51-68 NUEVA FLORESTA",
        "tipo": "acopio",
        "verificado": false
      },
      "type": "Feature"
    },
    {
      "geometry": {
        "coordinates": [
          -76.5797825,
          3.378927
        ],
        "type": "Point"
      },
      "properties": {
        "barrio": "",
        "contacto": "",
        "departamento": "",
        "direccion": "La buitrera km 10.5 casa 6",
        "estado": "urgente",
        "fecha_corte": "2026-08-12T20:54:31Z",
        "fuente": "mapa-emergencia",
        "fuente_url": "https://mapa-emergencia.artefactofilms.workers.dev/#p=cu3xxur5enbk",
        "id": "mapa-emergencia-cfb3f61a15",
        "municipio": "",
        "necesita": [
          "Agua",
          "Botiquín",
          "Guantes de obra",
          "Tapabocas"
        ],
        "nombre": "La buitrera km 10.5 casa 6",
        "tipo": "rescate",
        "verificado": false
      },
      "type": "Feature"
    },
    {
      "geometry": {
        "coordinates": [
          -76.5498963,
          3.3770513
        ],
        "type": "Point"
      },
      "properties": {
        "barrio": "",
        "contacto": "",
        "departamento": "",
        "direccion": "Altos de Meléndez",
        "estado": "urgente",
        "fecha_corte": "2026-08-12T20:54:31Z",
        "fuente": "mapa-emergencia",
        "fuente_url": "https://mapa-emergencia.artefactofilms.workers.dev/#p=38pu6ahk8zsz",
        "id": "mapa-emergencia-d0d6b04bed",
        "municipio": "",
        "necesita": [
          "Botiquín",
          "Carpas",
          "Comida para animales",
          "Costales",
          "Voluntarios"
        ],
        "nombre": "Altos de Meléndez",
        "tipo": "olla",
        "verificado": false
      },
      "type": "Feature"
    },
    {
      "geometry": {
        "coordinates": [
          -76.4818021,
          3.4778806
        ],
        "type": "Point"
      },
      "properties": {
        "barrio": "",
        "contacto": "",
        "departamento": "",
        "direccion": "Cl. 76 # 1D-29",
        "estado": "urgente",
        "fecha_corte": "2026-08-12T20:54:31Z",
        "fuente": "mapa-emergencia",
        "fuente_url": "https://mapa-emergencia.artefactofilms.workers.dev/#p=6bu3mmipqh8u",
        "id": "mapa-emergencia-d165f3273f",
        "municipio": "",
        "necesita": [],
        "nombre": "Cl. 76 # 1D-29",
        "tipo": "rescate",
        "verificado": false
      },
      "type": "Feature"
    },
    {
      "geometry": {
        "coordinates": [
          -76.3385028,
          4.611065
        ],
        "type": "Point"
      },
      "properties": {
        "barrio": "",
        "contacto": "",
        "departamento": "",
        "direccion": "Choco",
        "estado": "urgente",
        "fecha_corte": "2026-08-12T20:54:31Z",
        "fuente": "mapa-emergencia",
        "fuente_url": "https://mapa-emergencia.artefactofilms.workers.dev/#p=sypg48axmhx3",
        "id": "mapa-emergencia-d2453973a0",
        "municipio": "",
        "necesita": [
          "Agua",
          "Baldes",
          "Barras de demolición",
          "Botiquín",
          "Cinceles",
          "Comida",
          "Comida para animales",
          "Discos de pulidora",
          "Electrolitos",
          "Gafas de seguridad",
          "Guantes de obra",
          "Linternas",
          "Palas",
          "Pañales",
          "Percutores",
          "Porras",
          "Seguetas",
          "Tapabocas",
          "Tapers",
          "Voluntarios"
        ],
        "nombre": "Choco",
        "tipo": "rescate",
        "verificado": false
      },
      "type": "Feature"
    },
    {
      "geometry": {
        "coordinates": [
          -75.8750649,
          4.1579672
        ],
        "type": "Point"
      },
      "properties": {
        "barrio": "",
        "contacto": "",
        "departamento": "",
        "direccion": "Sevilla",
        "estado": "urgente",
        "fecha_corte": "2026-08-12T20:54:31Z",
        "fuente": "mapa-emergencia",
        "fuente_url": "https://mapa-emergencia.artefactofilms.workers.dev/#p=vq5apxkfq4ca",
        "id": "mapa-emergencia-d24d294165",
        "municipio": "",
        "necesita": [
          "Agua",
          "Botiquín",
          "Carpas",
          "Colchonetas",
          "Comida",
          "Comida para animales",
          "Electrolitos",
          "Gafas de seguridad",
          "Guantes de obra",
          "Linternas",
          "Palas",
          "Pañales",
          "Tapabocas"
        ],
        "nombre": "Sevilla",
        "tipo": "rescate",
        "verificado": false
      },
      "type": "Feature"
    },
    {
      "geometry": {
        "coordinates": [
          -76.4857267,
          3.4117988
        ],
        "type": "Point"
      },
      "properties": {
        "barrio": "",
        "contacto": "",
        "departamento": "",
        "direccion": "Hospital Isaías duarte",
        "estado": "urgente",
        "fecha_corte": "2026-08-12T20:54:31Z",
        "fuente": "mapa-emergencia",
        "fuente_url": "https://mapa-emergencia.artefactofilms.workers.dev/#p=98qb34zfxypx",
        "id": "mapa-emergencia-d254171e91",
        "municipio": "",
        "necesita": [
          "Agua",
          "Botiquín",
          "Comida",
          "Electrolitos",
          "Pañales",
          "Pañitos",
          "cepillo y crema de dientes",
          "crema número 4",
          "jabon",
          "jabón",
          "papel higiénico"
        ],
        "nombre": "Hospital Isaías duarte",
        "tipo": "rescate",
        "verificado": false
      },
      "type": "Feature"
    },
    {
      "geometry": {
        "coordinates": [
          -76.54659316205414,
          3.4255282406276297
        ],
        "type": "Point"
      },
      "properties": {
        "barrio": "",
        "contacto": "",
        "departamento": "",
        "direccion": "Calle 5 #38d-104 barrio san fernando ancianato",
        "estado": "urgente",
        "fecha_corte": "2026-08-12T20:54:31Z",
        "fuente": "mapa-emergencia",
        "fuente_url": "https://mapa-emergencia.artefactofilms.workers.dev/#p=x9zv4m6ejagj",
        "id": "mapa-emergencia-d25719df87",
        "municipio": "",
        "necesita": [
          "Botiquín",
          "Comida preparada - 70 cenas",
          "Electrolitos",
          "Pañales",
          "son 70 personas + ayudantes que necesitan ayuda"
        ],
        "nombre": "Calle 5 #38d-104 barrio san fernando ancianato",
        "tipo": "rescate",
        "verificado": false
      },
      "type": "Feature"
    },
    {
      "geometry": {
        "coordinates": [
          -76.5414834,
          3.3876644
        ],
        "type": "Point"
      },
      "properties": {
        "barrio": "",
        "contacto": "",
        "departamento": "",
        "direccion": "Calle 10A, Capri, Cali",
        "estado": "urgente",
        "fecha_corte": "2026-08-12T20:54:31Z",
        "fuente": "mapa-emergencia",
        "fuente_url": "https://mapa-emergencia.artefactofilms.workers.dev/#p=dxi3xhs4dfzj",
        "id": "mapa-emergencia-d27be90bf4",
        "municipio": "",
        "necesita": [
          "Compresas"
        ],
        "nombre": "Calle 10A, Capri, Cali",
        "tipo": "rescate",
        "verificado": false
      },
      "type": "Feature"
    },
    {
      "geometry": {
        "coordinates": [
          -76.20098294572504,
          4.070855638672111
        ],
        "type": "Point"
      },
      "properties": {
        "barrio": "",
        "contacto": "",
        "departamento": "",
        "direccion": "Naranjal",
        "estado": "urgente",
        "fecha_corte": "2026-08-12T20:54:31Z",
        "fuente": "mapa-emergencia",
        "fuente_url": "https://mapa-emergencia.artefactofilms.workers.dev/#p=fzuzhuq88hhh",
        "id": "mapa-emergencia-d392ca44d5",
        "municipio": "",
        "necesita": [
          "Agua",
          "Carpas",
          "Colchonetas",
          "Electrolitos",
          "Gafas de seguridad",
          "Guantes de obra",
          "Linternas",
          "Picas",
          "Porras",
          "Tapabocas"
        ],
        "nombre": "Naranjal",
        "tipo": "rescate",
        "verificado": false
      },
      "type": "Feature"
    },
    {
      "geometry": {
        "coordinates": [
          -76.5453959,
          3.4152742
        ],
        "type": "Point"
      },
      "properties": {
        "barrio": "",
        "contacto": "",
        "departamento": "",
        "direccion": "Calle 5E #47-57 Edificio El JAGUEY Cali valle del Cauca",
        "estado": "urgente",
        "fecha_corte": "2026-08-12T20:54:31Z",
        "fuente": "mapa-emergencia",
        "fuente_url": "https://mapa-emergencia.artefactofilms.workers.dev/#p=p55vzsmsdvhe",
        "id": "mapa-emergencia-d478e47ca6",
        "municipio": "",
        "necesita": [],
        "nombre": "Calle 5E #47-57 Edificio El JAGUEY Cali valle del Cauca",
        "tipo": "rescate",
        "verificado": false
      },
      "type": "Feature"
    },
    {
      "geometry": {
        "coordinates": [
          -76.52407058744956,
          3.3848666158337237
        ],
        "type": "Point"
      },
      "properties": {
        "barrio": "",
        "contacto": "",
        "departamento": "",
        "direccion": "Calle 53 número 98-91 Alameda central",
        "estado": "urgente",
        "fecha_corte": "2026-08-12T20:54:31Z",
        "fuente": "mapa-emergencia",
        "fuente_url": "https://mapa-emergencia.artefactofilms.workers.dev/#p=z7uz62jzz3uu",
        "id": "mapa-emergencia-d491892244",
        "municipio": "",
        "necesita": [],
        "nombre": "Calle 53 número 98-91 Alameda central",
        "tipo": "rescate",
        "verificado": false
      },
      "type": "Feature"
    },
    {
      "geometry": {
        "coordinates": [
          -76.54793494369827,
          3.396041947842647
        ],
        "type": "Point"
      },
      "properties": {
        "barrio": "Barrio Caldas",
        "contacto": "",
        "departamento": "",
        "direccion": "Calle 4 #66B - 52",
        "estado": "activo",
        "fecha_corte": "2026-08-12T20:54:31Z",
        "fuente": "mapa-emergencia",
        "fuente_url": "https://mapa-emergencia.artefactofilms.workers.dev/#p=eg3yixtfwdui",
        "id": "mapa-emergencia-d53974516b",
        "municipio": "",
        "necesita": [
          "Agua",
          "Cintas de seguridad",
          "Comida",
          "Electrolitos",
          "Gafas de seguridad",
          "Guantes de obra",
          "Linternas",
          "Porras",
          "Se necesita comida para los bomberos",
          "Tapabocas",
          "Voluntarios",
          "manos a disposición de gente que quiera ayudar y no estorbar."
        ],
        "nombre": "Conjunto Residencial Ariguani",
        "tipo": "rescate",
        "verificado": false
      },
      "type": "Feature"
    },
    {
      "geometry": {
        "coordinates": [
          -76.529063,
          3.4720515
        ],
        "type": "Point"
      },
      "properties": {
        "barrio": "",
        "contacto": "",
        "departamento": "",
        "direccion": "Carrera 41 F Número 49-47 Barrio unión de vivienda popular",
        "estado": "urgente",
        "fecha_corte": "2026-08-12T20:54:31Z",
        "fuente": "mapa-emergencia",
        "fuente_url": "https://mapa-emergencia.artefactofilms.workers.dev/#p=nwynvwij6yv7",
        "id": "mapa-emergencia-d63a7535f7",
        "municipio": "",
        "necesita": [
          "Agua",
          "Botiquín",
          "Carpas",
          "Colchonetas",
          "Comida",
          "Electrolitos",
          "Familias evacuadas"
        ],
        "nombre": "Carrera 41 F Número 49-47 Barrio unión de vivienda popular",
        "tipo": "rescate",
        "verificado": false
      },
      "type": "Feature"
    },
    {
      "geometry": {
        "coordinates": [
          -76.5351020777598,
          3.338153664011915
        ],
        "type": "Point"
      },
      "properties": {
        "barrio": "",
        "contacto": "",
        "departamento": "",
        "direccion": "Puerto 125",
        "estado": "urgente",
        "fecha_corte": "2026-08-12T20:54:31Z",
        "fuente": "mapa-emergencia",
        "fuente_url": "https://mapa-emergencia.artefactofilms.workers.dev/#p=ryrs2fy4iefs",
        "id": "mapa-emergencia-d64bfbca0a",
        "municipio": "",
        "necesita": [
          "Agua",
          "Carpas",
          "Gafas de seguridad",
          "Guantes de obra",
          "Tapabocas",
          "Voluntarios"
        ],
        "nombre": "Puerto 125",
        "tipo": "rescate",
        "verificado": false
      },
      "type": "Feature"
    },
    {
      "geometry": {
        "coordinates": [
          -75.99632263183594,
          4.794989273939586
        ],
        "type": "Point"
      },
      "properties": {
        "barrio": "",
        "contacto": "",
        "departamento": "",
        "direccion": "Ansermanuevo",
        "estado": "por-confirmar",
        "fecha_corte": "2026-08-12T20:54:31Z",
        "fuente": "mapa-emergencia",
        "fuente_url": "https://mapa-emergencia.artefactofilms.workers.dev/#p=fq367nrikrji",
        "id": "mapa-emergencia-d731e0ae0d",
        "municipio": "",
        "necesita": [
          "Agua",
          "Botiquín",
          "Colchonetas",
          "Comida",
          "Comida para animales",
          "Materiales de construcción",
          "Voluntarios"
        ],
        "nombre": "Ansermanuevo",
        "tipo": "rescate",
        "verificado": false
      },
      "type": "Feature"
    },
    {
      "geometry": {
        "coordinates": [
          -76.5478215,
          3.395985
        ],
        "type": "Point"
      },
      "properties": {
        "barrio": "",
        "contacto": "",
        "departamento": "",
        "direccion": "Carrera 67#4-10 refugio",
        "estado": "urgente",
        "fecha_corte": "2026-08-12T20:54:31Z",
        "fuente": "mapa-emergencia",
        "fuente_url": "https://mapa-emergencia.artefactofilms.workers.dev/#p=jayrr8mcsxn4",
        "id": "mapa-emergencia-d747280faf",
        "municipio": "",
        "necesita": [
          "Carpas",
          "Cascos",
          "Cinceles",
          "Discos de pulidora",
          "Electrolitos",
          "Gafas de seguridad",
          "Guantes de obra",
          "HIELO",
          "Linternas",
          "Neveras de icopor",
          "Palas",
          "Percutores",
          "Pulidoras"
        ],
        "nombre": "Carrera 67#4-10 refugio",
        "tipo": "rescate",
        "verificado": false
      },
      "type": "Feature"
    },
    {
      "geometry": {
        "coordinates": [
          -76.54307574033739,
          3.377194260743697
        ],
        "type": "Point"
      },
      "properties": {
        "barrio": "",
        "contacto": "",
        "departamento": "",
        "direccion": "Centro de acopio Colegio Bilingüe Lacordaire",
        "estado": "urgente",
        "fecha_corte": "2026-08-12T20:54:31Z",
        "fuente": "mapa-emergencia",
        "fuente_url": "https://mapa-emergencia.artefactofilms.workers.dev/#p=762tppjivm5p",
        "id": "mapa-emergencia-d8bfca6637",
        "municipio": "",
        "necesita": [
          "Agua",
          "Carpas",
          "Colchonetas",
          "Gafas de seguridad",
          "Guantes de obra",
          "Kit de sutura",
          "Linternas",
          "Pañales",
          "Tapabocas"
        ],
        "nombre": "Centro de acopio Colegio Bilingüe Lacordaire",
        "tipo": "rescate",
        "verificado": false
      },
      "type": "Feature"
    },
    {
      "geometry": {
        "coordinates": [
          -76.54710173685278,
          3.4250649955013786
        ],
        "type": "Point"
      },
      "properties": {
        "barrio": "",
        "contacto": "",
        "departamento": "",
        "direccion": "calle 5#38d-104",
        "estado": "por-confirmar",
        "fecha_corte": "2026-08-12T20:54:31Z",
        "fuente": "mapa-emergencia",
        "fuente_url": "https://mapa-emergencia.artefactofilms.workers.dev/#p=6tnjmy7g4dai",
        "id": "mapa-emergencia-d8fe7fe955",
        "municipio": "",
        "necesita": [
          "Comida"
        ],
        "nombre": "COMIDA PREPARADA PARA ADULTOS MAYORES",
        "tipo": "rescate",
        "verificado": false
      },
      "type": "Feature"
    },
    {
      "geometry": {
        "coordinates": [
          -76.5872909501195,
          3.462292441202607
        ],
        "type": "Point"
      },
      "properties": {
        "barrio": "Vista Hermosa",
        "contacto": "",
        "departamento": "",
        "direccion": "",
        "estado": "urgente",
        "fecha_corte": "2026-08-12T20:54:31Z",
        "fuente": "mapa-emergencia",
        "fuente_url": "https://mapa-emergencia.artefactofilms.workers.dev/#p=wks5hxu9npnc",
        "id": "mapa-emergencia-d908444d46",
        "municipio": "",
        "necesita": [
          "Agua",
          "Botiquín",
          "Carpas",
          "Colchonetas",
          "Comida",
          "Comida para animales",
          "Electrolitos",
          "Pañales"
        ],
        "nombre": "Centro Cultural Comuna 1 - Vista Hermosa",
        "tipo": "acopio",
        "verificado": false
      },
      "type": "Feature"
    },
    {
      "geometry": {
        "coordinates": [
          -76.6893973,
          3.658161
        ],
        "type": "Point"
      },
      "properties": {
        "barrio": "",
        "contacto": "",
        "departamento": "",
        "direccion": "Dagua",
        "estado": "urgente",
        "fecha_corte": "2026-08-12T20:54:31Z",
        "fuente": "mapa-emergencia",
        "fuente_url": "https://mapa-emergencia.artefactofilms.workers.dev/#p=it3tsszuu3is",
        "id": "mapa-emergencia-d92585f847",
        "municipio": "",
        "necesita": [
          "Agua",
          "Baldes",
          "Botiquín",
          "Carpas",
          "Cinceles",
          "Cintas de seguridad",
          "Comida",
          "Construir casas",
          "Costales",
          "Discos de pulidora",
          "Electrolitos",
          "Linternas",
          "Palas",
          "Picas",
          "Seguetas",
          "Tapabocas",
          "Tapers",
          "Voluntarios"
        ],
        "nombre": "Dagua",
        "tipo": "rescate",
        "verificado": false
      },
      "type": "Feature"
    },
    {
      "geometry": {
        "coordinates": [
          -76.4710717,
          3.42412
        ],
        "type": "Point"
      },
      "properties": {
        "barrio": "",
        "contacto": "",
        "departamento": "",
        "direccion": "En cualquier lugar",
        "estado": "urgente",
        "fecha_corte": "2026-08-12T20:54:31Z",
        "fuente": "mapa-emergencia",
        "fuente_url": "https://mapa-emergencia.artefactofilms.workers.dev/#p=rvte529zhxes",
        "id": "mapa-emergencia-d99feb8351",
        "municipio": "",
        "necesita": [],
        "nombre": "En cualquier lugar",
        "tipo": "rescate",
        "verificado": false
      },
      "type": "Feature"
    },
    {
      "geometry": {
        "coordinates": [
          -76.4775036,
          3.4401409
        ],
        "type": "Point"
      },
      "properties": {
        "barrio": "",
        "contacto": "",
        "departamento": "",
        "direccion": "Calle 26b #46c14",
        "estado": "por-confirmar",
        "fecha_corte": "2026-08-12T20:54:31Z",
        "fuente": "mapa-emergencia",
        "fuente_url": "https://mapa-emergencia.artefactofilms.workers.dev/#p=5n9ti4jvj4ty",
        "id": "mapa-emergencia-dacd59e0d5",
        "municipio": "",
        "necesita": [
          "Carpas",
          "Colchonetas",
          "Comida para animales",
          "Pañales"
        ],
        "nombre": "Calle 26b #46c14",
        "tipo": "rescate",
        "verificado": false
      },
      "type": "Feature"
    },
    {
      "geometry": {
        "coordinates": [
          -76.4941265,
          3.4186978
        ],
        "type": "Point"
      },
      "properties": {
        "barrio": "",
        "contacto": "",
        "departamento": "",
        "direccion": "Hospital Carlos Holmes Trujillo",
        "estado": "urgente",
        "fecha_corte": "2026-08-12T20:54:31Z",
        "fuente": "mapa-emergencia",
        "fuente_url": "https://mapa-emergencia.artefactofilms.workers.dev/#p=wkju9urm",
        "id": "mapa-emergencia-db626fd061",
        "municipio": "",
        "necesita": [
          "Agua",
          "Solo necesitan electrolit"
        ],
        "nombre": "Hospital Carlos Holmes Trujillo — evacuación",
        "tipo": "salud",
        "verificado": false
      },
      "type": "Feature"
    },
    {
      "geometry": {
        "coordinates": [
          -76.4788881,
          3.0153147
        ],
        "type": "Point"
      },
      "properties": {
        "barrio": "",
        "contacto": "",
        "departamento": "",
        "direccion": "BG 4 MZ PARQUE INDUSTRIAL EL PARAISO",
        "estado": "por-confirmar",
        "fecha_corte": "2026-08-12T20:54:31Z",
        "fuente": "mapa-emergencia",
        "fuente_url": "https://mapa-emergencia.artefactofilms.workers.dev/#p=gm8rqjj9pjdy",
        "id": "mapa-emergencia-dc46e676d0",
        "municipio": "",
        "necesita": [],
        "nombre": "BG 4 MZ PARQUE INDUSTRIAL EL PARAISO",
        "tipo": "rescate",
        "verificado": false
      },
      "type": "Feature"
    },
    {
      "geometry": {
        "coordinates": [
          -76.49057820439339,
          3.4802095216056617
        ],
        "type": "Point"
      },
      "properties": {
        "barrio": "",
        "contacto": "",
        "departamento": "",
        "direccion": "Coliseo / metropolitano del norte carrera 1 a 12 # 69/20",
        "estado": "urgente",
        "fecha_corte": "2026-08-12T20:54:31Z",
        "fuente": "mapa-emergencia",
        "fuente_url": "https://mapa-emergencia.artefactofilms.workers.dev/#p=iegz622fgqtq",
        "id": "mapa-emergencia-dc7a45115a",
        "municipio": "",
        "necesita": [
          "Botiquín",
          "Costales",
          "Electrolitos",
          "Micropore",
          "Tapabocas",
          "desodorante",
          "jabón líquido",
          "lentejas"
        ],
        "nombre": "Coliseo / metropolitano del norte carrera 1 a 12 # 69/20",
        "tipo": "rescate",
        "verificado": false
      },
      "type": "Feature"
    },
    {
      "geometry": {
        "coordinates": [
          -76.5343477,
          3.4175826
        ],
        "type": "Point"
      },
      "properties": {
        "barrio": "",
        "contacto": "",
        "departamento": "",
        "direccion": "Carrera 56 # 2-157 Edificio Sottomonte",
        "estado": "urgente",
        "fecha_corte": "2026-08-12T20:54:31Z",
        "fuente": "mapa-emergencia",
        "fuente_url": "https://mapa-emergencia.artefactofilms.workers.dev/#p=wzyxq3su385e",
        "id": "mapa-emergencia-dcd37b2310",
        "municipio": "",
        "necesita": [],
        "nombre": "Carrera 56 # 2-157 Edificio Sottomonte",
        "tipo": "rescate",
        "verificado": false
      },
      "type": "Feature"
    },
    {
      "geometry": {
        "coordinates": [
          -76.53329235929209,
          3.415586268991817
        ],
        "type": "Point"
      },
      "properties": {
        "barrio": "",
        "contacto": "",
        "departamento": "",
        "direccion": "Calle 12 #29b-78",
        "estado": "urgente",
        "fecha_corte": "2026-08-12T20:54:31Z",
        "fuente": "mapa-emergencia",
        "fuente_url": "https://mapa-emergencia.artefactofilms.workers.dev/#p=2qskzdxw5rny",
        "id": "mapa-emergencia-dced2d279b",
        "municipio": "",
        "necesita": [],
        "nombre": "Calle 12 #29b-78",
        "tipo": "rescate",
        "verificado": false
      },
      "type": "Feature"
    },
    {
      "geometry": {
        "coordinates": [
          -76.5584663,
          3.4127883
        ],
        "type": "Point"
      },
      "properties": {
        "barrio": "",
        "contacto": "",
        "departamento": "",
        "direccion": "Calle 6 oeste #51 65",
        "estado": "urgente",
        "fecha_corte": "2026-08-12T20:54:31Z",
        "fuente": "mapa-emergencia",
        "fuente_url": "https://mapa-emergencia.artefactofilms.workers.dev/#p=7qbmk5nihmea",
        "id": "mapa-emergencia-dd4604da21",
        "municipio": "",
        "necesita": [
          "Voluntarios"
        ],
        "nombre": "Calle 6 oeste #51 65",
        "tipo": "rescate",
        "verificado": false
      },
      "type": "Feature"
    },
    {
      "geometry": {
        "coordinates": [
          -76.54803035056912,
          3.419867673176738
        ],
        "type": "Point"
      },
      "properties": {
        "barrio": "",
        "contacto": "",
        "departamento": "",
        "direccion": "Cimivet",
        "estado": "urgente",
        "fecha_corte": "2026-08-12T20:54:31Z",
        "fuente": "mapa-emergencia",
        "fuente_url": "https://mapa-emergencia.artefactofilms.workers.dev/#p=yngiv3jc228y",
        "id": "mapa-emergencia-ddc1dc2117",
        "municipio": "",
        "necesita": [
          "Baldes",
          "Barras de demolición",
          "Cintas de seguridad",
          "Costales",
          "Gafas de seguridad",
          "Linternas",
          "Palas",
          "Picas"
        ],
        "nombre": "Cimivet",
        "tipo": "rescate",
        "verificado": false
      },
      "type": "Feature"
    },
    {
      "geometry": {
        "coordinates": [
          -76.4728208,
          3.4221986
        ],
        "type": "Point"
      },
      "properties": {
        "barrio": "",
        "contacto": "",
        "departamento": "",
        "direccion": "Calle 2 a 93 a 176 Melendez",
        "estado": "urgente",
        "fecha_corte": "2026-08-12T20:54:31Z",
        "fuente": "mapa-emergencia",
        "fuente_url": "https://mapa-emergencia.artefactofilms.workers.dev/#p=zabvz3pjennp",
        "id": "mapa-emergencia-de4aaaf8c4",
        "municipio": "",
        "necesita": [
          "Agua",
          "Baldes",
          "Botiquín",
          "Colchonetas",
          "Gafas de seguridad",
          "Guantes de obra",
          "Linternas",
          "Palas",
          "Sábanas",
          "medicamento"
        ],
        "nombre": "Calle 2 a 93 a 176 Melendez",
        "tipo": "rescate",
        "verificado": false
      },
      "type": "Feature"
    },
    {
      "geometry": {
        "coordinates": [
          -76.1213087,
          4.7270067
        ],
        "type": "Point"
      },
      "properties": {
        "barrio": "",
        "contacto": "",
        "departamento": "",
        "direccion": "Argelia Valle",
        "estado": "urgente",
        "fecha_corte": "2026-08-12T20:54:31Z",
        "fuente": "mapa-emergencia",
        "fuente_url": "https://mapa-emergencia.artefactofilms.workers.dev/#p=gem9qtqt9vcs",
        "id": "mapa-emergencia-de5a7b053c",
        "municipio": "",
        "necesita": [
          "Agua",
          "Carpas",
          "Cobijas",
          "Colchonetas",
          "Comida",
          "Palas",
          "Pañales",
          "Picas",
          "Voluntarios"
        ],
        "nombre": "Argelia Valle",
        "tipo": "rescate",
        "verificado": false
      },
      "type": "Feature"
    },
    {
      "geometry": {
        "coordinates": [
          -76.5602019,
          3.3649123
        ],
        "type": "Point"
      },
      "properties": {
        "barrio": "",
        "contacto": "",
        "departamento": "",
        "direccion": "La buitrera km 8.5",
        "estado": "urgente",
        "fecha_corte": "2026-08-12T20:54:31Z",
        "fuente": "mapa-emergencia",
        "fuente_url": "https://mapa-emergencia.artefactofilms.workers.dev/#p=52huszhw3y97",
        "id": "mapa-emergencia-de66c7c2fb",
        "municipio": "",
        "necesita": [
          "Agua",
          "Baldes",
          "Botiquín",
          "Carpas",
          "Colchonetas",
          "Comida",
          "Comida para animales",
          "Costales",
          "Linternas",
          "Pañales",
          "Tapers"
        ],
        "nombre": "La buitrera km 8.5",
        "tipo": "rescate",
        "verificado": false
      },
      "type": "Feature"
    },
    {
      "geometry": {
        "coordinates": [
          -76.58117291489776,
          3.482208187223329
        ],
        "type": "Point"
      },
      "properties": {
        "barrio": "",
        "contacto": "",
        "departamento": "",
        "direccion": "Villaconto",
        "estado": "por-confirmar",
        "fecha_corte": "2026-08-12T20:54:31Z",
        "fuente": "mapa-emergencia",
        "fuente_url": "https://mapa-emergencia.artefactofilms.workers.dev/#p=rqx4428c892n",
        "id": "mapa-emergencia-e07ed78ca0",
        "municipio": "",
        "necesita": [],
        "nombre": "Villaconto",
        "tipo": "rescate",
        "verificado": false
      },
      "type": "Feature"
    },
    {
      "geometry": {
        "coordinates": [
          -76.1543744,
          4.4091166
        ],
        "type": "Point"
      },
      "properties": {
        "barrio": "",
        "contacto": "",
        "departamento": "",
        "direccion": "Roldanillo",
        "estado": "urgente",
        "fecha_corte": "2026-08-12T20:54:31Z",
        "fuente": "mapa-emergencia",
        "fuente_url": "https://mapa-emergencia.artefactofilms.workers.dev/#p=nprvrip8wp9a",
        "id": "mapa-emergencia-e135412dcc",
        "municipio": "",
        "necesita": [
          "Agua",
          "Baldes",
          "Colchonetas",
          "Gafas de seguridad",
          "Gasolina",
          "Guantes de obra",
          "Linternas",
          "Palas",
          "Pañales XL para ancianos",
          "Picas",
          "Tapabocas",
          "Voluntarios"
        ],
        "nombre": "Roldanillo",
        "tipo": "rescate",
        "verificado": false
      },
      "type": "Feature"
    },
    {
      "geometry": {
        "coordinates": [
          -76.4953673,
          3.4220824
        ],
        "type": "Point"
      },
      "properties": {
        "barrio": "",
        "contacto": "",
        "departamento": "",
        "direccion": "Los Robles",
        "estado": "urgente",
        "fecha_corte": "2026-08-12T20:54:31Z",
        "fuente": "mapa-emergencia",
        "fuente_url": "https://mapa-emergencia.artefactofilms.workers.dev/#p=yyeixbrt2qza",
        "id": "mapa-emergencia-e21e29ae60",
        "municipio": "",
        "necesita": [
          "Agua",
          "Botiquín",
          "Carpas",
          "Colchonetas",
          "Comida",
          "Comida para animales",
          "Linternas",
          "Pañales",
          "Tapabocas"
        ],
        "nombre": "Los Robles",
        "tipo": "rescate",
        "verificado": false
      },
      "type": "Feature"
    },
    {
      "geometry": {
        "coordinates": [
          -76.499012,
          3.4813295
        ],
        "type": "Point"
      },
      "properties": {
        "barrio": "Chiminangos",
        "contacto": "Anon",
        "departamento": "Valle del Cauca",
        "direccion": "Chiminangos cali",
        "estado": "urgente",
        "fecha_corte": "2026-08-12T20:54:31Z",
        "fuente": "mapa-emergencia",
        "fuente_url": "https://mapa-emergencia.artefactofilms.workers.dev/#p=isj7q57q938z",
        "id": "mapa-emergencia-e28fd28dcb",
        "municipio": "Cali",
        "necesita": [
          "Mano de obra",
          "Otras necesidades",
          "Se necesita un baño portátil (faltan 1 unidades)",
          "Voluntarios",
          "Voluntarios de apoyo para armar kits (faltan 10 personas)"
        ],
        "nombre": "Chiminangos cali",
        "tipo": "rescate",
        "verificado": false
      },
      "type": "Feature"
    },
    {
      "geometry": {
        "coordinates": [
          -76.4882869,
          3.4680715
        ],
        "type": "Point"
      },
      "properties": {
        "barrio": "",
        "contacto": "",
        "departamento": "",
        "direccion": "Carrera 4c1 61-05",
        "estado": "por-confirmar",
        "fecha_corte": "2026-08-12T20:54:31Z",
        "fuente": "mapa-emergencia",
        "fuente_url": "https://mapa-emergencia.artefactofilms.workers.dev/#p=ind27cspqwv2",
        "id": "mapa-emergencia-e2cad134fa",
        "municipio": "",
        "necesita": [],
        "nombre": "Carrera 4c1 61-05",
        "tipo": "rescate",
        "verificado": false
      },
      "type": "Feature"
    },
    {
      "geometry": {
        "coordinates": [
          -76.54769515975205,
          3.397222623281049
        ],
        "type": "Point"
      },
      "properties": {
        "barrio": "",
        "contacto": "Edward / Karen · 301 2881481",
        "departamento": "",
        "direccion": "Calle 4 #66B-52, detrás del edificio Miroliving",
        "estado": "urgente",
        "fecha_corte": "2026-08-12T20:54:31Z",
        "fuente": "mapa-emergencia",
        "fuente_url": "https://mapa-emergencia.artefactofilms.workers.dev/#p=i5m5vyr3",
        "id": "mapa-emergencia-e2d3f54134",
        "municipio": "",
        "necesita": [
          "Antibióticos",
          "Gafas de seguridad",
          "Guantes de obra",
          "Iluminación",
          "Linternas",
          "Medicamentos endovenosos",
          "Pilas",
          "cascos y guantes"
        ],
        "nombre": "El Refugio",
        "tipo": "olla",
        "verificado": false
      },
      "type": "Feature"
    },
    {
      "geometry": {
        "coordinates": [
          -75.76225236378394,
          4.623478324739561
        ],
        "type": "Point"
      },
      "properties": {
        "barrio": "",
        "contacto": "",
        "departamento": "",
        "direccion": "Alcaldía de Quimbaya",
        "estado": "urgente",
        "fecha_corte": "2026-08-12T20:54:31Z",
        "fuente": "mapa-emergencia",
        "fuente_url": "https://mapa-emergencia.artefactofilms.workers.dev/#p=u8sqypk942wz",
        "id": "mapa-emergencia-e417f13e26",
        "municipio": "",
        "necesita": [
          "Barras de demolición",
          "Botiquín",
          "Gafas de seguridad",
          "Palas",
          "Percutores",
          "Picas",
          "Porras",
          "Tapabocas"
        ],
        "nombre": "Quimbaya",
        "tipo": "rescate",
        "verificado": false
      },
      "type": "Feature"
    },
    {
      "geometry": {
        "coordinates": [
          -76.4793806,
          3.5758945
        ],
        "type": "Point"
      },
      "properties": {
        "barrio": "",
        "contacto": "",
        "departamento": "",
        "direccion": "Hacienda verde torre 7",
        "estado": "descartado",
        "fecha_corte": "2026-08-12T20:54:31Z",
        "fuente": "mapa-emergencia",
        "fuente_url": "https://mapa-emergencia.artefactofilms.workers.dev/#p=x8hgsci3drgf",
        "id": "mapa-emergencia-e45385e8cc",
        "municipio": "",
        "necesita": [],
        "nombre": "Hacienda verde torre 7",
        "tipo": "otro",
        "verificado": false
      },
      "type": "Feature"
    },
    {
      "geometry": {
        "coordinates": [
          -76.51586204767229,
          3.360616820889383
        ],
        "type": "Point"
      },
      "properties": {
        "barrio": "",
        "contacto": "",
        "departamento": "",
        "direccion": "Cl. 48 #106 -83",
        "estado": "urgente",
        "fecha_corte": "2026-08-12T20:54:31Z",
        "fuente": "mapa-emergencia",
        "fuente_url": "https://mapa-emergencia.artefactofilms.workers.dev/#p=gai4v8z5u4ga",
        "id": "mapa-emergencia-e505041144",
        "municipio": "",
        "necesita": [
          "Bolsas",
          "Conector para cámara sonda",
          "Costales",
          "Hielo",
          "Neveras de icopor",
          "Tarros de pintura para escombros"
        ],
        "nombre": "Donaciones frente a OXXO de Bochalema",
        "tipo": "acopio",
        "verificado": false
      },
      "type": "Feature"
    },
    {
      "geometry": {
        "coordinates": [
          -76.53579711914065,
          3.4228641686641708
        ],
        "type": "Point"
      },
      "properties": {
        "barrio": "",
        "contacto": "",
        "departamento": "",
        "direccion": "Restrepo",
        "estado": "por-confirmar",
        "fecha_corte": "2026-08-12T20:54:31Z",
        "fuente": "mapa-emergencia",
        "fuente_url": "https://mapa-emergencia.artefactofilms.workers.dev/#p=ynf6sjmpy36b",
        "id": "mapa-emergencia-e645642bc3",
        "municipio": "",
        "necesita": [],
        "nombre": "Restrepo",
        "tipo": "rescate",
        "verificado": false
      },
      "type": "Feature"
    },
    {
      "geometry": {
        "coordinates": [
          -76.6404617,
          3.6362175
        ],
        "type": "Point"
      },
      "properties": {
        "barrio": "",
        "contacto": "",
        "departamento": "",
        "direccion": "Lomitas la cumbre",
        "estado": "urgente",
        "fecha_corte": "2026-08-12T20:54:31Z",
        "fuente": "mapa-emergencia",
        "fuente_url": "https://mapa-emergencia.artefactofilms.workers.dev/#p=hvxkdj47c6r8",
        "id": "mapa-emergencia-e81b7a2698",
        "municipio": "",
        "necesita": [
          "Agua",
          "Colchonetas",
          "Comida",
          "Linternas",
          "Palas",
          "Tapabocas",
          "Voluntarios"
        ],
        "nombre": "Lomitas la cumbre",
        "tipo": "rescate",
        "verificado": false
      },
      "type": "Feature"
    },
    {
      "geometry": {
        "coordinates": [
          -76.53915670142096,
          3.416577609408951
        ],
        "type": "Point"
      },
      "properties": {
        "barrio": "Los Cámbulos",
        "contacto": "Anon — 3218097676",
        "departamento": "Valle del Cauca",
        "direccion": "Cra 44 #9-35",
        "estado": "urgente",
        "fecha_corte": "2026-08-12T20:54:31Z",
        "fuente": "mapa-emergencia",
        "fuente_url": "https://mapa-emergencia.artefactofilms.workers.dev/#p=zqpbt8z5",
        "id": "mapa-emergencia-e9690602b4",
        "municipio": "Cali",
        "necesita": [
          "ACPM",
          "Aceite 2 tiempos (faltan 50 unidades)",
          "Botiquín",
          "Cascos",
          "Cascos de protección",
          "Discos de pulidora",
          "Discos para pulidoras (faltan 20 unidades)",
          "Electrolitos",
          "Extensiones",
          "Gafas de seguridad",
          "Gasolina (faltan 20 unidades)",
          "Gatos eléctricos",
          "Herramientas",
          "Linternas",
          "Martillos eléctricos (faltan 20 unidades)",
          "Panel eléctrico",
          "Picas y Porras (faltan 20 unidades)",
          "Plantas Eléctricas (faltan 5 unidades)",
          "Pulidoras (faltan 20 unidades)",
          "Seguetas",
          "Taladro rotomartillo",
          "Taladros",
          "Todo lo que sirva para romper vigas (faltan 50 unidades)",
          "analgésicos"
        ],
        "nombre": "Edificio Vanessa",
        "tipo": "rescate",
        "verificado": false
      },
      "type": "Feature"
    },
    {
      "geometry": {
        "coordinates": [
          -76.5270691,
          3.4214837499999997
        ],
        "type": "Point"
      },
      "properties": {
        "barrio": "",
        "contacto": "",
        "departamento": "",
        "direccion": "Punto de acopio hacia el norte del valle carrera 38 #6-50 barrio eucarístico",
        "estado": "activo",
        "fecha_corte": "2026-08-12T20:54:31Z",
        "fuente": "mapa-emergencia",
        "fuente_url": "https://mapa-emergencia.artefactofilms.workers.dev/#p=kphmd69kkh5a",
        "id": "mapa-emergencia-e9ee438a49",
        "municipio": "",
        "necesita": [
          "Agua",
          "Baldes",
          "Barras de demolición",
          "Botiquín",
          "Carpas",
          "Cinceles",
          "Colchonetas",
          "Comida",
          "Comida para animales",
          "Discos de pulidora",
          "Gafas de seguridad",
          "Linternas",
          "Palas",
          "Picas",
          "Seguetas",
          "Todo tipo de insumos"
        ],
        "nombre": "Punto de acopio hacia el norte del valle carrera 38 #6-50 barrio eucarístico",
        "tipo": "acopio",
        "verificado": false
      },
      "type": "Feature"
    },
    {
      "geometry": {
        "coordinates": [
          -76.55184,
          3.3739052
        ],
        "type": "Point"
      },
      "properties": {
        "barrio": "",
        "contacto": "",
        "departamento": "",
        "direccion": "Cra 94c#2-46",
        "estado": "urgente",
        "fecha_corte": "2026-08-12T20:54:31Z",
        "fuente": "mapa-emergencia",
        "fuente_url": "https://mapa-emergencia.artefactofilms.workers.dev/#p=srezijivne6c",
        "id": "mapa-emergencia-eaa1c60ca7",
        "municipio": "",
        "necesita": [
          "Agua",
          "Colchonetas",
          "Comida",
          "Linternas",
          "Transporte"
        ],
        "nombre": "Cra 94c#2-46",
        "tipo": "rescate",
        "verificado": false
      },
      "type": "Feature"
    },
    {
      "geometry": {
        "coordinates": [
          -76.54893879633242,
          3.395721473620146
        ],
        "type": "Point"
      },
      "properties": {
        "barrio": "",
        "contacto": "",
        "departamento": "",
        "direccion": "Se requieren médicos y paramédicos en Carrera 67 con 3era B, barrio El Refugio. Para relevo porfa",
        "estado": "urgente",
        "fecha_corte": "2026-08-12T20:54:31Z",
        "fuente": "mapa-emergencia",
        "fuente_url": "https://mapa-emergencia.artefactofilms.workers.dev/#p=avf2twd5df8i",
        "id": "mapa-emergencia-eacd831dc0",
        "municipio": "",
        "necesita": [
          "CASCOS de construcción",
          "Gasas",
          "Suturas"
        ],
        "nombre": "Se requieren médicos y paramédicos en Carrera 67 con 3era B, barrio El Refugio. Para relevo porfa",
        "tipo": "rescate",
        "verificado": false
      },
      "type": "Feature"
    },
    {
      "geometry": {
        "coordinates": [
          -76.54182239920763,
          3.4151183750735896
        ],
        "type": "Point"
      },
      "properties": {
        "barrio": "Nueva Tequendama",
        "contacto": "María / María · 305 3063148",
        "departamento": "Valle del Cauca",
        "direccion": "Carrera 46 #8-20",
        "estado": "urgente",
        "fecha_corte": "2026-08-12T20:54:31Z",
        "fuente": "mapa-emergencia",
        "fuente_url": "https://mapa-emergencia.artefactofilms.workers.dev/#p=mecdg4cf",
        "id": "mapa-emergencia-ead4450973",
        "municipio": "Cali",
        "necesita": [
          "Apoyo logístico",
          "Cascos",
          "Chalecos reflectivos (faltan 50 unidades)",
          "Colapso de infraestructura",
          "Linternas (faltan 50 unidades)",
          "Otras necesidades",
          "Rescatistas"
        ],
        "nombre": "Tequendama — Edificio Cantabria",
        "tipo": "rescate",
        "verificado": false
      },
      "type": "Feature"
    },
    {
      "geometry": {
        "coordinates": [
          -76.54161393642427,
          3.4250337722622066
        ],
        "type": "Point"
      },
      "properties": {
        "barrio": "",
        "contacto": "",
        "departamento": "",
        "direccion": "Carrera 37 2bis # 5b 5 - 68",
        "estado": "por-confirmar",
        "fecha_corte": "2026-08-12T20:54:31Z",
        "fuente": "mapa-emergencia",
        "fuente_url": "https://mapa-emergencia.artefactofilms.workers.dev/#p=pug5w3jyas74",
        "id": "mapa-emergencia-ec51a6fe97",
        "municipio": "",
        "necesita": [
          "Voluntarios"
        ],
        "nombre": "Carrera 37 2bis # 5b 5 - 68",
        "tipo": "rescate",
        "verificado": false
      },
      "type": "Feature"
    },
    {
      "geometry": {
        "coordinates": [
          -76.5065682,
          3.4317853
        ],
        "type": "Point"
      },
      "properties": {
        "barrio": "",
        "contacto": "",
        "departamento": "",
        "direccion": "Paraíso Cali",
        "estado": "urgente",
        "fecha_corte": "2026-08-12T20:54:31Z",
        "fuente": "mapa-emergencia",
        "fuente_url": "https://mapa-emergencia.artefactofilms.workers.dev/#p=35aamz5ncqna",
        "id": "mapa-emergencia-ec585e2d4d",
        "municipio": "",
        "necesita": [],
        "nombre": "Paraíso Cali",
        "tipo": "rescate",
        "verificado": false
      },
      "type": "Feature"
    },
    {
      "geometry": {
        "coordinates": [
          -76.55056071404871,
          3.37522910838057
        ],
        "type": "Point"
      },
      "properties": {
        "barrio": "",
        "contacto": "",
        "departamento": "",
        "direccion": "Calle 2b #94a-21 Altos de Meléndez",
        "estado": "urgente",
        "fecha_corte": "2026-08-12T20:54:31Z",
        "fuente": "mapa-emergencia",
        "fuente_url": "https://mapa-emergencia.artefactofilms.workers.dev/#p=a7hcs6f2p7u6",
        "id": "mapa-emergencia-ecce427d24",
        "municipio": "",
        "necesita": [
          "Agua",
          "Botiquín",
          "Carpas",
          "Colchonetas",
          "Comida para animales",
          "Electrolitos",
          "Linternas",
          "Pañales"
        ],
        "nombre": "Calle 2b #94a-21 Altos de Meléndez",
        "tipo": "rescate",
        "verificado": false
      },
      "type": "Feature"
    },
    {
      "geometry": {
        "coordinates": [
          -76.48469209671022,
          3.486944820783777
        ],
        "type": "Point"
      },
      "properties": {
        "barrio": "",
        "contacto": "",
        "departamento": "",
        "direccion": "Carrera 1A 5B, 73-5",
        "estado": "por-confirmar",
        "fecha_corte": "2026-08-12T20:54:31Z",
        "fuente": "mapa-emergencia",
        "fuente_url": "https://mapa-emergencia.artefactofilms.workers.dev/#p=cnubgc63pus7",
        "id": "mapa-emergencia-ed5693d252",
        "municipio": "",
        "necesita": [],
        "nombre": "Carrera 1A 5B, 73-5",
        "tipo": "rescate",
        "verificado": false
      },
      "type": "Feature"
    },
    {
      "geometry": {
        "coordinates": [
          -76.53993650518814,
          3.4168017622435043
        ],
        "type": "Point"
      },
      "properties": {
        "barrio": "Los Cámbulos",
        "contacto": "",
        "departamento": "",
        "direccion": "Calle 9 #44",
        "estado": "urgente",
        "fecha_corte": "2026-08-12T20:54:31Z",
        "fuente": "mapa-emergencia",
        "fuente_url": "https://mapa-emergencia.artefactofilms.workers.dev/#p=pafyeghghx4m",
        "id": "mapa-emergencia-ede81ba0d9",
        "municipio": "",
        "necesita": [
          "Agua",
          "Cascos"
        ],
        "nombre": "Separador diagonal a Hotel Metrópolis Plaza",
        "tipo": "rescate",
        "verificado": false
      },
      "type": "Feature"
    },
    {
      "geometry": {
        "coordinates": [
          -76.54171861237623,
          3.4151906517468644
        ],
        "type": "Point"
      },
      "properties": {
        "barrio": "",
        "contacto": "",
        "departamento": "",
        "direccion": "calle 8B con carrera 45",
        "estado": "urgente",
        "fecha_corte": "2026-08-12T20:54:31Z",
        "fuente": "mapa-emergencia",
        "fuente_url": "https://mapa-emergencia.artefactofilms.workers.dev/#p=twdbxz3bmakx",
        "id": "mapa-emergencia-ee1e7effcf",
        "municipio": "",
        "necesita": [
          "Baldes",
          "Barras de demolición",
          "Cinceles",
          "Discos de pulidora",
          "Extensiones",
          "Gafas de seguridad",
          "Guantes de obra",
          "LA GENTE NO SABE QUE HACER",
          "Linternas",
          "MAQUINARIA",
          "Martillos - herramientas en general- comida tienen pero no tienen herramientas de trabajo ( linternas y EXTENSIONES )",
          "NO HAY PROFESIONALES",
          "Palas",
          "Picas",
          "Porras",
          "SE NECESITAN PROFESIONALES",
          "Seguetas",
          "TALADROS",
          "TECNOLOGIA",
          "Tapabocas"
        ],
        "nombre": "calle 8B con carrera 45",
        "tipo": "rescate",
        "verificado": false
      },
      "type": "Feature"
    },
    {
      "geometry": {
        "coordinates": [
          -76.5563059,
          3.3902688
        ],
        "type": "Point"
      },
      "properties": {
        "barrio": "",
        "contacto": "",
        "departamento": "",
        "direccion": "Carrera 73D #1b-53",
        "estado": "urgente",
        "fecha_corte": "2026-08-12T20:54:31Z",
        "fuente": "mapa-emergencia",
        "fuente_url": "https://mapa-emergencia.artefactofilms.workers.dev/#p=aj7yq4ra58zu",
        "id": "mapa-emergencia-eee09f8bfd",
        "municipio": "",
        "necesita": [
          "Agua",
          "Baldes",
          "Botiquín",
          "Colchonetas",
          "Comida",
          "Comida para animales",
          "Electrolitos",
          "Iglesia nueva gerusalen Lourdes",
          "Linternas",
          "Pañales",
          "Tapabocas"
        ],
        "nombre": "Carrera 73D #1b-53",
        "tipo": "rescate",
        "verificado": false
      },
      "type": "Feature"
    },
    {
      "geometry": {
        "coordinates": [
          -76.53664339150757,
          3.26507221723879
        ],
        "type": "Point"
      },
      "properties": {
        "barrio": "",
        "contacto": "",
        "departamento": "",
        "direccion": "",
        "estado": "urgente",
        "fecha_corte": "2026-08-12T20:54:31Z",
        "fuente": "mapa-emergencia",
        "fuente_url": "https://mapa-emergencia.artefactofilms.workers.dev/#p=q443f9j7kc32",
        "id": "mapa-emergencia-ef263cdf48",
        "municipio": "",
        "necesita": [
          "Bomberos Jamundi. Centro de recepción de ayudas. No se requiere personal. Solo es PMU y centralización de ayudas"
        ],
        "nombre": "Punto de acopio JAMUNDI PARQUE DE LOS CHOLADO",
        "tipo": "rescate",
        "verificado": false
      },
      "type": "Feature"
    },
    {
      "geometry": {
        "coordinates": [
          -76.5499771,
          3.4086523
        ],
        "type": "Point"
      },
      "properties": {
        "barrio": "Cuarto de legja",
        "contacto": "",
        "departamento": "",
        "direccion": "Cra 56 # 3-88",
        "estado": "urgente",
        "fecha_corte": "2026-08-12T20:54:31Z",
        "fuente": "mapa-emergencia",
        "fuente_url": "https://mapa-emergencia.artefactofilms.workers.dev/#p=geirmfzq353y",
        "id": "mapa-emergencia-eff07cec84",
        "municipio": "",
        "necesita": [
          "Baldes",
          "Palas",
          "Picas"
        ],
        "nombre": "Ana Pilar",
        "tipo": "rescate",
        "verificado": false
      },
      "type": "Feature"
    },
    {
      "geometry": {
        "coordinates": [
          -76.28178834915163,
          3.547256260755585
        ],
        "type": "Point"
      },
      "properties": {
        "barrio": "",
        "contacto": "",
        "departamento": "",
        "direccion": "Calle 4 #66B - 52",
        "estado": "urgente",
        "fecha_corte": "2026-08-12T20:54:31Z",
        "fuente": "mapa-emergencia",
        "fuente_url": "https://mapa-emergencia.artefactofilms.workers.dev/#p=9dqddw7c3bnc",
        "id": "mapa-emergencia-f09c35e559",
        "municipio": "",
        "necesita": [
          "Agua",
          "Comida",
          "Electrolitos"
        ],
        "nombre": "Calle 4 #66B - 52",
        "tipo": "rescate",
        "verificado": false
      },
      "type": "Feature"
    },
    {
      "geometry": {
        "coordinates": [
          -76.5497002,
          3.4075456
        ],
        "type": "Point"
      },
      "properties": {
        "barrio": "Cuarto de Legua",
        "contacto": "Anon",
        "departamento": "Valle del Cauca",
        "direccion": "Cuarto de Legua es el Edificio Ana del Pilar, Carrera 57 #3-88",
        "estado": "urgente",
        "fecha_corte": "2026-08-12T20:54:31Z",
        "fuente": "mapa-emergencia",
        "fuente_url": "https://mapa-emergencia.artefactofilms.workers.dev/#p=7s5ce73a7wa9",
        "id": "mapa-emergencia-f18028ead3",
        "municipio": "Cali",
        "necesita": [
          "Cascos",
          "Volqueta",
          "Voluntariado",
          "Voluntarios de apoyo (faltan 10 personas)"
        ],
        "nombre": "Cuarto de Legua es el Edificio Ana del Pilar, Carrera 57 #3-88",
        "tipo": "rescate",
        "verificado": false
      },
      "type": "Feature"
    },
    {
      "geometry": {
        "coordinates": [
          -76.5515921,
          3.3910729
        ],
        "type": "Point"
      },
      "properties": {
        "barrio": "",
        "contacto": "",
        "departamento": "",
        "direccion": "Calle 2A #74-45",
        "estado": "por-confirmar",
        "fecha_corte": "2026-08-12T20:54:31Z",
        "fuente": "mapa-emergencia",
        "fuente_url": "https://mapa-emergencia.artefactofilms.workers.dev/#p=7p84eyzc39p7",
        "id": "mapa-emergencia-f385061094",
        "municipio": "",
        "necesita": [],
        "nombre": "Calle 2A #74-45",
        "tipo": "rescate",
        "verificado": false
      },
      "type": "Feature"
    },
    {
      "geometry": {
        "coordinates": [
          -76.55472207822028,
          3.3751407987068873
        ],
        "type": "Point"
      },
      "properties": {
        "barrio": "",
        "contacto": "",
        "departamento": "",
        "direccion": "Av. Roosevelt #39A-36",
        "estado": "urgente",
        "fecha_corte": "2026-08-12T20:54:31Z",
        "fuente": "mapa-emergencia",
        "fuente_url": "https://mapa-emergencia.artefactofilms.workers.dev/#p=p7364ugw9m87",
        "id": "mapa-emergencia-f38f299707",
        "municipio": "",
        "necesita": [],
        "nombre": "Av. Roosevelt #39A-36",
        "tipo": "rescate",
        "verificado": false
      },
      "type": "Feature"
    },
    {
      "geometry": {
        "coordinates": [
          -76.5507623,
          3.4208045
        ],
        "type": "Point"
      },
      "properties": {
        "barrio": "",
        "contacto": "3183130402",
        "departamento": "",
        "direccion": "Carrera 44 #9-25",
        "estado": "urgente",
        "fecha_corte": "2026-08-12T20:54:31Z",
        "fuente": "mapa-emergencia",
        "fuente_url": "https://mapa-emergencia.artefactofilms.workers.dev/#p=znfu9uud",
        "id": "mapa-emergencia-f3a559b483",
        "municipio": "",
        "necesita": [
          "Gafas de seguridad",
          "Linternas"
        ],
        "nombre": "Corporación educativa adventista",
        "tipo": "rescate",
        "verificado": false
      },
      "type": "Feature"
    },
    {
      "geometry": {
        "coordinates": [
          -76.53390662887887,
          3.4092619525044072
        ],
        "type": "Point"
      },
      "properties": {
        "barrio": "",
        "contacto": "",
        "departamento": "",
        "direccion": "Edificio de los colores Cl. 5d #38A-35, San Fernando, Cali, Valle del Cauca",
        "estado": "urgente",
        "fecha_corte": "2026-08-12T20:54:31Z",
        "fuente": "mapa-emergencia",
        "fuente_url": "https://mapa-emergencia.artefactofilms.workers.dev/#p=2unsqdw47jsz",
        "id": "mapa-emergencia-f43189dc50",
        "municipio": "",
        "necesita": [
          "Discos de Diamante para Pulidora",
          "Hielo"
        ],
        "nombre": "Edificio de los colores Cl. 5d #38A-35, San Fernando, Cali, Valle del Cauca",
        "tipo": "rescate",
        "verificado": false
      },
      "type": "Feature"
    },
    {
      "geometry": {
        "coordinates": [
          -75.934396,
          4.2645071
        ],
        "type": "Point"
      },
      "properties": {
        "barrio": "",
        "contacto": "",
        "departamento": "",
        "direccion": "Sevilla",
        "estado": "urgente",
        "fecha_corte": "2026-08-12T20:54:31Z",
        "fuente": "mapa-emergencia",
        "fuente_url": "https://mapa-emergencia.artefactofilms.workers.dev/#p=57n5rjpdab58",
        "id": "mapa-emergencia-f4709d3e33",
        "municipio": "",
        "necesita": [
          "Agua",
          "Baldes",
          "Barras de demolición",
          "Carpas",
          "Cintas de seguridad",
          "Colchonetas",
          "Comida",
          "Comida para animales",
          "Discos de pulidora",
          "Electrolitos",
          "Gafas de seguridad",
          "Guantes de obra",
          "Linternas",
          "Palas",
          "Pañales",
          "Percutores",
          "Picas",
          "Porras",
          "Tapabocas",
          "Voluntarios"
        ],
        "nombre": "Sevilla",
        "tipo": "rescate",
        "verificado": false
      },
      "type": "Feature"
    },
    {
      "geometry": {
        "coordinates": [
          -76.546,
          3.429
        ],
        "type": "Point"
      },
      "properties": {
        "barrio": "",
        "contacto": "",
        "departamento": "",
        "direccion": "",
        "estado": "urgente",
        "fecha_corte": "2026-08-12T20:54:31Z",
        "fuente": "mapa-emergencia",
        "fuente_url": "https://mapa-emergencia.artefactofilms.workers.dev/#p=5saeif7u",
        "id": "mapa-emergencia-f48e1f6d54",
        "municipio": "",
        "necesita": [],
        "nombre": "Cruz Roja Valle",
        "tipo": "acopio",
        "verificado": false
      },
      "type": "Feature"
    },
    {
      "geometry": {
        "coordinates": [
          -76.54531627876453,
          3.4272772073938937
        ],
        "type": "Point"
      },
      "properties": {
        "barrio": "",
        "contacto": "",
        "departamento": "",
        "direccion": "Carrera 38 Bis #5-91 San Fernando",
        "estado": "urgente",
        "fecha_corte": "2026-08-12T20:54:31Z",
        "fuente": "mapa-emergencia",
        "fuente_url": "https://mapa-emergencia.artefactofilms.workers.dev/#p=u83r7mzazywg",
        "id": "mapa-emergencia-f4964c7ebd",
        "municipio": "",
        "necesita": [],
        "nombre": "Carrera 38 Bis #5-91 San Fernando",
        "tipo": "rescate",
        "verificado": false
      },
      "type": "Feature"
    },
    {
      "geometry": {
        "coordinates": [
          -76.5575903951673,
          3.3717190013075107
        ],
        "type": "Point"
      },
      "properties": {
        "barrio": "",
        "contacto": "",
        "departamento": "",
        "direccion": "Altos de Santa Elena Meléndez",
        "estado": "urgente",
        "fecha_corte": "2026-08-12T20:54:31Z",
        "fuente": "mapa-emergencia",
        "fuente_url": "https://mapa-emergencia.artefactofilms.workers.dev/#p=tannjhsnc3gb",
        "id": "mapa-emergencia-f6906c2567",
        "municipio": "",
        "necesita": [
          "Carpas",
          "Colchonetas",
          "Pañales",
          "Tapabocas"
        ],
        "nombre": "Altos de Santa Elena Meléndez",
        "tipo": "rescate",
        "verificado": false
      },
      "type": "Feature"
    },
    {
      "geometry": {
        "coordinates": [
          -76.5471727,
          3.3934234
        ],
        "type": "Point"
      },
      "properties": {
        "barrio": "",
        "contacto": "",
        "departamento": "",
        "direccion": "Carrera 71 # 2B-32",
        "estado": "urgente",
        "fecha_corte": "2026-08-12T20:54:31Z",
        "fuente": "mapa-emergencia",
        "fuente_url": "https://mapa-emergencia.artefactofilms.workers.dev/#p=yigj4sy8e2fc",
        "id": "mapa-emergencia-f788a8e1e6",
        "municipio": "",
        "necesita": [],
        "nombre": "Carrera 71 # 2B-32",
        "tipo": "rescate",
        "verificado": false
      },
      "type": "Feature"
    },
    {
      "geometry": {
        "coordinates": [
          -76.4880383,
          3.4194446
        ],
        "type": "Point"
      },
      "properties": {
        "barrio": "",
        "contacto": "",
        "departamento": "",
        "direccion": "Cra 28D #72W-14 #, Cali, Valle del Cauca",
        "estado": "urgente",
        "fecha_corte": "2026-08-12T20:54:31Z",
        "fuente": "mapa-emergencia",
        "fuente_url": "https://mapa-emergencia.artefactofilms.workers.dev/#p=uciiemei65zh",
        "id": "mapa-emergencia-f7d5151d85",
        "municipio": "",
        "necesita": [
          "bomberos",
          "ejército",
          "policía"
        ],
        "nombre": "Cra 28D #72W-14 #, Cali, Valle del Cauca",
        "tipo": "rescate",
        "verificado": false
      },
      "type": "Feature"
    },
    {
      "geometry": {
        "coordinates": [
          -76.5523416,
          3.3770544
        ],
        "type": "Point"
      },
      "properties": {
        "barrio": "",
        "contacto": "",
        "departamento": "",
        "direccion": "Carrera 94 Calle 2 Oeste, Sede Comunal Altos de Jordan",
        "estado": "urgente",
        "fecha_corte": "2026-08-12T20:54:31Z",
        "fuente": "mapa-emergencia",
        "fuente_url": "https://mapa-emergencia.artefactofilms.workers.dev/#p=z8tfi52tmu7s",
        "id": "mapa-emergencia-f84868893d",
        "municipio": "",
        "necesita": [
          "Colchonetas",
          "Costales",
          "Gafas de seguridad",
          "Guantes de obra",
          "Linternas",
          "Palas",
          "Se Callo Casa en alto jordan",
          "Tapabocas",
          "carpas colchonetas",
          "cascos",
          "muchos costales para escombros"
        ],
        "nombre": "Carrera 94 Calle 2 Oeste, Sede Comunal Altos de Jordan",
        "tipo": "rescate",
        "verificado": false
      },
      "type": "Feature"
    },
    {
      "geometry": {
        "coordinates": [
          -76.4789517,
          3.4754271
        ],
        "type": "Point"
      },
      "properties": {
        "barrio": "",
        "contacto": "",
        "departamento": "",
        "direccion": "NECESITAMOS SABER A DONDE LLEVARLOS SON 50 ALMUERZOS",
        "estado": "urgente",
        "fecha_corte": "2026-08-12T20:54:31Z",
        "fuente": "mapa-emergencia",
        "fuente_url": "https://mapa-emergencia.artefactofilms.workers.dev/#p=ahcryyv73qw5",
        "id": "mapa-emergencia-f85dc72bd4",
        "municipio": "",
        "necesita": [
          "Comida"
        ],
        "nombre": "NECESITAMOS SABER A DONDE LLEVARLOS SON 50 ALMUERZOS",
        "tipo": "rescate",
        "verificado": false
      },
      "type": "Feature"
    },
    {
      "geometry": {
        "coordinates": [
          -76.5397724,
          3.4162846
        ],
        "type": "Point"
      },
      "properties": {
        "barrio": "Departamental",
        "contacto": "",
        "departamento": "",
        "direccion": "Hotel metrópolis",
        "estado": "activo",
        "fecha_corte": "2026-08-12T20:54:31Z",
        "fuente": "mapa-emergencia",
        "fuente_url": "https://mapa-emergencia.artefactofilms.workers.dev/#p=k436mddij4sq",
        "id": "mapa-emergencia-f93bde6fe1",
        "municipio": "",
        "necesita": [
          "Cascos",
          "Gafas de seguridad"
        ],
        "nombre": "Hotel metrópolis",
        "tipo": "rescate",
        "verificado": false
      },
      "type": "Feature"
    },
    {
      "geometry": {
        "coordinates": [
          -75.3054568,
          9.3336624
        ],
        "type": "Point"
      },
      "properties": {
        "barrio": "",
        "contacto": "315 4310054",
        "departamento": "",
        "direccion": "Barrio Sucre",
        "estado": "activo",
        "fecha_corte": "2026-08-12T20:54:31Z",
        "fuente": "mapa-emergencia",
        "fuente_url": "https://mapa-emergencia.artefactofilms.workers.dev/#p=qcbr63d8",
        "id": "mapa-emergencia-f968bb0fd9",
        "municipio": "",
        "necesita": [
          "Veterinario"
        ],
        "nombre": "Barrio Sucre — perrita con pata fracturada",
        "tipo": "veterinario",
        "verificado": false
      },
      "type": "Feature"
    },
    {
      "geometry": {
        "coordinates": [
          -76.5664334,
          3.4538969
        ],
        "type": "Point"
      },
      "properties": {
        "barrio": "",
        "contacto": "",
        "departamento": "",
        "direccion": "AV 7 OESTE # 23B -22! TERRÓN COLORADO",
        "estado": "por-confirmar",
        "fecha_corte": "2026-08-12T20:54:31Z",
        "fuente": "mapa-emergencia",
        "fuente_url": "https://mapa-emergencia.artefactofilms.workers.dev/#p=3wm8pz6uesz8",
        "id": "mapa-emergencia-f9a6394a47",
        "municipio": "",
        "necesita": [
          "Comida para animales"
        ],
        "nombre": "AV 7 OESTE # 23B -22! TERRÓN COLORADO",
        "tipo": "rescate",
        "verificado": false
      },
      "type": "Feature"
    },
    {
      "geometry": {
        "coordinates": [
          -76.18666559543894,
          4.077297109091204
        ],
        "type": "Point"
      },
      "properties": {
        "barrio": "",
        "contacto": "",
        "departamento": "",
        "direccion": "Fenicia",
        "estado": "urgente",
        "fecha_corte": "2026-08-12T20:54:31Z",
        "fuente": "mapa-emergencia",
        "fuente_url": "https://mapa-emergencia.artefactofilms.workers.dev/#p=m2uzimypfqiu",
        "id": "mapa-emergencia-f9eebead68",
        "municipio": "",
        "necesita": [
          "Agua",
          "Baldes",
          "Barras de demolición",
          "Botiquín",
          "Carpas",
          "Colchonetas",
          "Comida",
          "Comida para animales",
          "Costales",
          "Discos de pulidora",
          "Electrolitos",
          "Gafas de seguridad",
          "Guantes de obra",
          "Linternas",
          "Palas",
          "Pañales",
          "Picas",
          "Porras",
          "Tapabocas",
          "Voluntarios"
        ],
        "nombre": "Fenicia",
        "tipo": "rescate",
        "verificado": false
      },
      "type": "Feature"
    },
    {
      "geometry": {
        "coordinates": [
          -76.5047582,
          3.4636897
        ],
        "type": "Point"
      },
      "properties": {
        "barrio": "",
        "contacto": "3053397786",
        "departamento": "",
        "direccion": "Cra 3b 45-12 Salomia",
        "estado": "activo",
        "fecha_corte": "2026-08-12T20:54:31Z",
        "fuente": "mapa-emergencia",
        "fuente_url": "https://mapa-emergencia.artefactofilms.workers.dev/#p=c4vefpfiv7hm",
        "id": "mapa-emergencia-fae51b4063",
        "municipio": "",
        "necesita": [
          "Batas desechables",
          "Bravecto",
          "Comida para animales",
          "Desparasitantes internos",
          "Nexgard spectra",
          "Test parvovirus",
          "agua",
          "cobijas",
          "comida húmeda gato y perro",
          "gasa",
          "lacto reemplazadores",
          "test distempermoquillo",
          "unitral",
          "vitaminas"
        ],
        "nombre": "norte Cali ayudas para llevar a Cali, Chocó y Pereira",
        "tipo": "acopio",
        "verificado": false
      },
      "type": "Feature"
    },
    {
      "geometry": {
        "coordinates": [
          -76.53248475515285,
          3.437065792884993
        ],
        "type": "Point"
      },
      "properties": {
        "barrio": "",
        "contacto": "",
        "departamento": "",
        "direccion": "calle 9a # 22-66",
        "estado": "urgente",
        "fecha_corte": "2026-08-12T20:54:31Z",
        "fuente": "mapa-emergencia",
        "fuente_url": "https://mapa-emergencia.artefactofilms.workers.dev/#p=rj8gcibbnm8x",
        "id": "mapa-emergencia-fb602ee059",
        "municipio": "",
        "necesita": [],
        "nombre": "calle 9a # 22-66",
        "tipo": "rescate",
        "verificado": false
      },
      "type": "Feature"
    },
    {
      "geometry": {
        "coordinates": [
          -74.1320049,
          4.6270932
        ],
        "type": "Point"
      },
      "properties": {
        "barrio": "",
        "contacto": "",
        "departamento": "",
        "direccion": "Oxxo calle 44",
        "estado": "urgente",
        "fecha_corte": "2026-08-12T20:54:31Z",
        "fuente": "mapa-emergencia",
        "fuente_url": "https://mapa-emergencia.artefactofilms.workers.dev/#p=xcw64he2srg8",
        "id": "mapa-emergencia-fb6fd8c35c",
        "municipio": "",
        "necesita": [
          "NO SE NECESITA NADA"
        ],
        "nombre": "Oxxo calle 44",
        "tipo": "rescate",
        "verificado": false
      },
      "type": "Feature"
    },
    {
      "geometry": {
        "coordinates": [
          -75.0331812,
          5.3380668
        ],
        "type": "Point"
      },
      "properties": {
        "barrio": "",
        "contacto": "",
        "departamento": "",
        "direccion": "Vereda Lituania el Dovio valle",
        "estado": "urgente",
        "fecha_corte": "2026-08-12T20:54:31Z",
        "fuente": "mapa-emergencia",
        "fuente_url": "https://mapa-emergencia.artefactofilms.workers.dev/#p=nsnr8fmfp4z5",
        "id": "mapa-emergencia-fee58b9fc8",
        "municipio": "",
        "necesita": [
          "Agua",
          "Botiquín",
          "Colchonetas",
          "Comida",
          "Comida para animales",
          "Gafas de seguridad",
          "Guantes de obra",
          "Linternas",
          "Palas",
          "Pañales",
          "Picas",
          "Porras"
        ],
        "nombre": "Vereda Lituania el Dovio valle",
        "tipo": "rescate",
        "verificado": false
      },
      "type": "Feature"
    },
    {
      "geometry": {
        "coordinates": [
          -77.2883829,
          1.2305396
        ],
        "type": "Point"
      },
      "properties": {
        "barrio": "",
        "contacto": "",
        "departamento": "",
        "direccion": "Condominio Terranova",
        "estado": "por-confirmar",
        "fecha_corte": "2026-08-12T20:54:31Z",
        "fuente": "mapa-emergencia",
        "fuente_url": "https://mapa-emergencia.artefactofilms.workers.dev/#p=nk4zgyzraynx",
        "id": "mapa-emergencia-ff0c0c8438",
        "municipio": "",
        "necesita": [
          "Agua",
          "Botiquín",
          "Carpas",
          "Cintas de seguridad",
          "Colchonetas",
          "Comida",
          "Comida para animales",
          "Electrolitos",
          "Guantes de obra",
          "Leche UTH",
          "Linternas",
          "Pañales",
          "Tapers"
        ],
        "nombre": "Donaciones para Roldanillo",
        "tipo": "acopio",
        "verificado": false
      },
      "type": "Feature"
    },
    {
      "geometry": {
        "coordinates": [
          -76.54260263562956,
          3.4156660020358545
        ],
        "type": "Point"
      },
      "properties": {
        "barrio": "",
        "contacto": "",
        "departamento": "",
        "direccion": "Edificio Cantabria",
        "estado": "urgente",
        "fecha_corte": "2026-08-12T20:54:31Z",
        "fuente": "mapa-emergencia",
        "fuente_url": "https://mapa-emergencia.artefactofilms.workers.dev/#p=654gz5ya5tqt",
        "id": "mapa-emergencia-ffbf72e3f8",
        "municipio": "",
        "necesita": [
          "Electrolitos",
          "Escaleras",
          "Gasolina",
          "Hielo",
          "Linternas",
          "acpm",
          "electrolic",
          "gatorede",
          "nevera"
        ],
        "nombre": "Edificio Cantabria",
        "tipo": "rescate",
        "verificado": false
      },
      "type": "Feature"
    },
    {
      "geometry": {
        "coordinates": [
          -76.538518,
          3.427267
        ],
        "type": "Point"
      },
      "properties": {
        "barrio": "",
        "contacto": "",
        "departamento": "",
        "direccion": "",
        "estado": "urgente",
        "fecha_corte": "2026-08-12T20:54:29Z",
        "fuente": "sismoinfo",
        "fuente_url": "https://sismoinfo.co/",
        "id": "sismoinfo-2243ffa861",
        "municipio": "",
        "necesita": [],
        "nombre": "CLINICA REY DAVID",
        "tipo": "rescate",
        "verificado": false
      },
      "type": "Feature"
    },
    {
      "geometry": {
        "coordinates": [
          -75.739195,
          4.813162
        ],
        "type": "Point"
      },
      "properties": {
        "barrio": "",
        "contacto": "",
        "departamento": "",
        "direccion": "",
        "estado": "urgente",
        "fecha_corte": "2026-08-12T20:54:29Z",
        "fuente": "sismoinfo",
        "fuente_url": "https://sismoinfo.co/",
        "id": "sismoinfo-3a545ee524",
        "municipio": "",
        "necesita": [],
        "nombre": "PEREIRA: AEROPUERTO",
        "tipo": "rescate",
        "verificado": false
      },
      "type": "Feature"
    },
    {
      "geometry": {
        "coordinates": [
          -76.532,
          3.4516
        ],
        "type": "Point"
      },
      "properties": {
        "barrio": "",
        "contacto": "",
        "departamento": "",
        "direccion": "",
        "estado": "urgente",
        "fecha_corte": "2026-08-12T20:54:29Z",
        "fuente": "sismoinfo",
        "fuente_url": "https://sismoinfo.co/",
        "id": "sismoinfo-5ffa06dec1",
        "municipio": "",
        "necesita": [],
        "nombre": "EDIFICIO MARISOL",
        "tipo": "rescate",
        "verificado": false
      },
      "type": "Feature"
    },
    {
      "geometry": {
        "coordinates": [
          -76.527496,
          3.431624
        ],
        "type": "Point"
      },
      "properties": {
        "barrio": "",
        "contacto": "",
        "departamento": "",
        "direccion": "",
        "estado": "urgente",
        "fecha_corte": "2026-08-12T20:54:29Z",
        "fuente": "sismoinfo",
        "fuente_url": "https://sismoinfo.co/",
        "id": "sismoinfo-7bdc0808e5",
        "municipio": "",
        "necesita": [],
        "nombre": "Sector La Luna",
        "tipo": "rescate",
        "verificado": false
      },
      "type": "Feature"
    },
    {
      "geometry": {
        "coordinates": [
          -76.546145617,
          3.3934102
        ],
        "type": "Point"
      },
      "properties": {
        "barrio": "",
        "contacto": "",
        "departamento": "",
        "direccion": "",
        "estado": "urgente",
        "fecha_corte": "2026-08-12T20:54:29Z",
        "fuente": "sismoinfo",
        "fuente_url": "https://sismoinfo.co/",
        "id": "sismoinfo-8d49c66f97",
        "municipio": "",
        "necesita": [],
        "nombre": "CALLE 10 con CRA 71",
        "tipo": "rescate",
        "verificado": false
      },
      "type": "Feature"
    },
    {
      "geometry": {
        "coordinates": [
          -76.521878,
          3.469344
        ],
        "type": "Point"
      },
      "properties": {
        "barrio": "",
        "contacto": "",
        "departamento": "",
        "direccion": "",
        "estado": "urgente",
        "fecha_corte": "2026-08-12T20:54:29Z",
        "fuente": "sismoinfo",
        "fuente_url": "https://sismoinfo.co/",
        "id": "sismoinfo-8ef058bccb",
        "municipio": "",
        "necesita": [],
        "nombre": "CLINICA CALI",
        "tipo": "rescate",
        "verificado": false
      },
      "type": "Feature"
    },
    {
      "geometry": {
        "coordinates": [
          -76.549731,
          3.406808
        ],
        "type": "Point"
      },
      "properties": {
        "barrio": "",
        "contacto": "",
        "departamento": "Valle del Cauca",
        "direccion": "Calle 3 # 55 B 72 Barrio Cuarto de Legua",
        "estado": "urgente",
        "fecha_corte": "2026-08-12T20:54:29Z",
        "fuente": "sismoinfo",
        "fuente_url": "https://sismoinfo.co/",
        "id": "sismoinfo-8f0b250074",
        "municipio": "Cali",
        "necesita": [],
        "nombre": "Conjunto Residencial Guadalupe",
        "tipo": "rescate",
        "verificado": false
      },
      "type": "Feature"
    },
    {
      "geometry": {
        "coordinates": [
          -76.534801,
          3.455019
        ],
        "type": "Point"
      },
      "properties": {
        "barrio": "",
        "contacto": "",
        "departamento": "Valle del Cauca",
        "direccion": "",
        "estado": "cubierto",
        "fecha_corte": "2026-08-12T20:54:29Z",
        "fuente": "sismoinfo",
        "fuente_url": "https://sismoinfo.co/",
        "id": "sismoinfo-902e0a8d39",
        "municipio": "Cali",
        "necesita": [],
        "nombre": "PLAZOLETA JAIRO VARELA",
        "tipo": "info",
        "verificado": false
      },
      "type": "Feature"
    },
    {
      "geometry": {
        "coordinates": [
          -75.684332,
          4.81185
        ],
        "type": "Point"
      },
      "properties": {
        "barrio": "",
        "contacto": "",
        "departamento": "Risaralda",
        "direccion": "",
        "estado": "cubierto",
        "fecha_corte": "2026-08-12T20:54:29Z",
        "fuente": "sismoinfo",
        "fuente_url": "https://sismoinfo.co/",
        "id": "sismoinfo-99164f6469",
        "municipio": "Pereira",
        "necesita": [],
        "nombre": "carrera 9 calle 7 - Pereira",
        "tipo": "info",
        "verificado": false
      },
      "type": "Feature"
    },
    {
      "geometry": {
        "coordinates": [
          -76.665402,
          3.523564
        ],
        "type": "Point"
      },
      "properties": {
        "barrio": "",
        "contacto": "",
        "departamento": "",
        "direccion": "",
        "estado": "cubierto",
        "fecha_corte": "2026-08-12T20:54:29Z",
        "fuente": "sismoinfo",
        "fuente_url": "https://sismoinfo.co/",
        "id": "sismoinfo-a0ca5acd97",
        "municipio": "",
        "necesita": [],
        "nombre": "CRA 41 CON SEPTIMA",
        "tipo": "info",
        "verificado": false
      },
      "type": "Feature"
    },
    {
      "geometry": {
        "coordinates": [
          -76.532,
          3.4516
        ],
        "type": "Point"
      },
      "properties": {
        "barrio": "",
        "contacto": "",
        "departamento": "",
        "direccion": "",
        "estado": "urgente",
        "fecha_corte": "2026-08-12T20:54:29Z",
        "fuente": "sismoinfo",
        "fuente_url": "https://sismoinfo.co/",
        "id": "sismoinfo-a64bf11a67",
        "municipio": "",
        "necesita": [],
        "nombre": "CLINICA ALBA",
        "tipo": "rescate",
        "verificado": false
      },
      "type": "Feature"
    },
    {
      "geometry": {
        "coordinates": [
          -76.543932,
          3.422168
        ],
        "type": "Point"
      },
      "properties": {
        "barrio": "",
        "contacto": "",
        "departamento": "Valle del Cauca",
        "direccion": "",
        "estado": "cubierto",
        "fecha_corte": "2026-08-12T20:54:29Z",
        "fuente": "sismoinfo",
        "fuente_url": "https://sismoinfo.co/",
        "id": "sismoinfo-b8715f3012",
        "municipio": "Cali",
        "necesita": [],
        "nombre": "Carrera 39a#5d-09 edifico Mirasol",
        "tipo": "info",
        "verificado": false
      },
      "type": "Feature"
    },
    {
      "geometry": {
        "coordinates": [
          -76.532,
          3.4516
        ],
        "type": "Point"
      },
      "properties": {
        "barrio": "",
        "contacto": "",
        "departamento": "",
        "direccion": "",
        "estado": "cubierto",
        "fecha_corte": "2026-08-12T20:54:29Z",
        "fuente": "sismoinfo",
        "fuente_url": "https://sismoinfo.co/",
        "id": "sismoinfo-babcfa3ee5",
        "municipio": "",
        "necesita": [],
        "nombre": "CARRERA 44 CON 9",
        "tipo": "info",
        "verificado": false
      },
      "type": "Feature"
    },
    {
      "geometry": {
        "coordinates": [
          -76.532,
          3.4516
        ],
        "type": "Point"
      },
      "properties": {
        "barrio": "",
        "contacto": "",
        "departamento": "",
        "direccion": "",
        "estado": "urgente",
        "fecha_corte": "2026-08-12T20:54:29Z",
        "fuente": "sismoinfo",
        "fuente_url": "https://sismoinfo.co/",
        "id": "sismoinfo-c8280e3dff",
        "municipio": "",
        "necesita": [],
        "nombre": "CARRERA 9 CON 53",
        "tipo": "rescate",
        "verificado": false
      },
      "type": "Feature"
    },
    {
      "geometry": {
        "coordinates": [
          -76.532,
          3.4516
        ],
        "type": "Point"
      },
      "properties": {
        "barrio": "",
        "contacto": "",
        "departamento": "",
        "direccion": "",
        "estado": "urgente",
        "fecha_corte": "2026-08-12T20:54:29Z",
        "fuente": "sismoinfo",
        "fuente_url": "https://sismoinfo.co/",
        "id": "sismoinfo-d5d50b618c",
        "municipio": "",
        "necesita": [],
        "nombre": "CALLE 5 CON 57",
        "tipo": "rescate",
        "verificado": false
      },
      "type": "Feature"
    },
    {
      "geometry": {
        "coordinates": [
          -76.529072,
          3.389846
        ],
        "type": "Point"
      },
      "properties": {
        "barrio": "",
        "contacto": "",
        "departamento": "Valle del Cauca",
        "direccion": "Cra72#10 bis - 21",
        "estado": "urgente",
        "fecha_corte": "2026-08-12T20:54:29Z",
        "fuente": "sismoinfo",
        "fuente_url": "https://sismoinfo.co/",
        "id": "sismoinfo-e012c90bbf",
        "municipio": "Cali",
        "necesita": [],
        "nombre": "TORRES DEL LIMONAR",
        "tipo": "rescate",
        "verificado": false
      },
      "type": "Feature"
    },
    {
      "geometry": {
        "coordinates": [
          -76.545757,
          3.419484
        ],
        "type": "Point"
      },
      "properties": {
        "barrio": "",
        "contacto": "",
        "departamento": "",
        "direccion": "",
        "estado": "cubierto",
        "fecha_corte": "2026-08-12T20:54:29Z",
        "fuente": "sismoinfo",
        "fuente_url": "https://sismoinfo.co/",
        "id": "sismoinfo-e83bfbbe10",
        "municipio": "",
        "necesita": [],
        "nombre": "CLINICA SANITAS TEQUENDAMA",
        "tipo": "info",
        "verificado": false
      },
      "type": "Feature"
    }
  ],
  "generado": "2026-08-12T20:54:29Z",
  "licencia": "CC BY 4.0 — datos abiertos de Alianzas por Colombia. Cita la fuente de cada ítem.",
  "type": "FeatureCollection"
}
